#VRML V2.0 utf8
# 3D model generated by kicad-lcsc-manager
# Based on easyeda2kicad.py v1.0.1

Shape{
    appearance Appearance {
        material  Material {
            diffuseColor 0.8509803921568627 0.8509803921568627 0.8509803921568627
            specularColor 0.4235294117647059 0.4235294117647059 0.4235294117647059
            ambientIntensity 0.851
            transparency 0.0
            shininess 0.5
        }
    }
    geometry IndexedFaceSet {
        ccw TRUE
        solid FALSE
        coord DEF co Coordinate {
            point [
                -0.0388 -0.0153 -0.0, -0.0388 0.6913 -0.0, 0.0859 0.6913 -0.0, 1.7138 0.0464 -0.0, 1.6951 -0.0153 -0.0, 1.4273 -0.0153 -0.0, 0.1705 0.8701 -0.0, 0.1899 0.8679 -0.0, 0.1279 0.7223 -0.0, 0.1244 0.8839 -0.0, 0.0859 0.8905 -0.0, 0.1472 0.8901 -0.0, 0.1533 0.8905 -0.0, 0.1466 0.867 -0.0, 0.1244 0.7243 -0.0, 0.1244 0.8575 -0.0, 0.1244 0.7027 -0.0, 0.086 0.6925 -0.0, 0.086 0.8893 -0.0, 0.2046 0.8626 -0.0, 0.2182 0.8535 -0.0, 0.2301 0.8404 -0.0, 0.2444 0.7888 -0.0, 0.2424 0.7675 -0.0, 0.2371 0.7505 -0.0, 0.1933 0.7137 -0.0, 0.1749 0.7117 -0.0, 0.2076 0.719 -0.0, 0.2197 0.7272 -0.0, 0.2289 0.7369 -0.0, 0.1488 0.7146 -0.0, 0.2382 0.8252 -0.0, 0.2435 0.8041 -0.0, 0.1854 0.8905 -0.0, 0.2188 2.2424 -0.0, 0.2792 2.2321 -0.0, 0.2219 0.6991 -0.0, 0.2377 0.7093 -0.0, 0.2792 0.6913 -0.0, 0.2792 0.8905 -0.0, 0.2489 0.8559 -0.0, 0.2311 0.873 -0.0, 0.2708 0.7872 -0.0, 0.268 0.8152 -0.0, 0.2604 0.8375 -0.0, 0.2124 0.8837 -0.0, 0.1905 0.8901 -0.0, 0.2525 0.7248 -0.0, 0.263 0.7435 -0.0, 0.2689 0.7644 -0.0, 0.1732 0.6902 -0.0, 0.1786 0.6901 -0.0, 0.2792 -0.0153 -0.0, 0.1901 0.6913 -0.0, 0.2028 0.6926 -0.0, 0.0859 0.8893 -0.0, -0.0148 0.8893 -0.0, -0.0388 0.8905 -0.0, -0.0148 0.8677 -0.0, 0.0596 0.8677 -0.0, 0.0596 0.8029 -0.0, -0.01 0.8029 -0.0, -0.01 0.7813 -0.0, 0.0596 0.7813 -0.0, 0.0596 0.7141 -0.0, -0.0196 0.7141 -0.0, -0.0196 0.6925 -0.0, 0.0859 0.6925 -0.0, -1.4765 1.4681 -0.0, -1.383 1.5955 -0.0, -0.6614 0.8905 -0.0, -1.3754 1.6077 -0.0, -1.371 1.6214 -0.0, -1.1679 1.8544 -0.0, -1.1538 1.8519 -0.0, -1.1395 1.8529 -0.0, -1.1258 1.8573 -0.0, -1.1136 1.8649 -0.0, -0.9862 1.9584 -0.0, -0.8509 2.0401 -0.0, -1.37 1.6357 -0.0, -1.3725 1.6498 -0.0, -1.3784 1.6629 -0.0, -1.7566 0.7359 -0.0, -1.7273 0.8905 -0.0, -1.7272 0.8912 -0.0, -1.6841 1.0432 -0.0, -1.6276 1.1908 -0.0, -1.5583 1.3328 -0.0, -1.5479 1.8627 -0.0, -1.3808 2.0298 -0.0, -1.353 2.0298 -0.0, -1.3768 2.0329 -0.0, -1.551 1.8586 -0.0, -1.5479 1.8349 -0.0, -1.3872 1.6743 -0.0, -1.1924 1.8691 -0.0, -1.1811 1.8603 -0.0, -1.551 1.839 -0.0, -1.553 1.8437 -0.0, -1.5536 1.8488 -0.0, -1.372 2.0348 -0.0, -1.3669 2.0355 -0.0, -1.553 1.8539 -0.0, -1.3618 2.0348 -0.0, -1.3571 2.0329 -0.0, -1.0471 0.5614 -0.0, -1.0654 0.5473 -0.0, -1.7609 0.6913 -0.0, -0.9402 0.4221 -0.0, -0.6614 -0.0153 -0.0, -0.9585 0.408 -0.0, -0.9799 0.3991 -0.0, -1.0654 0.4221 -0.0, -1.7013 -0.0153 -0.0, -1.0795 0.4404 -0.0, -1.7338 0.1073 -0.0, -1.0884 0.4618 -0.0, -1.7605 0.2631 -0.0, -1.0914 0.4847 -0.0, -1.0471 0.408 -0.0, -1.0257 0.3991 -0.0, -1.0028 0.3961 -0.0, -0.9172 0.5076 -0.0, -0.9261 0.529 -0.0, -0.6614 0.6913 -0.0, -0.9402 0.5473 -0.0, -0.9585 0.5614 -0.0, -1.0795 0.529 -0.0, -1.0884 0.5076 -0.0, -1.772 0.5786 -0.0, -1.7733 0.4206 -0.0, -0.9261 0.4404 -0.0, -0.9172 0.4618 -0.0, -0.9142 0.4847 -0.0, -0.9799 0.5703 -0.0, -1.0028 0.5733 -0.0, -1.0257 0.5703 -0.0, -1.4929 -0.4737 -0.0, -1.5723 -0.3371 -0.0, -1.6393 -0.194 -0.0, -1.6933 -0.0454 -0.0, -1.1863 -0.8337 -0.0, -1.2991 -0.723 -0.0, -1.4015 -0.6027 -0.0, -0.7954 -1.0998 -0.0, -0.9335 -1.0228 -0.0, -0.6614 -0.9454 -0.0, -1.0472 -0.9454 -0.0, -1.0641 -0.9339 -0.0, -0.5016 -1.2153 -0.0, -0.6511 -1.1641 -0.0, -0.6614 -1.1595 -0.0, -0.0388 -0.9454 -0.0, -0.1919 -1.2768 -0.0, -0.2237 -0.9454 -0.0, -0.2237 -1.272 -0.0, -0.3481 -1.253 -0.0, 0.1238 -1.2824 -0.0, 0.0859 -1.2834 -0.0, 0.0859 -0.9454 -0.0, -0.0341 -1.2867 -0.0, -0.0388 -1.2864 -0.0, 0.6485 -1.161 -0.0, 0.5868 -1.186 -0.0, 0.2792 -0.9454 -0.0, 0.4355 -1.2319 -0.0, 0.2808 -1.2641 -0.0, 1.0406 -0.9454 -0.0, 1.0077 -0.9705 -0.0, 0.6485 -0.9454 -0.0, 0.874 -1.0548 -0.0, 0.7333 -1.1268 -0.0, 1.1333 -0.8747 -0.0, 0.6485 -0.0153 -0.0, 1.2499 -0.7681 -0.0, 1.6679 -0.1049 -0.0, 1.6087 -0.2514 -0.0, 1.5367 -0.3921 -0.0, 1.4524 -0.5258 -0.0, 1.4273 -0.5587 -0.0, 1.3566 -0.6514 -0.0, 1.7349 0.83 -0.0, 1.7561 0.6913 -0.0, 1.4273 0.6913 -0.0, 1.7587 0.6737 -0.0, 1.7686 0.516 -0.0, 1.7643 0.358 -0.0, 1.746 0.2011 -0.0, 1.646 1.133 -0.0, 1.4273 0.8905 -0.0, 1.5817 1.2773 -0.0, 1.5047 1.4153 -0.0, 1.6972 0.9834 -0.0, 1.72 0.8905 -0.0, 0.5273 2.1752 -0.0, 0.6485 2.1311 -0.0, 0.6485 0.8905 -0.0, 0.6758 2.1212 -0.0, 0.819 2.0542 -0.0, 0.9556 1.9747 -0.0, 1.0845 1.8834 -0.0, 1.2049 1.781 -0.0, 1.3156 1.6682 -0.0, 1.4158 1.546 -0.0, 1.4273 1.5291 -0.0, 0.3746 2.2157 -0.0, 0.1707 0.8917 -0.0, 0.0859 2.2532 -0.0, 0.0613 2.2552 -0.0, -0.2237 0.8905 -0.0, -0.0967 2.2539 -0.0, -0.0388 2.2543 -0.0, -0.709 2.1095 -0.0, -0.6614 2.1277 -0.0, -0.5614 2.166 -0.0, -0.4093 2.2091 -0.0, -0.254 2.2384 -0.0, -0.2237 2.2414 -0.0, -0.0388 -0.4352 -0.0, -0.0471 -0.4386 -0.0, -0.2237 -0.0153 -0.0, -0.0654 -0.4527 -0.0, -0.0795 -0.471 -0.0, -0.0884 -0.4924 -0.0, -0.0914 -0.5153 -0.0, -0.0884 -0.5382 -0.0, -0.0795 -0.5596 -0.0, -0.0388 -0.5954 -0.0, -0.0471 -0.592 -0.0, -0.0654 -0.5779 -0.0, -0.0028 -0.4267 -0.0, -0.0257 -0.4297 -0.0, -0.0257 -0.6009 -0.0, -0.0028 -0.6039 -0.0, 0.0201 -0.6009 -0.0, 0.0739 -0.471 -0.0, 0.0598 -0.4527 -0.0, 0.0859 -0.0153 -0.0, 0.0415 -0.4386 -0.0, 0.0201 -0.4297 -0.0, 0.0415 -0.592 -0.0, 0.0598 -0.5779 -0.0, 0.0739 -0.5596 -0.0, 0.0828 -0.5382 -0.0, 0.0858 -0.5153 -0.0, 0.0828 -0.4924 -0.0, -0.4085 0.6925 -0.0, -0.3797 0.6925 -0.0, -0.2237 0.6913 -0.0, -0.3317 0.8893 -0.0, -0.3598 0.7477 -0.0, -0.2785 0.7477 -0.0, -0.2597 0.6925 -0.0, -0.2309 0.6925 -0.0, -0.3053 0.8893 -0.0, -0.1116 0.6925 -0.0, -0.058 0.6925 -0.0, -0.2067 0.7464 -0.0, -0.1954 0.7288 -0.0, -0.1792 0.7133 -0.0, -0.1586 0.7014 -0.0, -0.1359 0.6946 -0.0, -0.1651 0.8782 -0.0, -0.1865 0.8638 -0.0, -0.058 0.8893 -0.0, -0.1136 0.8893 -0.0, -0.142 0.8863 -0.0, -0.1867 0.8637 -0.0, -0.2006 0.8482 -0.0, -0.2098 0.8313 -0.0, -0.2151 0.8119 -0.0, -0.2165 0.7934 -0.0, -0.2137 0.767 -0.0, 0.2876 0.7141 -0.0, 0.2876 0.6925 -0.0, 0.3885 0.8893 -0.0, 0.3621 0.8893 -0.0, 0.3621 0.7141 -0.0, 0.6485 0.6913 -0.0, 0.3885 0.6925 -0.0, 0.1454 0.6941 -0.0, 0.1653 0.6913 -0.0, 1.0415 0.408 -0.0, 1.0598 0.4221 -0.0, 0.9116 0.4618 -0.0, 0.9086 0.4847 -0.0, 0.9116 0.5076 -0.0, 1.0739 0.4404 -0.0, 1.0828 0.4618 -0.0, 1.0858 0.4847 -0.0, 1.0828 0.5076 -0.0, 0.9205 0.4404 -0.0, 0.9346 0.4221 -0.0, 0.9529 0.408 -0.0, 0.9743 0.3991 -0.0, 0.9972 0.3961 -0.0, 1.0201 0.3991 -0.0, 1.0739 0.529 -0.0, 1.0598 0.5473 -0.0, 1.0415 0.5614 -0.0, 0.9529 0.5614 -0.0, 0.9346 0.5473 -0.0, 0.9205 0.529 -0.0, 1.0201 0.5703 -0.0, 0.9972 0.5733 -0.0, 0.9743 0.5703 -0.0, 0.1364 -0.4896 1.6535, 0.1364 -0.4896 1.6535, 0.3788 -0.9619 1.6535, 0.2416 -0.9913 1.6535, 0.1364 -0.4896 1.6535, 0.1023 -1.0077 1.6535, 0.1364 -0.4896 1.6535, -0.0379 -1.011 1.6535, 0.1364 -0.4896 1.6535, -0.1778 -1.0011 1.6535, 0.1364 -0.4896 1.6535, -0.3161 -0.9782 1.6535, 0.1364 -0.4896 1.6535, -0.4518 -0.9424 1.6535, -0.71 1.8031 1.6535, -0.8303 1.7311 1.6535, -0.142 1.459 1.6535, 0.5125 -0.9198 1.6535, 0.6418 -0.8654 1.6535, 0.7654 -0.7991 1.6535, 1.1823 -0.4284 1.6535, 1.2626 -0.3134 1.6535, 0.9715 0.3455 1.6535, -1.2294 1.3412 1.6535, -1.3042 1.2226 1.6535, -0.9771 0.6239 1.6535, -1.3676 1.0975 1.6535, -1.419 0.967 1.6535, -0.9771 0.6239 1.6535, -1.4579 0.8322 1.6535, -0.9771 0.6239 1.6535, -1.4841 0.6945 1.6535, -0.9771 0.6239 1.6535, -1.4972 0.5548 1.6535, -0.9771 0.6239 1.6535, -1.4972 0.4146 1.6535, -0.9771 0.6239 1.6535, -1.4841 0.2749 1.6535, -0.9771 0.6239 1.6535, -1.3676 -0.1281 1.6535, -1.419 0.0024 1.6535, -1.4579 0.1372 1.6535, 1.1823 1.3978 1.6535, 1.0916 1.5047 1.6535, -0.142 1.459 1.6535, 0.9913 1.6027 1.6535, 0.8822 -0.7215 1.6535, 0.9913 -0.6333 1.6535, 1.0916 -0.5353 1.6535, -0.9434 1.6481 1.6535, -1.0482 1.5549 1.6535, -1.1438 1.4523 1.6535, 1.3318 -0.1914 1.6535, 1.3892 -0.0634 1.6535, 0.9715 0.3455 1.6535, 1.4344 0.0693 1.6535, 0.9715 0.3455 1.6535, 1.467 0.2057 1.6535, 0.9715 0.3455 1.6535, 1.4867 0.3446 1.6535, 0.9715 0.3455 1.6535, 1.4933 0.4847 1.6535, 0.9715 0.3455 1.6535, 1.4867 0.6248 1.6535, 0.9715 0.3455 1.6535, 1.467 0.7637 1.6535, 1.4344 0.9001 1.6535, 1.3892 1.0328 1.6535, -1.3042 -0.2532 1.6535, -1.2294 -0.3718 1.6535, -1.1438 -0.4829 1.6535, -1.0482 -0.5855 1.6535, -0.9434 -0.6787 1.6535, -0.8303 -0.7617 1.6535, 1.3318 1.1608 1.6535, 1.2626 1.2828 1.6535, 0.8822 1.6909 1.6535, 0.7654 1.7685 1.6535, 0.6418 1.8348 1.6535, 0.5125 1.8892 1.6535, 0.3788 1.9313 1.6535, -0.142 1.459 1.6535, 0.2416 1.9607 1.6535, -0.142 1.459 1.6535, 0.1023 1.9771 1.6535, -0.142 1.459 1.6535, -0.0379 1.9803 1.6535, -0.142 1.459 1.6535, -0.1778 1.9705 1.6535, -0.142 1.459 1.6535, -0.3161 1.9476 1.6535, -0.142 1.459 1.6535, -0.4518 1.9118 1.6535, -0.5834 1.8635 1.6535, -0.71 -0.8337 1.6535, -0.5834 -0.8941 1.6535, -1.4012 1.6603 0.0984, -1.4012 1.6603 0.0197, -1.3953 1.6528 0.0984, -1.3953 1.6528 0.0197, -1.3914 1.6441 0.0984, -1.3914 1.6441 0.0197, -1.3897 1.6346 0.0984, -1.3897 1.6346 0.0197, -1.3903 1.6251 0.0984, -1.3903 1.6251 0.0197, -1.3933 1.616 0.0984, -1.3933 1.616 0.0197, -1.3983 1.6078 0.0984, -1.3983 1.6078 0.0197, -1.4929 1.479 0.0984, -1.4929 1.479 0.0197, -1.5273 1.422 0.0984, -1.5273 1.422 0.0197, -1.5755 1.3423 0.0984, -1.5755 1.3423 0.0197, -1.634 1.2226 0.0984, -1.634 1.2226 0.0197, -1.6457 1.1987 0.0984, -1.6457 1.1987 0.0197, -1.7028 1.0494 0.0984, -1.7028 1.0494 0.0197, -1.7137 1.011 0.0984, -1.7137 1.011 0.0197, -1.7464 0.8957 0.0984, -1.7464 0.8957 0.0197, -1.7661 0.791 0.0984, -1.7661 0.791 0.0197, -1.776 0.7387 0.0984, -1.776 0.7387 0.0197, -1.7916 0.5797 0.0984, -1.7916 0.5797 0.0197, -1.7917 0.5664 0.0984, -1.7917 0.5664 0.0197, -1.793 0.4199 0.0984, -1.793 0.4199 0.0197, -1.7865 0.3403 0.0984, -1.7865 0.3403 0.0197, -1.7801 0.2606 0.0984, -1.7801 0.2606 0.0197, -1.7553 0.1163 0.0984, -1.7553 0.1163 0.0197, -1.753 0.1031 0.0984, -1.753 0.1031 0.0197, -1.7121 -0.0513 0.0984, -1.7121 -0.0513 0.0197, -1.6939 -0.1014 0.0984, -1.6939 -0.1014 0.0197, -1.6575 -0.2015 0.0984, -1.6575 -0.2015 0.0197, -1.6067 -0.3101 0.0984, -1.6067 -0.3101 0.0197, -1.5898 -0.3462 0.0984, -1.5898 -0.3462 0.0197, -1.5094 -0.4843 0.0984, -1.5094 -0.4843 0.0197, -1.494 -0.5061 0.0984, -1.494 -0.5061 0.0197, -1.4171 -0.6147 0.0984, -1.4171 -0.6147 0.0197, -1.3566 -0.6857 0.0984, -1.3566 -0.6857 0.0197, -1.3135 -0.7364 0.0984, -1.3135 -0.7364 0.0197, -1.1994 -0.8483 0.0984, -1.1994 -0.8483 0.0197, -1.0759 -0.9497 0.0984, -1.0759 -0.9497 0.0197, -1.0209 -0.9871 0.0984, -1.0209 -0.9871 0.0197, -0.9438 -1.0396 0.0984, -0.9438 -1.0396 0.0197, -0.8275 -1.1044 0.0984, -0.8275 -1.1044 0.0197, -0.8042 -1.1174 0.0984, -0.8042 -1.1174 0.0197, -0.6583 -1.1824 0.0984, -0.6583 -1.1824 0.0197, -0.6205 -1.1954 0.0984, -0.6205 -1.1954 0.0197, -0.5071 -1.2342 0.0984, -0.5071 -1.2342 0.0197, -0.4036 -1.2596 0.0984, -0.4036 -1.2596 0.0197, -0.3519 -1.2723 0.0984, -0.3519 -1.2723 0.0197, -0.194 -1.2964 0.0984, -0.194 -1.2964 0.0197, -0.1807 -1.2972 0.0984, -0.1807 -1.2972 0.0197, -0.0345 -1.3064 0.0984, -0.0345 -1.3064 0.0197, 0.0454 -1.3042 0.0984, 0.0454 -1.3042 0.0197, 0.1253 -1.3021 0.0984, 0.1253 -1.3021 0.0197, 0.2707 -1.2851 0.0984, 0.2707 -1.2851 0.0197, 0.284 -1.2835 0.0984, 0.284 -1.2835 0.0197, 0.4404 -1.2509 0.0984, 0.4404 -1.2509 0.0197, 0.4914 -1.2355 0.0984, 0.4914 -1.2355 0.0197, 0.5933 -1.2045 0.0984, 0.5933 -1.2045 0.0197, 0.7044 -1.1597 0.0984, 0.7044 -1.1597 0.0197, 0.7415 -1.1447 0.0984, 0.7415 -1.1447 0.0197, 0.8837 -1.0719 0.0984, 0.8837 -1.0719 0.0197, 0.9062 -1.0577 0.0984, 0.9062 -1.0577 0.0197, 1.0189 -0.9867 0.0984, 1.0189 -0.9867 0.0197, 1.093 -0.9302 0.0984, 1.093 -0.9302 0.0197, 1.1459 -0.8898 0.0984, 1.1459 -0.8898 0.0197, 1.2639 -0.782 0.0984, 1.2639 -0.782 0.0197, 1.3717 -0.6641 0.0984, 1.3717 -0.6641 0.0197, 1.4121 -0.6111 0.0984, 1.4121 -0.6111 0.0197, 1.4686 -0.537 0.0984, 1.4686 -0.537 0.0197, 1.5396 -0.4243 0.0984, 1.5396 -0.4243 0.0197, 1.5538 -0.4018 0.0984, 1.5538 -0.4018 0.0197, 1.6266 -0.2596 0.0984, 1.6266 -0.2596 0.0197, 1.6416 -0.2225 0.0984, 1.6416 -0.2225 0.0197, 1.6864 -0.1114 0.0984, 1.6864 -0.1114 0.0197, 1.7174 -0.0095 0.0984, 1.7174 -0.0095 0.0197, 1.7328 0.0415 0.0984, 1.7328 0.0415 0.0197, 1.7654 0.1979 0.0984, 1.7654 0.1979 0.0197, 1.767 0.2111 0.0984, 1.767 0.2111 0.0197, 1.7839 0.3566 0.0984, 1.7839 0.3566 0.0197, 1.7861 0.4365 0.0984, 1.7861 0.4365 0.0197, 1.7883 0.5164 0.0984, 1.7883 0.5164 0.0197, 1.7791 0.6626 0.0984, 1.7791 0.6626 0.0197, 1.7783 0.6758 0.0984, 1.7783 0.6758 0.0197, 1.7542 0.8338 0.0984, 1.7542 0.8338 0.0197, 1.7415 0.8855 0.0984, 1.7415 0.8855 0.0197, 1.7161 0.989 0.0984, 1.7161 0.989 0.0197, 1.6772 1.1024 0.0984, 1.6772 1.1024 0.0197, 1.6643 1.1402 0.0984, 1.6643 1.1402 0.0197, 1.5993 1.2861 0.0984, 1.5993 1.2861 0.0197, 1.5863 1.3094 0.0984, 1.5863 1.3094 0.0197, 1.5215 1.4257 0.0984, 1.5215 1.4257 0.0197, 1.469 1.5027 0.0984, 1.469 1.5027 0.0197, 1.4316 1.5578 0.0984, 1.4316 1.5578 0.0197, 1.3302 1.6813 0.0984, 1.3302 1.6813 0.0197, 1.2183 1.7954 0.0984, 1.2183 1.7954 0.0197, 1.1676 1.8385 0.0984, 1.1676 1.8385 0.0197, 1.0966 1.899 0.0984, 1.0966 1.899 0.0197, 0.988 1.9759 0.0984, 0.988 1.9759 0.0197, 0.9662 1.9913 0.0984, 0.9662 1.9913 0.0197, 0.8281 2.0717 0.0984, 0.8281 2.0717 0.0197, 0.7919 2.0886 0.0984, 0.7919 2.0886 0.0197, 0.6834 2.1394 0.0984, 0.6834 2.1394 0.0197, 0.5833 2.1758 0.0984, 0.5833 2.1758 0.0197, 0.5332 2.194 0.0984, 0.5332 2.194 0.0197, 0.3788 2.2349 0.0984, 0.3788 2.2349 0.0197, 0.3656 2.2372 0.0984, 0.3656 2.2372 0.0197, 0.2213 2.262 0.0984, 0.2213 2.262 0.0197, 0.1416 2.2684 0.0984, 0.1416 2.2684 0.0197, 0.062 2.2749 0.0984, 0.062 2.2749 0.0197, -0.0845 2.2736 0.0984, -0.0845 2.2736 0.0197, -0.0978 2.2735 0.0984, -0.0978 2.2735 0.0197, -0.2568 2.2579 0.0984, -0.2568 2.2579 0.0197, -0.3091 2.248 0.0984, -0.3091 2.248 0.0197, -0.4138 2.2282 0.0984, -0.4138 2.2282 0.0197, -0.5291 2.1956 0.0984, -0.5291 2.1956 0.0197, -0.5676 2.1847 0.0984, -0.5676 2.1847 0.0197, -0.7168 2.1276 0.0984, -0.7168 2.1276 0.0197, -0.7407 2.1159 0.0984, -0.7407 2.1159 0.0197, -0.8604 2.0574 0.0984, -0.8604 2.0574 0.0197, -0.9401 2.0092 0.0984, -0.9401 2.0092 0.0197, -0.9971 1.9748 0.0984, -0.9971 1.9748 0.0197, -1.1259 1.8802 0.0984, -1.1259 1.8802 0.0197, -1.1341 1.8752 0.0984, -1.1341 1.8752 0.0197, -1.1432 1.8722 0.0984, -1.1432 1.8722 0.0197, -1.1527 1.8716 0.0984, -1.1527 1.8716 0.0197, -1.1622 1.8733 0.0984, -1.1622 1.8733 0.0197, -1.1709 1.8772 0.0984, -1.1709 1.8772 0.0197, -1.1785 1.8831 0.0984, -1.1785 1.8831 0.0197, -1.3391 2.0437 0.0197, -1.3391 2.0437 0.0984, -1.3472 2.0499 0.0197, -1.3472 2.0499 0.0984, -1.3567 2.0539 0.0197, -1.3567 2.0539 0.0984, -1.3669 2.0552 0.0197, -1.3669 2.0552 0.0984, -1.3771 2.0539 0.0197, -1.3771 2.0539 0.0984, -1.3866 2.0499 0.0197, -1.3866 2.0499 0.0984, -1.3947 2.0437 0.0197, -1.3947 2.0437 0.0984, -1.5618 1.8766 0.0197, -1.5618 1.8766 0.0984, -1.568 1.8685 0.0197, -1.568 1.8685 0.0984, -1.572 1.859 0.0197, -1.572 1.859 0.0984, -1.5733 1.8488 0.0197, -1.5733 1.8488 0.0984, -1.572 1.8386 0.0197, -1.572 1.8386 0.0984, -1.568 1.8291 0.0197, -1.568 1.8291 0.0984, -1.5618 1.821 0.0197, -1.5618 1.821 0.0984, -1.3725 1.6498 0.1181, -1.37 1.6357 0.1181, -1.1811 1.8603 0.1181, -1.371 1.6214 0.1181, -1.3754 1.6077 0.1181, -1.4829 1.3848 0.1181, -1.5586 1.2464 0.1181, -1.3949 1.5156 0.1181, -1.2954 1.6379 0.1181, -1.1679 1.8544 0.1181, -1.1852 1.7507 0.1181, -1.1538 1.8519 0.1181, -1.0652 1.853 0.1181, -1.1258 1.8573 0.1181, -1.1395 1.8529 0.1181, -1.353 2.0298 0.1181, -1.5479 1.8349 0.1181, -1.1924 1.8691 0.1181, -1.3872 1.6743 0.1181, -1.3784 1.6629 0.1181, -1.4765 1.4681 0.1181, -1.5583 1.3328 0.1181, -1.383 1.5955 0.1181, -1.6276 1.1908 0.1181, 1.1207 1.8032 0.1181, 1.0845 1.8834 0.1181, 0.9962 1.8999 0.1181, 0.9556 1.9747 0.1181, 0.8633 1.9849 0.1181, 0.819 2.0542 0.1181, 0.7233 2.0574 0.1181, 0.6758 2.1212 0.1181, 0.5773 2.117 0.1181, 0.5273 2.1752 0.1181, 0.4265 2.1629 0.1181, 0.3746 2.2157 0.1181, 0.2721 2.195 0.1181, 0.2188 2.2424 0.1181, 0.1154 2.2129 0.1181, 0.0613 2.2552 0.1181, -0.0422 2.2165 0.1181, -0.0967 2.2539 0.1181, -0.1996 2.2058 0.1181, -0.254 2.2384 0.1181, -0.3552 2.1807 0.1181, -0.4093 2.2091 0.1181, -0.508 2.1417 0.1181, -0.5614 2.166 0.1181, -0.6566 2.0889 0.1181, -0.709 2.1095 0.1181, -0.7998 2.0228 0.1181, -0.8509 2.0401 0.1181, -0.9363 1.9439 0.1181, -0.9862 1.9584 0.1181, -1.1136 1.8649 0.1181, -1.6214 1.1018 0.1181, -1.6841 1.0432 0.1181, -1.6709 0.9521 0.1181, -1.7272 0.8912 0.1181, -1.7064 0.7984 0.1181, -1.7566 0.7359 0.1181, -1.7279 0.6422 0.1181, -1.772 0.5786 0.1181, -1.7351 0.4847 0.1181, -1.7733 0.4206 0.1181, -1.7279 0.3272 0.1181, -1.7605 0.2631 0.1181, -1.7064 0.171 0.1181, -1.7338 0.1073 0.1181, -1.6709 0.0173 0.1181, -1.6933 -0.0454 0.1181, -1.6214 -0.1324 0.1181, -1.6393 -0.194 0.1181, -1.5586 -0.277 0.1181, -1.5723 -0.3371 0.1181, -1.4829 -0.4154 0.1181, -1.4929 -0.4737 0.1181, -1.3949 -0.5462 0.1181, -1.4015 -0.6027 0.1181, -1.2954 -0.6686 0.1181, -1.2991 -0.723 0.1181, -1.1852 -0.7813 0.1181, -1.1863 -0.8337 0.1181, -1.0652 -0.8836 0.1181, -1.0641 -0.9339 0.1181, -0.9363 -0.9745 0.1181, -0.9335 -1.0228 0.1181, -0.7998 -1.0534 0.1181, -0.7954 -1.0998 0.1181, -0.6566 -1.1195 0.1181, -0.6511 -1.1641 0.1181, -0.508 -1.1723 0.1181, -0.5016 -1.2153 0.1181, -0.3552 -1.2114 0.1181, -0.3481 -1.253 0.1181, -0.1996 -1.2364 0.1181, -0.1919 -1.2768 0.1181, -0.0422 -1.2471 0.1181, -0.0341 -1.2867 0.1181, 0.1154 -1.2435 0.1181, 0.1238 -1.2824 0.1181, 0.2721 -1.2256 0.1181, 0.2808 -1.2641 0.1181, 0.4265 -1.1936 0.1181, 0.4355 -1.2319 0.1181, 0.5773 -1.1476 0.1181, 0.5868 -1.186 0.1181, 0.7233 -1.0881 0.1181, 0.7333 -1.1268 0.1181, 0.8633 -1.0155 0.1181, 0.874 -1.0548 0.1181, 0.9962 -0.9305 0.1181, 1.0077 -0.9705 0.1181, 1.1207 -0.8338 0.1181, 1.1333 -0.8747 0.1181, 1.236 -0.7262 0.1181, 1.2499 -0.7681 0.1181, 1.3409 -0.6085 0.1181, 1.3566 -0.6514 0.1181, 1.4348 -0.4818 0.1181, 1.4524 -0.5258 0.1181, 1.5167 -0.3471 0.1181, 1.5367 -0.3921 0.1181, 1.5861 -0.2054 0.1181, 1.6087 -0.2514 0.1181, 1.6422 -0.0581 0.1181, 1.6679 -0.1049 0.1181, 1.6848 0.0937 0.1181, 1.7138 0.0464 0.1181, 1.7133 0.2488 0.1181, 1.746 0.2011 0.1181, 1.7277 0.4059 0.1181, 1.7643 0.358 0.1181, 1.7277 0.5635 0.1181, 1.7686 0.516 0.1181, 1.7133 0.7206 0.1181, 1.7587 0.6737 0.1181, 1.6848 0.8757 0.1181, 1.7349 0.83 0.1181, 1.6422 1.0275 0.1181, 1.6972 0.9834 0.1181, 1.5861 1.1748 0.1181, 1.646 1.133 0.1181, 1.5167 1.3165 0.1181, 1.5817 1.2773 0.1181, 1.4348 1.4512 0.1181, 1.5047 1.4153 0.1181, 1.3409 1.5779 0.1181, 1.4158 1.546 0.1181, 1.236 1.6956 0.1181, 1.3156 1.6682 0.1181, 1.2049 1.781 0.1181, -1.3571 2.0329 0.1181, -1.3618 2.0348 0.1181, -1.3669 2.0355 0.1181, -1.372 2.0348 0.1181, -1.3768 2.0329 0.1181, -1.3808 2.0298 0.1181, -1.551 1.8586 0.1181, -1.553 1.8539 0.1181, -1.5536 1.8488 0.1181, -1.553 1.8437 0.1181, -1.551 1.839 0.1181, -1.5479 1.8627 0.1181, -1.1339 1.8747 0.0153, -1.1788 1.8827 0.0153, -1.1712 1.8767 0.0153, -1.179 1.8825 0.0146, -1.1719 1.8755 0.0111, -1.1256 1.8798 0.0153, -1.1255 1.8796 0.0146, -1.1332 1.8734 0.0111, -1.1247 1.8787 0.0111, -1.1323 1.8713 0.0074, -1.1731 1.8735 0.0074, -1.1804 1.8811 0.0099, -1.1798 1.8817 0.0111, -1.1747 1.8708 0.0043, -1.1826 1.8789 0.0059, -1.1815 1.88 0.0074, -1.1888 1.8727 0.0007, -1.1863 1.8752 0.0019, -1.1767 1.8676 0.0019, -1.1855 1.8761 0.0027, -1.1837 1.8778 0.0043, -1.1623 1.8728 0.0153, -1.1627 1.8714 0.0111, -1.1634 1.8691 0.0074, -1.1643 1.8662 0.0043, -1.1654 1.8626 0.0019, -1.1528 1.8711 0.0153, -1.1528 1.8696 0.0111, -1.153 1.8673 0.0074, -1.1531 1.8642 0.0043, -1.1533 1.8605 0.0019, -1.1431 1.8717 0.0153, -1.1428 1.8703 0.0111, -1.1424 1.868 0.0074, -1.1418 1.865 0.0043, -1.1411 1.8613 0.0019, -1.1309 1.8684 0.0043, -1.1294 1.8651 0.0019, -1.1893 1.8722 0.0005, -1.1788 1.864 0.0005, -1.1232 1.8769 0.0074, -1.1223 1.8757 0.0059, -1.1213 1.8744 0.0043, -1.1189 1.8715 0.0019, -1.1168 1.8688 0.0007, -1.1667 1.8586 0.0005, -1.1536 1.8563 0.0005, -1.1403 1.8572 0.0005, -1.1276 1.8613 0.0005, -1.1163 1.8683 0.0005, -1.3394 2.0433 0.0153, -1.3396 2.0432 0.0146, -1.3404 2.0423 0.0111, -1.341 2.0417 0.0099, -1.3421 2.0406 0.0074, -1.3432 2.0395 0.0059, -1.3443 2.0384 0.0043, -1.3461 2.0367 0.0027, -1.347 2.0358 0.0019, -1.3494 2.0333 0.0007, -1.3499 2.0329 0.0005, -0.86 2.0568 0.0146, -0.7165 2.127 0.0146, -0.4137 2.2276 0.0146, -0.2567 2.2573 0.0146, 0.062 2.2742 0.0146, 0.2212 2.2613 0.0146, 0.6831 2.1388 0.0146, 0.8278 2.0711 0.0146, 1.0962 1.8984 0.0146, 1.2178 1.7949 0.0146, 1.5209 1.4253 0.0146, 1.5987 1.2858 0.0146, 1.7154 0.9888 0.0146, 1.7535 0.8337 0.0146, 1.7876 0.5164 0.0146, 1.7833 0.3567 0.0146, 1.6858 -0.1112 0.0146, 1.626 -0.2593 0.0146, 1.468 -0.5366 0.0146, 1.3712 -0.6636 0.0146, 1.0185 -0.9862 0.0146, 0.8834 -1.0713 0.0146, 0.5931 -1.2039 0.0146, 0.4402 -1.2503 0.0146, 0.1252 -1.3014 0.0146, -0.0345 -1.3057 0.0146, -0.5069 -1.2335 0.0146, -0.658 -1.1818 0.0146, -0.9434 -1.039 0.0146, -1.0755 -0.9491 0.0146, -1.4165 -0.6143 0.0146, -1.5089 -0.484 0.0146, -1.6569 -0.2012 0.0146, -1.7114 -0.0511 0.0146, -1.7794 0.2607 0.0146, -1.7923 0.4199 0.0146, -1.7457 0.8956 0.0146, -1.7022 1.0492 0.0146, -1.575 1.3419 0.0146, -1.4923 1.4786 0.0146, -0.711 2.1142 0.0007, -0.2547 2.2435 0.0007, -0.097 2.2589 0.0007, 0.0615 2.2603 0.0007, 0.2194 2.2475 0.0007, 0.5288 2.18 0.0007, 1.4199 1.549 0.0007, 1.7021 0.9849 0.0007, 1.7399 0.831 0.0007, 1.7187 0.0451 0.0007, 1.4566 -0.5287 0.0007, 1.1366 -0.8786 0.0007, 0.7354 -1.1314 0.0007, 0.1242 -1.2875 0.0007, -0.0342 -1.2918 0.0007, -0.6529 -1.1688 0.0007, -1.6981 -0.0469 0.0007, -1.7771 0.5789 0.0007, -1.7616 0.7366 0.0007, -0.989 1.9626 0.0007, -0.9916 1.9666 0.0026, -0.9939 1.97 0.0058, -0.9956 1.9726 0.0098, -1.7784 0.4204 0.0007, -1.7818 0.5792 0.0026, -1.7831 0.4202 0.0026, -1.7859 0.5794 0.0058, -1.7872 0.4201 0.0058, -1.789 0.5795 0.0098, -1.7903 0.42 0.0098, -1.791 0.5796 0.0146, -0.1924 -1.2819 0.0007, -0.1929 -1.2866 0.0026, -0.0343 -1.2965 0.0026, -0.1933 -1.2907 0.0058, -0.0344 -1.3006 0.0058, -0.1937 -1.2938 0.0098, -0.0344 -1.3037 0.0098, -0.1939 -1.2957 0.0146, 1.751 0.2003 0.0007, 1.7694 0.3577 0.0007, 1.7557 0.1995 0.0026, 1.7741 0.3573 0.0026, 1.7597 0.1988 0.0058, 1.7782 0.357 0.0058, 1.7628 0.1983 0.0098, 1.7813 0.3568 0.0098, 1.7648 0.198 0.0146, 0.3756 2.2207 0.0007, 0.3767 2.2253 0.0026, 0.22 2.2522 0.0026, 0.3775 2.2293 0.0058, 0.2205 2.2562 0.0058, 0.3782 2.2324 0.0098, 0.2209 2.2593 0.0098, 0.3786 2.2343 0.0146, -1.387 1.5987 0.0007, -1.4807 1.4709 0.0007, -1.3907 1.6016 0.0026, -1.4847 1.4735 0.0026, -1.3938 1.6042 0.0058, -1.4881 1.4758 0.0058, -1.3963 1.6062 0.0098, -1.4907 1.4775 0.0098, -1.3978 1.6074 0.0146, -1.5627 1.3353 0.0007, -1.5669 1.3375 0.0026, -1.5705 1.3395 0.0058, -1.5732 1.341 0.0098, -1.6451 1.1984 0.0146, -1.6433 1.1976 0.0098, -1.6404 1.1964 0.0058, -1.6367 1.1948 0.0026, -1.6323 1.1929 0.0007, -1.6889 1.0448 0.0007, -1.6935 1.0463 0.0026, -1.6973 1.0476 0.0058, -1.7003 1.0486 0.0098, -1.7322 0.8924 0.0007, -1.7368 0.8935 0.0026, -1.7407 0.8944 0.0058, -1.7438 0.8951 0.0098, -1.7754 0.7386 0.0146, -1.7734 0.7383 0.0098, -1.7703 0.7379 0.0058, -1.7663 0.7373 0.0026, -1.7775 0.261 0.0098, -1.7744 0.2613 0.0058, -1.7703 0.2619 0.0026, -1.7656 0.2624 0.0007, -1.7524 0.1033 0.0146, -1.7505 0.1037 0.0098, -1.7474 0.1044 0.0058, -1.7434 0.1052 0.0026, -1.7388 0.1062 0.0007, -1.7027 -0.0484 0.0026, -1.7066 -0.0496 0.0058, -1.7096 -0.0505 0.0098, -1.644 -0.1959 0.0007, -1.6484 -0.1977 0.0026, -1.6522 -0.1993 0.0058, -1.6551 -0.2005 0.0098, -1.5892 -0.3459 0.0146, -1.5874 -0.345 0.0098, -1.5847 -0.3435 0.0058, -1.5811 -0.3417 0.0026, -1.5768 -0.3395 0.0007, -1.4971 -0.4764 0.0007, -1.5011 -0.479 0.0026, -1.5046 -0.4812 0.0058, -1.5072 -0.4829 0.0098, -1.4055 -0.6058 0.0007, -1.4093 -0.6087 0.0026, -1.4125 -0.6112 0.0058, -1.415 -0.6131 0.0098, -1.313 -0.7359 0.0146, -1.3115 -0.7346 0.0098, -1.3092 -0.7325 0.0058, -1.3063 -0.7297 0.0026, -1.3028 -0.7264 0.0007, -1.1897 -0.8375 0.0007, -1.1929 -0.841 0.0026, -1.1956 -0.844 0.0058, -1.1977 -0.8464 0.0098, -1.199 -0.8478 0.0146, -1.0671 -0.938 0.0007, -1.07 -0.9418 0.0026, -1.0724 -0.945 0.0058, -1.0743 -0.9476 0.0098, -0.9361 -1.0272 0.0007, -0.9386 -1.0312 0.0026, -0.9408 -1.0347 0.0058, -0.9424 -1.0373 0.0098, -0.8039 -1.1168 0.0146, -0.803 -1.115 0.0098, -0.8016 -1.1122 0.0058, -0.7998 -1.1086 0.0026, -0.7977 -1.1043 0.0007, -0.6547 -1.1733 0.0026, -0.6562 -1.177 0.0058, -0.6573 -1.18 0.0098, -0.503 -1.2202 0.0007, -0.5043 -1.2247 0.0026, -0.5055 -1.2287 0.0058, -0.5064 -1.2317 0.0098, -0.3518 -1.2716 0.0146, -0.3514 -1.2697 0.0098, -0.3508 -1.2666 0.0058, -0.35 -1.2626 0.0026, -0.3491 -1.258 0.0007, 0.1251 -1.2994 0.0098, 0.1248 -1.2963 0.0058, 0.1245 -1.2922 0.0026, 0.2839 -1.2829 0.0146, 0.2835 -1.2809 0.0098, 0.283 -1.2778 0.0058, 0.2824 -1.2738 0.0026, 0.2816 -1.2691 0.0007, 0.4368 -1.2368 0.0007, 0.438 -1.2414 0.0026, 0.439 -1.2454 0.0058, 0.4397 -1.2484 0.0098, 0.5884 -1.1908 0.0007, 0.59 -1.1953 0.0026, 0.5914 -1.1991 0.0058, 0.5924 -1.2021 0.0098, 0.7412 -1.1441 0.0146, 0.7404 -1.1423 0.0098, 0.7391 -1.1395 0.0058, 0.7374 -1.1358 0.0026, 0.8765 -1.0592 0.0007, 0.8788 -1.0633 0.0026, 0.8809 -1.0669 0.0058, 0.8824 -1.0696 0.0098, 1.0106 -0.9747 0.0007, 1.0133 -0.9786 0.0026, 1.0156 -0.982 0.0058, 1.0174 -0.9845 0.0098, 1.1455 -0.8893 0.0146, 1.1443 -0.8878 0.0098, 1.1422 -0.8854 0.0058, 1.1396 -0.8823 0.0026, 1.2535 -0.7717 0.0007, 1.2569 -0.775 0.0026, 1.2598 -0.7779 0.0058, 1.262 -0.7801 0.0098, 1.2634 -0.7815 0.0146, 1.3605 -0.6547 0.0007, 1.3641 -0.6577 0.0026, 1.3673 -0.6604 0.0058, 1.3697 -0.6624 0.0098, 1.4605 -0.5314 0.0026, 1.4639 -0.5337 0.0058, 1.4664 -0.5355 0.0098, 1.5532 -0.4015 0.0146, 1.5515 -0.4005 0.0098, 1.5488 -0.399 0.0058, 1.5452 -0.3969 0.0026, 1.5411 -0.3946 0.0007, 1.6133 -0.2535 0.0007, 1.6176 -0.2555 0.0026, 1.6214 -0.2572 0.0058, 1.6242 -0.2585 0.0098, 1.6727 -0.1066 0.0007, 1.6772 -0.1081 0.0026, 1.681 -0.1095 0.0058, 1.684 -0.1105 0.0098, 1.7322 0.0417 0.0146, 1.7303 0.0421 0.0098, 1.7273 0.0429 0.0058, 1.7233 0.0439 0.0026, 1.7737 0.5161 0.0007, 1.7784 0.5162 0.0026, 1.7825 0.5163 0.0058, 1.7856 0.5163 0.0098, 1.7776 0.6758 0.0146, 1.7757 0.6756 0.0098, 1.7726 0.6752 0.0058, 1.7685 0.6748 0.0026, 1.7638 0.6743 0.0007, 1.7445 0.8319 0.0026, 1.7485 0.8327 0.0058, 1.7516 0.8333 0.0098, 1.7066 0.9862 0.0026, 1.7106 0.9874 0.0058, 1.7136 0.9882 0.0098, 1.6637 1.1399 0.0146, 1.6619 1.1392 0.0098, 1.6589 1.138 0.0058, 1.6551 1.1366 0.0026, 1.6507 1.1348 0.0007, 1.5862 1.2796 0.0007, 1.5905 1.2817 0.0026, 1.5941 1.2835 0.0058, 1.5969 1.2849 0.0098, 1.5091 1.418 0.0007, 1.5131 1.4205 0.0026, 1.5166 1.4227 0.0058, 1.5192 1.4243 0.0098, 1.431 1.5574 0.0146, 1.4294 1.5562 0.0098, 1.4269 1.5543 0.0058, 1.4237 1.5519 0.0026, 1.3194 1.6716 0.0007, 1.3229 1.6748 0.0026, 1.3259 1.6775 0.0058, 1.3283 1.6796 0.0098, 1.3297 1.6809 0.0146, 1.2083 1.7847 0.0007, 1.2116 1.7882 0.0026, 1.2144 1.7911 0.0058, 1.2165 1.7934 0.0098, 1.0877 1.8874 0.0007, 1.0906 1.8912 0.0026, 1.0931 1.8944 0.0058, 1.095 1.8969 0.0098, 0.9659 1.9907 0.0146, 0.9648 1.9891 0.0098, 0.9631 1.9865 0.0058, 0.9609 1.983 0.0026, 0.9583 1.979 0.0007, 0.8213 2.0587 0.0007, 0.8235 2.0629 0.0026, 0.8254 2.0666 0.0058, 0.8269 2.0693 0.0098, 0.6778 2.1259 0.0007, 0.6796 2.1303 0.0026, 0.6812 2.1341 0.0058, 0.6824 2.137 0.0098, 0.533 2.1933 0.0146, 0.5324 2.1914 0.0098, 0.5315 2.1885 0.0058, 0.5303 2.1846 0.0026, 0.0616 2.265 0.0026, 0.0618 2.2691 0.0058, 0.0619 2.2722 0.0098, -0.0977 2.2728 0.0146, -0.0976 2.2709 0.0098, -0.0975 2.2678 0.0058, -0.0973 2.2637 0.0026, -0.2554 2.2482 0.0026, -0.256 2.2522 0.0058, -0.2564 2.2553 0.0098, -0.4105 2.214 0.0007, -0.4116 2.2187 0.0026, -0.4125 2.2226 0.0058, -0.4132 2.2257 0.0098, -0.5673 2.184 0.0146, -0.5667 2.1822 0.0098, -0.5657 2.1792 0.0058, -0.5645 2.1753 0.0026, -0.563 2.1708 0.0007, -0.7129 2.1186 0.0026, -0.7145 2.1223 0.0058, -0.7157 2.1252 0.0098, -0.8534 2.0446 0.0007, -0.8557 2.0488 0.0026, -0.8576 2.0524 0.0058, -0.8591 2.0551 0.0098, -0.9967 1.9742 0.0146, -1.3789 2.0367 0.0005, -1.3549 2.0367 0.0005, -1.3528 2.0403 0.0019, -1.3839 2.0329 0.0005, -1.3844 2.0333 0.0007, -1.381 2.0403 0.0019, -1.3509 2.0435 0.0043, -1.3869 2.0358 0.0019, -1.3877 2.0367 0.0027, -1.3829 2.0435 0.0043, -1.3494 2.0462 0.0074, -1.3895 2.0384 0.0043, -1.3906 2.0395 0.0059, -1.3844 2.0462 0.0074, -1.3482 2.0482 0.0111, -1.3607 2.0391 0.0005, -1.3596 2.0431 0.0019, -1.3586 2.0467 0.0043, -1.3578 2.0497 0.0074, -1.3572 2.052 0.0111, -1.3669 2.0399 0.0005, -1.3669 2.0441 0.0019, -1.3669 2.0478 0.0043, -1.3669 2.0509 0.0074, -1.3669 2.0533 0.0111, -1.3731 2.0391 0.0005, -1.3742 2.0431 0.0019, -1.3752 2.0467 0.0043, -1.376 2.0497 0.0074, -1.3766 2.052 0.0111, -1.3856 2.0482 0.0111, -1.3475 2.0495 0.0153, -1.3917 2.0406 0.0074, -1.3928 2.0417 0.0099, -1.3934 2.0423 0.0111, -1.3942 2.0432 0.0146, -1.3568 2.0534 0.0153, -1.3669 2.0547 0.0153, -1.377 2.0534 0.0153, -1.3863 2.0495 0.0153, -1.3944 2.0433 0.0153, -1.3927 1.6157 0.0146, -1.3909 1.6148 0.0098, -1.388 1.6135 0.0058, -1.3843 1.6118 0.0026, -1.38 1.6098 0.0007, -1.3897 1.6249 0.0146, -1.3878 1.6246 0.0098, -1.3847 1.624 0.0058, -1.3807 1.6232 0.0026, -1.376 1.6223 0.0007, -1.389 1.6347 0.0146, -1.3871 1.6348 0.0098, -1.3839 1.6349 0.0058, -1.3799 1.6352 0.0026, -1.3751 1.6354 0.0007, -1.3907 1.6442 0.0146, -1.3888 1.6448 0.0098, -1.3859 1.6457 0.0058, -1.382 1.6469 0.0026, -1.3774 1.6483 0.0007, -1.3947 1.6531 0.0146, -1.393 1.6542 0.0098, -1.3903 1.6558 0.0058, -1.3868 1.6579 0.0026, -1.3828 1.6603 0.0007, -1.4007 1.6608 0.0146, -1.3993 1.6622 0.0098, -1.3971 1.6644 0.0058, -1.3942 1.6673 0.0026, -1.3908 1.6707 0.0007, -1.5613 1.8762 0.0146, -1.5599 1.8748 0.0098, -1.5577 1.8726 0.0058, -1.5548 1.8697 0.0026, -1.5515 1.8663 0.0007, -1.5613 1.8214 0.0146, -1.5599 1.8228 0.0098, -1.5577 1.825 0.0058, -1.5548 1.8279 0.0026, -1.5515 1.8313 0.0007, -1.5554 1.8612 0.0007, -1.5595 1.8636 0.0026, -1.563 1.8656 0.0058, -1.5658 1.8672 0.0098, -1.5675 1.8682 0.0146, -1.5579 1.8552 0.0007, -1.5625 1.8564 0.0026, -1.5664 1.8575 0.0058, -1.5694 1.8583 0.0098, -1.5713 1.8588 0.0146, -1.5587 1.8488 0.0007, -1.5635 1.8488 0.0026, -1.5675 1.8488 0.0058, -1.5707 1.8488 0.0098, -1.5726 1.8488 0.0146, -1.5579 1.8424 0.0007, -1.5625 1.8412 0.0026, -1.5664 1.8401 0.0058, -1.5694 1.8393 0.0098, -1.5713 1.8388 0.0146, -1.5554 1.8364 0.0007, -1.5595 1.834 0.0026, -1.563 1.832 0.0058, -1.5658 1.8304 0.0098, -1.5675 1.8295 0.0146, -1.1276 1.8613 0.1176, -1.1893 1.8722 0.1176, -1.1788 1.864 0.1176, -1.1888 1.8727 0.1174, -1.1767 1.8676 0.1162, -1.1163 1.8683 0.1176, -1.1168 1.8688 0.1174, -1.1294 1.8651 0.1162, -1.1189 1.8715 0.1162, -1.1309 1.8684 0.1138, -1.1747 1.8708 0.1138, -1.1855 1.8761 0.1154, -1.1863 1.8752 0.1162, -1.1731 1.8735 0.1107, -1.1826 1.8789 0.1123, -1.1837 1.8778 0.1138, -1.179 1.8825 0.1035, -1.1798 1.8817 0.107, -1.1719 1.8755 0.107, -1.1804 1.8811 0.1082, -1.1815 1.88 0.1107, -1.1667 1.8586 0.1176, -1.1654 1.8626 0.1162, -1.1643 1.8662 0.1138, -1.1634 1.8691 0.1107, -1.1627 1.8714 0.107, -1.1536 1.8563 0.1176, -1.1533 1.8605 0.1162, -1.1531 1.8642 0.1138, -1.153 1.8673 0.1107, -1.1528 1.8696 0.107, -1.1403 1.8572 0.1176, -1.1411 1.8613 0.1162, -1.1418 1.865 0.1138, -1.1424 1.868 0.1107, -1.1428 1.8703 0.107, -1.1323 1.8713 0.1107, -1.1332 1.8734 0.107, -1.1788 1.8827 0.1028, -1.1712 1.8767 0.1028, -1.1213 1.8744 0.1138, -1.1223 1.8757 0.1123, -1.1232 1.8769 0.1107, -1.1247 1.8787 0.107, -1.1255 1.8796 0.1035, -1.1623 1.8728 0.1028, -1.1528 1.8711 0.1028, -1.1431 1.8717 0.1028, -1.1339 1.8747 0.1028, -1.1256 1.8798 0.1028, -1.3499 2.0329 0.1176, -1.3494 2.0333 0.1174, -1.347 2.0358 0.1162, -1.3461 2.0367 0.1154, -1.3443 2.0384 0.1138, -1.3432 2.0395 0.1123, -1.3421 2.0406 0.1107, -1.341 2.0417 0.1082, -1.3404 2.0423 0.107, -1.3396 2.0432 0.1035, -1.3394 2.0433 0.1028, -1.387 1.5987 0.1174, -1.4807 1.4709 0.1174, -0.9916 1.9666 0.1155, -1.3907 1.6016 0.1155, -1.4847 1.4735 0.1155, -1.3938 1.6042 0.1123, -1.4881 1.4758 0.1123, -1.3963 1.6062 0.1083, -1.4907 1.4775 0.1083, -1.3978 1.6074 0.1035, -1.4923 1.4786 0.1035, -1.6451 1.1984 0.1035, -1.575 1.3419 0.1035, -1.7754 0.7386 0.1035, -1.7457 0.8956 0.1035, -1.7022 1.0492 0.1035, -1.791 0.5796 0.1035, -1.7923 0.4199 0.1035, -1.7794 0.2607 0.1035, -1.7524 0.1033 0.1035, -1.5892 -0.3459 0.1035, -1.6569 -0.2012 0.1035, -1.7114 -0.0511 0.1035, -1.313 -0.7359 0.1035, -1.4165 -0.6143 0.1035, -1.5089 -0.484 0.1035, -0.8039 -1.1168 0.1035, -0.9434 -1.039 0.1035, -1.199 -0.8478 0.1035, -1.0755 -0.9491 0.1035, -0.3518 -1.2716 0.1035, -0.5069 -1.2335 0.1035, -0.658 -1.1818 0.1035, -0.1939 -1.2957 0.1035, -0.0345 -1.3057 0.1035, 0.1252 -1.3014 0.1035, 0.2839 -1.2829 0.1035, 0.7412 -1.1441 0.1035, 0.5931 -1.2039 0.1035, 0.4402 -1.2503 0.1035, 1.1455 -0.8893 0.1035, 1.0185 -0.9862 0.1035, 0.8834 -1.0713 0.1035, 1.5532 -0.4015 0.1035, 1.468 -0.5366 0.1035, 1.2634 -0.7815 0.1035, 1.3712 -0.6636 0.1035, 1.7322 0.0417 0.1035, 1.6858 -0.1112 0.1035, 1.626 -0.2593 0.1035, 1.7648 0.198 0.1035, 1.7833 0.3567 0.1035, 1.7876 0.5164 0.1035, 1.7776 0.6758 0.1035, 1.6637 1.1399 0.1035, 1.7154 0.9888 0.1035, 1.7535 0.8337 0.1035, 1.431 1.5574 0.1035, 1.5209 1.4253 0.1035, 1.5987 1.2858 0.1035, 0.9659 1.9907 0.1035, 1.0962 1.8984 0.1035, 1.3297 1.6809 0.1035, 1.2178 1.7949 0.1035, 0.533 2.1933 0.1035, 0.6831 2.1388 0.1035, 0.8278 2.0711 0.1035, 0.3786 2.2343 0.1035, 0.2212 2.2613 0.1035, 0.062 2.2742 0.1035, -0.0977 2.2728 0.1035, -0.5673 2.184 0.1035, -0.4137 2.2276 0.1035, -0.2567 2.2573 0.1035, -0.7165 2.127 0.1035, -0.86 2.0568 0.1035, -0.9967 1.9742 0.1035, -1.5732 1.341 0.1083, -1.6433 1.1976 0.1083, -1.7003 1.0486 0.1083, -1.7438 0.8951 0.1083, -1.7734 0.7383 0.1083, -1.789 0.5795 0.1083, -1.7903 0.42 0.1083, -1.7775 0.261 0.1083, -1.7505 0.1037 0.1083, -1.7096 -0.0505 0.1083, -1.6551 -0.2005 0.1083, -1.5874 -0.345 0.1083, -1.5072 -0.4829 0.1083, -1.415 -0.6131 0.1083, -1.3115 -0.7346 0.1083, -1.1977 -0.8464 0.1083, -1.0743 -0.9476 0.1083, -0.9424 -1.0373 0.1083, -0.803 -1.115 0.1083, -0.6573 -1.18 0.1083, -0.5064 -1.2317 0.1083, -0.3514 -1.2697 0.1083, -0.1937 -1.2938 0.1083, -0.0344 -1.3037 0.1083, 0.1251 -1.2994 0.1083, 0.2835 -1.2809 0.1083, 0.4397 -1.2484 0.1083, 0.5924 -1.2021 0.1083, 0.7404 -1.1423 0.1083, 0.8824 -1.0696 0.1083, 1.0174 -0.9845 0.1083, 1.1443 -0.8878 0.1083, 1.262 -0.7801 0.1083, 1.3697 -0.6624 0.1083, 1.4664 -0.5355 0.1083, 1.5515 -0.4005 0.1083, 1.6242 -0.2585 0.1083, 1.684 -0.1105 0.1083, 1.7303 0.0421 0.1083, 1.7628 0.1983 0.1083, 1.7813 0.3568 0.1083, 1.7856 0.5163 0.1083, 1.7757 0.6756 0.1083, 1.7516 0.8333 0.1083, 1.7136 0.9882 0.1083, 1.6619 1.1392 0.1083, 1.5969 1.2849 0.1083, 1.5192 1.4243 0.1083, 1.4294 1.5562 0.1083, 1.3283 1.6796 0.1083, 1.2165 1.7934 0.1083, 1.095 1.8969 0.1083, 0.9648 1.9891 0.1083, 0.8269 2.0693 0.1083, 0.6824 2.137 0.1083, 0.5324 2.1914 0.1083, 0.3782 2.2324 0.1083, 0.2209 2.2593 0.1083, 0.0619 2.2722 0.1083, -0.0976 2.2709 0.1083, -0.2564 2.2553 0.1083, -0.4132 2.2257 0.1083, -0.5667 2.1822 0.1083, -0.7157 2.1252 0.1083, -0.8591 2.0551 0.1083, -0.9956 1.9726 0.1083, -1.5705 1.3395 0.1123, -1.6404 1.1964 0.1123, -1.6973 1.0476 0.1123, -1.7407 0.8944 0.1123, -1.7703 0.7379 0.1123, -1.7859 0.5794 0.1123, -1.7872 0.4201 0.1123, -1.7744 0.2613 0.1123, -1.7474 0.1044 0.1123, -1.7066 -0.0496 0.1123, -1.6522 -0.1993 0.1123, -1.5847 -0.3435 0.1123, -1.5046 -0.4812 0.1123, -1.4125 -0.6112 0.1123, -1.3092 -0.7325 0.1123, -1.1956 -0.844 0.1123, -1.0724 -0.945 0.1123, -0.9408 -1.0347 0.1123, -0.8016 -1.1122 0.1123, -0.6562 -1.177 0.1123, -0.5055 -1.2287 0.1123, -0.3508 -1.2666 0.1123, -0.1933 -1.2907 0.1123, -0.0344 -1.3006 0.1123, 0.1248 -1.2963 0.1123, 0.283 -1.2778 0.1123, 0.439 -1.2454 0.1123, 0.5914 -1.1991 0.1123, 0.7391 -1.1395 0.1123, 0.8809 -1.0669 0.1123, 1.0156 -0.982 0.1123, 1.1422 -0.8854 0.1123, 1.2598 -0.7779 0.1123, 1.3673 -0.6604 0.1123, 1.4639 -0.5337 0.1123, 1.5488 -0.399 0.1123, 1.6214 -0.2572 0.1123, 1.681 -0.1095 0.1123, 1.7273 0.0429 0.1123, 1.7597 0.1988 0.1123, 1.7782 0.357 0.1123, 1.7825 0.5163 0.1123, 1.7726 0.6752 0.1123, 1.7485 0.8327 0.1123, 1.7106 0.9874 0.1123, 1.6589 1.138 0.1123, 1.5941 1.2835 0.1123, 1.5166 1.4227 0.1123, 1.4269 1.5543 0.1123, 1.3259 1.6775 0.1123, 1.2144 1.7911 0.1123, 1.0931 1.8944 0.1123, 0.9631 1.9865 0.1123, 0.8254 2.0666 0.1123, 0.6812 2.1341 0.1123, 0.5315 2.1885 0.1123, 0.3775 2.2293 0.1123, 0.2205 2.2562 0.1123, 0.0618 2.2691 0.1123, -0.0975 2.2678 0.1123, -0.256 2.2522 0.1123, -0.4125 2.2226 0.1123, -0.5657 2.1792 0.1123, -0.7145 2.1223 0.1123, -0.8576 2.0524 0.1123, -0.9939 1.97 0.1123, -1.5669 1.3375 0.1155, -1.6367 1.1948 0.1155, -1.6935 1.0463 0.1155, -1.7368 0.8935 0.1155, -1.7663 0.7373 0.1155, -1.7818 0.5792 0.1155, -1.7831 0.4202 0.1155, -1.7703 0.2619 0.1155, -1.7434 0.1052 0.1155, -1.7027 -0.0484 0.1155, -1.6484 -0.1977 0.1155, -1.5811 -0.3417 0.1155, -1.5011 -0.479 0.1155, -1.4093 -0.6087 0.1155, -1.3063 -0.7297 0.1155, -1.1929 -0.841 0.1155, -1.07 -0.9418 0.1155, -0.9386 -1.0312 0.1155, -0.7998 -1.1086 0.1155, -0.6547 -1.1733 0.1155, -0.5043 -1.2247 0.1155, -0.35 -1.2626 0.1155, -0.1929 -1.2866 0.1155, -0.0343 -1.2965 0.1155, 0.1245 -1.2922 0.1155, 0.2824 -1.2738 0.1155, 0.438 -1.2414 0.1155, 0.59 -1.1953 0.1155, 0.7374 -1.1358 0.1155, 0.8788 -1.0633 0.1155, 1.0133 -0.9786 0.1155, 1.1396 -0.8823 0.1155, 1.2569 -0.775 0.1155, 1.3641 -0.6577 0.1155, 1.4605 -0.5314 0.1155, 1.5452 -0.3969 0.1155, 1.6176 -0.2555 0.1155, 1.6772 -0.1081 0.1155, 1.7233 0.0439 0.1155, 1.7557 0.1995 0.1155, 1.7741 0.3573 0.1155, 1.7784 0.5162 0.1155, 1.7685 0.6748 0.1155, 1.7445 0.8319 0.1155, 1.7066 0.9862 0.1155, 1.6551 1.1366 0.1155, 1.5905 1.2817 0.1155, 1.5131 1.4205 0.1155, 1.4237 1.5519 0.1155, 1.3229 1.6748 0.1155, 1.2116 1.7882 0.1155, 1.0906 1.8912 0.1155, 0.9609 1.983 0.1155, 0.8235 2.0629 0.1155, 0.6796 2.1303 0.1155, 0.5303 2.1846 0.1155, 0.3767 2.2253 0.1155, 0.22 2.2522 0.1155, 0.0616 2.265 0.1155, -0.0973 2.2637 0.1155, -0.2554 2.2482 0.1155, -0.4116 2.2187 0.1155, -0.5645 2.1753 0.1155, -0.7129 2.1186 0.1155, -0.8557 2.0488 0.1155, -1.5627 1.3353 0.1174, -1.6323 1.1929 0.1174, -1.6889 1.0448 0.1174, -1.7322 0.8924 0.1174, -1.7616 0.7366 0.1174, -1.7771 0.5789 0.1174, -1.7784 0.4204 0.1174, -1.7656 0.2624 0.1174, -1.7388 0.1062 0.1174, -1.6981 -0.0469 0.1174, -1.644 -0.1959 0.1174, -1.5768 -0.3395 0.1174, -1.4971 -0.4764 0.1174, -1.4055 -0.6058 0.1174, -1.3028 -0.7264 0.1174, -1.1897 -0.8375 0.1174, -1.0671 -0.938 0.1174, -0.9361 -1.0272 0.1174, -0.7977 -1.1043 0.1174, -0.6529 -1.1688 0.1174, -0.503 -1.2202 0.1174, -0.3491 -1.258 0.1174, -0.1924 -1.2819 0.1174, -0.0342 -1.2918 0.1174, 0.1242 -1.2875 0.1174, 0.2816 -1.2691 0.1174, 0.4368 -1.2368 0.1174, 0.5884 -1.1908 0.1174, 0.7354 -1.1314 0.1174, 0.8765 -1.0592 0.1174, 1.0106 -0.9747 0.1174, 1.1366 -0.8786 0.1174, 1.2535 -0.7717 0.1174, 1.3605 -0.6547 0.1174, 1.4566 -0.5287 0.1174, 1.5411 -0.3946 0.1174, 1.6133 -0.2535 0.1174, 1.6727 -0.1066 0.1174, 1.7187 0.0451 0.1174, 1.751 0.2003 0.1174, 1.7694 0.3577 0.1174, 1.7737 0.5161 0.1174, 1.7638 0.6743 0.1174, 1.7399 0.831 0.1174, 1.7021 0.9849 0.1174, 1.6507 1.1348 0.1174, 1.5862 1.2796 0.1174, 1.5091 1.418 0.1174, 1.4199 1.549 0.1174, 1.3194 1.6716 0.1174, 1.2083 1.7847 0.1174, 1.0877 1.8874 0.1174, 0.9583 1.979 0.1174, 0.8213 2.0587 0.1174, 0.6778 2.1259 0.1174, 0.5288 2.18 0.1174, 0.3756 2.2207 0.1174, 0.2194 2.2475 0.1174, 0.0615 2.2603 0.1174, -0.097 2.2589 0.1174, -0.2547 2.2435 0.1174, -0.4105 2.214 0.1174, -0.563 2.1708 0.1174, -0.711 2.1142 0.1174, -0.8534 2.0446 0.1174, -0.989 1.9626 0.1174, -1.3863 2.0495 0.1028, -1.3475 2.0495 0.1028, -1.3482 2.0482 0.107, -1.3944 2.0433 0.1028, -1.3942 2.0432 0.1035, -1.3856 2.0482 0.107, -1.3494 2.0462 0.1107, -1.3934 2.0423 0.107, -1.3928 2.0417 0.1082, -1.3844 2.0462 0.1107, -1.3509 2.0435 0.1138, -1.3917 2.0406 0.1107, -1.3906 2.0395 0.1123, -1.3829 2.0435 0.1138, -1.3528 2.0403 0.1162, -1.3568 2.0534 0.1028, -1.3572 2.052 0.107, -1.3578 2.0497 0.1107, -1.3586 2.0467 0.1138, -1.3596 2.0431 0.1162, -1.3669 2.0547 0.1028, -1.3669 2.0533 0.107, -1.3669 2.0509 0.1107, -1.3669 2.0478 0.1138, -1.3669 2.0441 0.1162, -1.377 2.0534 0.1028, -1.3766 2.052 0.107, -1.376 2.0497 0.1107, -1.3752 2.0467 0.1138, -1.3742 2.0431 0.1162, -1.381 2.0403 0.1162, -1.3549 2.0367 0.1176, -1.3895 2.0384 0.1138, -1.3877 2.0367 0.1154, -1.3869 2.0358 0.1162, -1.3844 2.0333 0.1174, -1.3607 2.0391 0.1176, -1.3669 2.0399 0.1176, -1.3731 2.0391 0.1176, -1.3789 2.0367 0.1176, -1.3839 2.0329 0.1176, -1.38 1.6098 0.1174, -1.3843 1.6118 0.1155, -1.388 1.6135 0.1123, -1.3909 1.6148 0.1083, -1.3927 1.6157 0.1035, -1.376 1.6223 0.1174, -1.3807 1.6232 0.1155, -1.3847 1.624 0.1123, -1.3878 1.6246 0.1083, -1.3897 1.6249 0.1035, -1.3751 1.6354 0.1174, -1.3799 1.6352 0.1155, -1.3839 1.6349 0.1123, -1.3871 1.6348 0.1083, -1.389 1.6347 0.1035, -1.3774 1.6483 0.1174, -1.382 1.6469 0.1155, -1.3859 1.6457 0.1123, -1.3888 1.6448 0.1083, -1.3907 1.6442 0.1035, -1.3828 1.6603 0.1174, -1.3868 1.6579 0.1155, -1.3903 1.6558 0.1123, -1.393 1.6542 0.1083, -1.3947 1.6531 0.1035, -1.3908 1.6707 0.1174, -1.3942 1.6673 0.1155, -1.3971 1.6644 0.1123, -1.3993 1.6622 0.1083, -1.4007 1.6608 0.1035, -1.5613 1.8762 0.1035, -1.5599 1.8748 0.1083, -1.5577 1.8726 0.1123, -1.5548 1.8697 0.1155, -1.5515 1.8663 0.1174, -1.5613 1.8214 0.1035, -1.5599 1.8228 0.1083, -1.5577 1.825 0.1123, -1.5548 1.8279 0.1155, -1.5515 1.8313 0.1174, -1.5675 1.8682 0.1035, -1.5658 1.8672 0.1083, -1.563 1.8656 0.1123, -1.5595 1.8636 0.1155, -1.5554 1.8612 0.1174, -1.5713 1.8588 0.1035, -1.5694 1.8583 0.1083, -1.5664 1.8575 0.1123, -1.5625 1.8564 0.1155, -1.5579 1.8552 0.1174, -1.5726 1.8488 0.1035, -1.5707 1.8488 0.1083, -1.5675 1.8488 0.1123, -1.5635 1.8488 0.1155, -1.5587 1.8488 0.1174, -1.5713 1.8388 0.1035, -1.5694 1.8393 0.1083, -1.5664 1.8401 0.1123, -1.5625 1.8412 0.1155, -1.5579 1.8424 0.1174, -1.5675 1.8295 0.1035, -1.5658 1.8304 0.1083, -1.563 1.832 0.1123, -1.5595 1.834 0.1155, -1.5554 1.8364 0.1174, -1.3263 1.4088 1.5354, -1.2683 1.4841 1.5354, -1.2684 1.4841 0.2362, 0.0511 -1.127 0.2362, 0.1073 -1.1257 0.2362, 0.2609 -1.1078 1.5354, 0.2533 -1.109 0.2362, 0.2656 -1.1068 1.5354, 0.2656 -1.1065 0.2362, 0.4089 -1.0761 1.5354, 0.3972 -1.0791 0.2362, 0.4749 -1.0553 1.5354, 0.475 -1.0554 0.2362, 0.5532 -1.0307 1.5354, 0.5377 -1.0363 0.2362, 0.6738 -0.9808 0.2362, 0.6764 -0.9788 1.5354, 0.6766 -0.9794 0.2362, 0.6927 -0.972 1.5354, 0.8043 -0.9132 0.2362, 0.826 -0.9004 1.5354, 1.1931 -0.597 0.2362, 1.178 -0.6159 1.5354, 1.1515 -0.6436 0.2362, 1.0698 -0.7216 1.5354, 0.8649 -0.8746 1.5354, 0.8649 -0.8745 0.2362, 0.9521 -0.8167 1.5354, 0.9281 -0.834 0.2362, 1.0385 -0.7469 1.5354, 1.0392 -0.7478 0.2362, 1.0441 -0.7439 0.2362, 1.4371 -0.2447 1.5354, 1.3625 -0.3764 1.5354, 1.3275 -0.4285 0.2362, 1.3266 -0.4279 1.5354, 1.2493 -0.534 0.2362, 1.2759 -0.5004 1.5354, 1.1936 -0.5974 1.5354, 1.3368 -0.4159 0.2362, 1.4131 -0.2904 0.2362, 1.4378 -0.2433 1.5354, 1.4365 -0.2426 0.2362, 1.4991 -0.1067 1.5354, 1.4777 -0.1584 0.2362, 1.5204 -0.0442 1.5354, 1.5212 -0.0445 0.2362, 1.5479 0.0365 1.5354, 1.5301 -0.0211 0.2362, 1.5697 0.1204 0.2362, 1.5782 0.1634 1.5354, 1.5776 0.1634 0.2362, 1.5831 0.1837 1.5354, 1.5963 0.2649 0.2362, 1.6043 0.3335 1.5354, 1.6066 0.377 0.2362, 1.6063 0.377 1.5354, 1.6097 0.4112 0.2362, 1.6114 0.4847 1.5354, 1.6097 0.5582 0.2362, 1.6063 0.5924 1.5354, 1.6066 0.5924 0.2362, 1.6043 0.6359 1.5354, 1.5963 0.7045 0.2362, 1.5831 0.7857 1.5354, 1.5776 0.806 0.2362, 1.5782 0.806 1.5354, 1.5697 0.849 0.2362, 1.5479 0.9329 1.5354, 1.5301 0.9905 0.2362, 1.5204 1.0136 1.5354, 1.5212 1.0138 0.2362, 1.4991 1.0761 1.5354, 1.4777 1.1278 0.2362, 1.4378 1.2127 1.5354, 1.4365 1.212 0.2362, 1.4371 1.2141 1.5354, 1.4131 1.2598 0.2362, 1.3625 1.3458 1.5354, 1.3368 1.3853 0.2362, 1.3266 1.3972 1.5354, 1.3275 1.3979 0.2362, 1.2759 1.4698 1.5354, 1.2493 1.5034 0.2362, 1.1936 1.5668 1.5354, 1.1931 1.5664 0.2362, 1.178 1.5853 1.5354, 1.1515 1.613 0.2362, 1.0698 1.691 1.5354, 1.0441 1.7133 0.2362, 1.0385 1.7163 1.5354, 1.0392 1.7171 0.2362, 0.9521 1.7861 1.5354, 0.9281 1.8034 0.2362, 0.8649 1.844 1.5354, 0.8649 1.8439 0.2362, 0.826 1.8698 1.5354, 0.8043 1.8826 0.2362, 0.6927 1.9414 1.5354, 0.6766 1.9488 0.2362, 0.6764 1.9482 1.5354, 0.5532 2.0001 1.5354, -0.6293 1.9724 1.5354, -0.7454 1.9179 0.2362, -0.7658 1.9072 1.5354, -0.7779 1.8991 0.2362, -0.7782 1.8997 1.5354, 0.6738 1.9502 0.2362, 0.5377 2.0057 0.2362, 0.4749 2.0247 1.5354, 0.475 2.0248 0.2362, 0.4089 2.0455 1.5354, 0.3972 2.0485 0.2362, 0.2656 2.0762 1.5354, 0.2656 2.0759 0.2362, 0.2609 2.0772 1.5354, 0.2533 2.0784 0.2362, 0.1106 2.0949 1.5354, 0.1073 2.0951 0.2362, 0.0511 2.0963 1.5354, 0.0511 2.0964 0.2362, -0.0406 2.0984 1.5354, -0.0396 2.0985 0.2362, -0.1643 2.0897 1.5354, -0.1643 2.0899 0.2362, -0.1916 2.0878 1.5354, -0.1861 2.0884 0.2362, -0.3409 2.0631 1.5354, -0.3312 2.0651 0.2362, -0.3767 2.0536 1.5354, -0.3766 2.0535 0.2362, -0.4872 2.0245 1.5354, -0.4736 2.0287 0.2362, -0.5824 1.9895 1.5354, -0.5826 1.99 0.2362, -0.612 1.9795 0.2362, -0.8957 1.8295 1.5354, -0.8727 1.8444 0.2362, -0.9593 1.7828 1.5354, -0.9595 1.7831 0.2362, -1.0177 1.7399 1.5354, -1.2073 1.5593 0.2362, -0.9927 1.7597 0.2362, -1.1046 1.6644 0.2362, -1.1247 1.6447 1.5354, -1.1242 1.6443 0.2362, -1.1307 1.6394 1.5354, -1.2339 1.5287 1.5354, -1.5308 1.005 1.5354, -1.4877 1.1144 1.5354, -1.4874 1.1142 0.2362, -1.4754 1.1458 1.5354, -1.4525 1.1945 0.2362, -1.407 1.2808 1.5354, -1.391 1.3069 0.2362, -1.3907 1.3067 1.5354, -1.382 1.3234 0.2362, -1.3 1.4453 0.2362, -1.6009 0.6996 0.2362, -1.601 0.711 1.5354, -1.5903 0.7771 0.2362, -1.5728 0.8597 1.5354, -1.5592 0.9111 0.2362, -1.5581 0.9107 1.5354, -1.5571 0.9202 0.2362, -1.5111 1.0597 0.2362, 0.1106 -1.1255 1.5354, 0.0511 -1.1269 1.5354, -0.0396 -1.1291 0.2362, -0.0406 -1.129 1.5354, -0.1643 -1.1205 0.2362, -0.1643 -1.1203 1.5354, -0.1861 -1.119 0.2362, -0.1916 -1.1184 1.5354, -0.3312 -1.0957 0.2362, -0.3409 -1.0937 1.5354, -0.3766 -1.0841 0.2362, -0.3767 -1.0842 1.5354, -0.4736 -1.0593 0.2362, -0.4872 -1.0551 1.5354, -0.5826 -1.0206 0.2362, -0.5824 -1.0201 1.5354, -0.612 -1.0101 0.2362, -0.6293 -1.003 1.5354, -0.7454 -0.9485 0.2362, -0.7658 -0.9378 1.5354, -0.7779 -0.9297 0.2362, -0.7782 -0.9303 1.5354, -0.8727 -0.875 0.2362, -0.8957 -0.8601 1.5354, -0.9595 -0.8137 0.2362, -0.9593 -0.8134 1.5354, -0.9927 -0.7903 0.2362, -1.0177 -0.7705 1.5354, -1.1046 -0.695 0.2362, -1.1247 -0.6753 1.5354, -1.1242 -0.6749 0.2362, -1.1307 -0.67 1.5354, -1.2073 -0.5899 0.2362, -1.2339 -0.5593 1.5354, -1.2684 -0.5147 0.2362, -1.2683 -0.5147 1.5354, -1.3 -0.4759 0.2362, -1.3263 -0.4394 1.5354, -1.382 -0.354 0.2362, -1.3907 -0.3373 1.5354, -1.391 -0.3376 0.2362, -1.407 -0.3114 1.5354, -1.4525 -0.2251 0.2362, -1.4754 -0.1765 1.5354, -1.4874 -0.1448 0.2362, -1.4877 -0.145 1.5354, -1.5111 -0.0903 0.2362, -1.5308 -0.0357 1.5354, -1.5571 0.0492 0.2362, -1.5581 0.0587 1.5354, -1.5592 0.0583 0.2362, -1.5728 0.1097 1.5354, -1.5903 0.1923 0.2362, -1.601 0.2584 1.5354, -1.6009 0.2698 0.2362, -1.6021 0.2696 1.5354, -1.6103 0.3379 0.2362, -1.6152 0.409 1.5354, -1.617 0.4847 0.2362, -1.6152 0.4847 1.5354, -1.6103 0.6315 0.2362, -1.6152 0.5604 1.5354, -1.6021 0.6998 1.5354, 0.8063 1.8861 0.2057, 0.9304 1.8067 0.2057, 0.9304 -0.8373 0.2057, -1.5942 0.1916 0.2057, -1.4568 1.3689 0.1221, -1.5312 1.233 0.1221, -1.5056 1.2205 0.1339, -1.6975 0.6394 0.1221, -0.4991 -1.143 0.1221, -0.349 -1.1814 0.1221, -0.3432 -1.1535 0.1339, 1.6831 0.7164 0.1221, 1.655 0.8688 0.1221, 1.6273 0.8623 0.1339, -1.2726 1.6176 0.1221, -1.3704 1.4974 0.1221, -1.3475 1.4805 0.1339, -0.6451 -1.0912 0.1221, -0.4908 -1.1158 0.1339, -0.3383 -1.1296 0.1527, 1.6971 0.5622 0.1221, 1.6548 0.7125 0.1339, 1.6034 0.8568 0.1527, -1.1643 1.7284 0.1221, -1.2513 1.5986 0.1339, -1.3278 1.4659 0.1527, -1.5434 1.0721 0.1527, -1.5663 1.0808 0.1339, -1.5929 1.0909 0.1221, -1.6447 0.3348 0.1527, -1.6516 0.4847 0.1527, -1.676 0.4847 0.1339, -0.7857 -1.0262 0.1221, -0.6343 -1.0648 0.1339, -0.4837 -1.0924 0.1527, -0.3344 -1.1112 0.1772, 1.6971 0.4072 0.1221, 1.6687 0.5609 0.1339, 1.6306 0.7092 0.1527, 1.5851 0.8526 0.1772, -1.0464 1.8288 0.1221, -1.1449 1.7076 0.1339, -1.2331 1.5823 0.1527, -1.3127 1.4548 0.1772, -1.5724 0.9245 0.1772, -1.5904 0.9295 0.1527, -1.614 0.9361 0.1339, -1.6414 0.9438 0.1221, -0.9199 -0.9488 0.1221, -0.7726 -1.0009 0.1339, -0.6251 -1.0421 0.1527, -0.4782 -1.0744 0.1772, -0.332 -1.0997 0.2057, -0.0399 -1.1449 0.1772, -0.1879 -1.1348 0.1772, -0.1901 -1.1534 0.1527, 1.6831 0.253 0.1221, 1.6687 0.4085 0.1339, 1.6443 0.5597 0.1527, 1.612 0.7066 0.1772, 1.5736 0.8499 0.2057, 1.4922 1.1341 0.1772, 1.5451 0.9954 0.1772, 1.5629 1.0013 0.1527, -0.9199 1.9182 0.1221, -1.0289 1.8063 0.1339, -1.1282 1.6897 0.1527, -1.2191 1.5699 0.1772, -1.3032 1.4477 0.2057, -1.4668 1.2015 0.1772, -1.3955 1.3316 0.1772, -1.4115 1.3414 0.1527, -1.5942 0.7778 0.2057, -1.6058 0.7799 0.1772, -1.6243 0.7833 0.1527, -1.6484 0.7877 0.1339, -1.6764 0.7929 0.1221, -1.6143 0.3375 0.2057, -1.6261 0.3365 0.1772, -1.5148 -0.0918 0.2057, -1.561 0.0481 0.2057, -1.5724 0.0449 0.1772, -1.6058 0.1895 0.1772, -1.6243 0.1861 0.1527, -1.6691 0.3325 0.1339, -1.7045 0.4847 0.1221, -1.6764 0.1765 0.1221, -1.6414 0.0256 0.1221, -1.614 0.0333 0.1339, -1.5663 -0.1114 0.1339, -1.5434 -0.1027 0.1527, -1.4836 -0.2403 0.1527, -1.4668 -0.2321 0.1772, -1.3955 -0.3622 0.1772, -1.3854 -0.3561 0.2057, -1.3032 -0.4783 0.2057, -1.5312 -0.2636 0.1221, -1.4568 -0.3995 0.1221, -1.4324 -0.3847 0.1339, -1.3475 -0.5111 0.1339, -1.3278 -0.4965 0.1527, -1.2331 -0.613 0.1527, -1.2191 -0.6005 0.1772, -1.1154 -0.7066 0.1772, -1.1073 -0.6979 0.2057, -0.9952 -0.7935 0.2057, -1.2726 -0.6482 0.1221, -1.1643 -0.759 0.1221, -1.1449 -0.7382 0.1339, -1.0289 -0.8369 0.1339, -1.0139 -0.8176 0.1527, -0.8913 -0.9042 0.1527, -0.8812 -0.8884 0.1772, -0.7527 -0.9626 0.1772, -0.7473 -0.9521 0.2057, -0.6135 -1.0138 0.2057, -0.1866 -1.123 0.2057, -0.0396 -1.1331 0.2057, 0.1076 -1.1297 0.2057, 0.254 -1.113 0.2057, 0.1084 -1.1415 0.1772, -0.0403 -1.1636 0.1527, -0.1929 -1.1777 0.1339, -0.1961 -1.206 0.1221, -0.0415 -1.2166 0.1221, -0.0409 -1.1881 0.1339, 0.1114 -1.1846 0.1339, 0.1097 -1.1602 0.1527, 0.2588 -1.1432 0.1527, 0.2558 -1.1246 0.1772, 0.4011 -1.0945 0.1772, 0.3982 -1.083 0.2057, 0.5391 -1.0401 0.2057, 0.1133 -1.213 0.1221, 0.2627 -1.1673 0.1339, 0.4058 -1.1126 0.1527, 0.543 -1.0512 0.1772, 0.6755 -0.9845 0.2057, 0.2672 -1.1955 0.1221, 0.4189 -1.1639 0.1221, 0.4118 -1.1363 0.1339, 0.5575 -1.0919 0.1339, 0.5493 -1.0689 0.1527, 0.6883 -1.0122 0.1527, 0.6804 -0.9952 0.1772, 0.8122 -0.9269 0.1772, 0.8063 -0.9167 0.2057, 0.5671 -1.1188 0.1221, 0.7105 -1.0603 0.1221, 0.6986 -1.0344 0.1339, 0.8338 -0.9644 0.1339, 0.8216 -0.9432 0.1527, 0.948 -0.8623 0.1527, 0.9372 -0.847 0.1772, 1.0544 -0.756 0.1772, 1.0467 -0.747 0.2057, 1.1544 -0.6464 0.2057, 0.9785 -0.9056 0.1221, 1.1009 -0.8106 0.1221, 1.0824 -0.7889 0.1339, 1.1937 -0.6849 0.1339, 1.1762 -0.6678 0.1527, 1.2762 -0.5558 0.1527, 1.2616 -0.544 0.1772, 1.3499 -0.4247 0.1772, 1.3401 -0.4182 0.2057, 1.4166 -0.2923 0.2057, 1.3172 -0.5892 0.1221, 1.4094 -0.4647 0.1221, 1.3858 -0.4489 0.1339, 1.4649 -0.3187 0.1339, 1.4435 -0.307 0.1527, 1.5095 -0.1722 0.1527, 1.4922 -0.1647 0.1772, 1.5451 -0.0261 0.1772, 1.5339 -0.0224 0.2057, 1.5736 0.1195 0.2057, 1.558 -0.1933 0.1221, 1.6132 -0.0485 0.1221, 1.5862 -0.0396 0.1339, 1.6273 0.1071 0.1339, 1.6034 0.1126 0.1527, 1.6306 0.2602 0.1527, 1.612 0.2627 0.1772, 1.6255 0.4105 0.1772, 1.6137 0.411 0.2057, 1.6137 0.5583 0.2057, 1.5339 0.9917 0.2057, 1.4814 1.1294 0.2057, 1.4166 1.2617 0.2057, 1.3401 1.3875 0.2057, 1.427 1.2674 0.1772, 1.5095 1.1416 0.1527, 1.5862 1.009 0.1339, 1.6132 1.0179 0.1221, 1.558 1.1627 0.1221, 1.5319 1.1513 0.1339, 1.4649 1.2881 0.1339, 1.4435 1.2764 0.1527, 1.3655 1.4046 0.1527, 1.3499 1.3941 0.1772, 1.2616 1.5134 0.1772, 1.2524 1.5059 0.2057, 1.1544 1.6158 0.2057, 1.4899 1.3018 0.1221, 1.3858 1.4182 0.1339, 1.2762 1.5252 0.1527, 1.1628 1.6241 0.1772, 1.0467 1.7164 0.2057, 1.2141 1.6742 0.1221, 1.1009 1.7799 0.1221, 1.0824 1.7583 0.1339, 0.9621 1.8517 0.1339, 0.948 1.8317 0.1527, 0.8216 1.9126 0.1527, 0.8122 1.8963 0.1772, 0.6804 1.9646 0.1772, 0.6755 1.9539 0.2057, 0.5391 2.0095 0.2057, 0.8481 1.9584 0.1221, 0.7105 2.0297 0.1221, 0.6986 2.0038 0.1339, 0.5575 2.0613 0.1339, 0.5493 2.0383 0.1527, 0.4058 2.082 0.1527, 0.4011 2.0639 0.1772, 0.2558 2.094 0.1772, 0.254 2.0824 0.2057, 0.1076 2.0991 0.2057, 0.4189 2.1333 0.1221, 0.2672 2.1649 0.1221, 0.2627 2.1367 0.1339, 0.1114 2.154 0.1339, 0.1097 2.1296 0.1527, -0.0403 2.133 0.1527, -0.0399 2.1143 0.1772, -0.1879 2.1041 0.1772, -0.1866 2.0924 0.2057, -0.332 2.069 0.2057, -0.0415 2.186 0.1221, -0.1961 2.1754 0.1221, -0.1929 2.1471 0.1339, -0.3432 2.1229 0.1339, -0.3383 2.099 0.1527, -0.4837 2.0618 0.1527, -0.4782 2.0438 0.1772, -0.618 1.9941 0.1772, -0.6135 1.9832 0.2057, -0.7473 1.9215 0.2057, -0.4991 2.1124 0.1221, -0.6451 2.0606 0.1221, -0.6343 2.0342 0.1339, -0.7726 1.9703 0.1339, -0.7613 1.9486 0.1527, -0.8913 1.8736 0.1527, -0.8812 1.8578 0.1772, -1.0024 1.7722 0.1772, -0.9952 1.7629 0.2057, -1.1073 1.6673 0.2057, -1.3854 1.3255 0.2057, -1.4562 1.1963 0.2057, -1.5148 1.0612 0.2057, -1.561 0.9213 0.2057, -1.5259 1.0654 0.1772, -1.4836 1.2097 0.1527, -1.4324 1.3541 0.1339, -1.6328 0.4847 0.1772, -1.621 0.4847 0.2057, -1.4562 -0.2269 0.2057, -1.5259 -0.096 0.1772, -1.5904 0.0399 0.1527, -1.6484 0.1816 0.1339, -1.6975 0.33 0.1221, -1.2103 -0.5926 0.2057, -1.3127 -0.4854 0.1772, -1.4115 -0.372 0.1527, -1.5056 -0.2511 0.1339, -1.5929 -0.1215 0.1221, -0.8749 -0.8784 0.2057, -1.0024 -0.8028 0.1772, -1.1282 -0.7203 0.1527, -1.2513 -0.6292 0.1339, -1.3704 -0.528 0.1221, -0.4747 -1.0632 0.2057, -0.618 -1.0247 0.1772, -0.7613 -0.9792 0.1527, -0.9045 -0.9248 0.1339, -1.0464 -0.8594 0.1221, 1.2524 -0.5365 0.2057, 1.1628 -0.6547 0.1772, 1.0666 -0.7703 0.1527, 0.9621 -0.8823 0.1339, 0.8481 -0.989 0.1221, 1.4814 -0.16 0.2057, 1.427 -0.298 0.1772, 1.3655 -0.4352 0.1527, 1.2951 -0.5713 0.1339, 1.2141 -0.7048 0.1221, 1.6003 0.2644 0.2057, 1.5851 0.1168 0.1772, 1.5629 -0.0319 0.1527, 1.5319 -0.1819 0.1339, 1.4899 -0.3324 0.1221, 1.6003 0.705 0.2057, 1.6255 0.5589 0.1772, 1.6443 0.4097 0.1527, 1.6548 0.2569 0.1339, 1.655 0.1006 0.1221, 1.0544 1.7254 0.1772, 1.1762 1.6372 0.1527, 1.2951 1.5407 0.1339, 1.4094 1.4341 0.1221, 0.9372 1.8164 0.1772, 1.0666 1.7396 0.1527, 1.1937 1.6543 0.1339, 1.3172 1.5586 0.1221, 0.3982 2.0524 0.2057, 0.543 2.0206 0.1772, 0.6883 1.9816 0.1527, 0.8338 1.9338 0.1339, 0.9785 1.8749 0.1221, -0.0396 2.1025 0.2057, 0.1084 2.1109 0.1772, 0.2588 2.1126 0.1527, 0.4118 2.1057 0.1339, 0.5671 2.0882 0.1221, -0.4747 2.0325 0.2057, -0.3344 2.0806 0.1772, -0.1901 2.1228 0.1527, -0.0409 2.1575 0.1339, 0.1133 2.1824 0.1221, -0.8749 1.8478 0.2057, -0.7527 1.9319 0.1772, -0.6251 2.0115 0.1527, -0.4908 2.0852 0.1339, -0.349 2.1508 0.1221, -1.2103 1.562 0.2057, -1.1154 1.676 0.1772, -1.0139 1.787 0.1527, -0.9045 1.8942 0.1339, -0.7857 1.9956 0.1221, -1.6143 0.6318 0.2057, -1.6691 0.6369 0.1339, -1.6447 0.6346 0.1527, -1.6261 0.6329 0.1772, 1.6003 0.6355 1.566, 1.544 0.9317 1.566, 1.4336 1.2123 1.566, 1.2727 1.4674 1.566, 0.9497 1.7829 1.566, 0.5518 1.9963 1.566, 0.2603 2.0732 1.566, -0.0406 2.0944 1.566, -0.486 2.0206 1.566, -0.8934 1.8261 1.566, -1.1279 1.6365 1.566, -1.323 1.4065 1.566, -1.527 1.0038 1.566, -1.6112 0.5602 1.566, -1.6112 0.4092 1.566, -1.5971 0.2589 1.566, -1.527 -0.0344 1.566, -1.323 -0.4371 1.566, -1.0151 -0.7674 1.566, -0.8934 -0.8567 1.566, -0.7639 -0.9342 1.566, -0.486 -1.0512 1.566, -0.0406 -1.125 1.566, 0.4079 -1.0722 1.566, 0.5518 -1.0269 1.566, 0.6909 -0.9683 1.566, 0.9497 -0.8135 1.566, 1.2727 -0.498 1.566, 1.4954 -0.1052 1.566, 1.544 0.0377 1.566, 1.4638 0.0608 1.6495, 1.4971 0.2 1.6495, 1.525 0.1947 1.6377, 1.5171 0.3417 1.6495, 1.5455 0.3391 1.6377, 1.5698 0.3368 1.6189, 1.5238 0.4847 1.6495, 1.5523 0.4847 1.6377, 1.5768 0.4847 1.6189, 1.5955 0.4847 1.5945, 1.5171 0.6277 1.6495, 1.5455 0.6303 1.6377, 1.5698 0.6326 1.6189, 1.5885 0.6344 1.5945, 1.5885 0.335 1.5945, 1.6003 0.3339 1.566, 1.6073 0.4847 1.566, 1.5791 0.1845 1.566, 1.5327 0.0409 1.5945, 1.5675 0.1867 1.5945, 1.5147 0.0461 1.6189, 1.5491 0.1902 1.6189, 1.4912 0.0529 1.6377, 1.2885 -0.3297 1.6495, 1.2065 -0.447 1.6495, 1.3126 -0.3449 1.6377, 1.2291 -0.4644 1.6377, 1.3333 -0.3579 1.6189, 1.2485 -0.4793 1.6189, 1.3491 -0.3679 1.5945, 1.2633 -0.4908 1.5945, 1.3591 -0.3742 1.566, 1.0116 -0.6562 1.6495, 0.9003 -0.7462 1.6495, 1.0305 -0.6775 1.6377, 0.9172 -0.7691 1.6377, 1.0468 -0.6957 1.6189, 0.9316 -0.7888 1.6189, 1.0593 -0.7098 1.5945, 0.9427 -0.804 1.5945, 1.0671 -0.7186 1.566, 0.1045 -1.0382 1.6495, -0.0386 -1.0415 1.6495, 0.1065 -1.0666 1.6377, -0.0393 -1.07 1.6377, 0.1082 -1.091 1.6189, -0.0398 -1.0944 1.6189, 0.1095 -1.1097 1.5945, -0.0403 -1.1132 1.5945, 0.1103 -1.1215 1.566, -0.3225 -1.0081 1.6495, -0.4609 -0.9716 1.6495, -0.3285 -1.0359 1.6377, -0.4695 -0.9987 1.6377, -0.3336 -1.0598 1.6189, -0.4768 -1.0221 1.6189, -0.3376 -1.0782 1.5945, -0.4824 -1.04 1.5945, -0.34 -1.0897 1.566, -1.1671 -0.5027 1.6495, -1.2545 -0.3893 1.6495, -1.1889 -0.5211 1.6377, -1.2778 -0.4056 1.6377, -1.2075 -0.5369 1.6189, -1.2979 -0.4196 1.6189, -1.2218 -0.5491 1.5945, -1.3133 -0.4304 1.5945, -1.2308 -0.5567 1.566, -1.3955 -0.1406 1.6495, -1.4479 -0.0074 1.6495, -1.4215 -0.1523 1.6377, -1.4749 -0.0166 1.6377, -1.4438 -0.1623 1.6189, -1.4981 -0.0245 1.6189, -1.4609 -0.17 1.5945, -1.5158 -0.0306 1.5945, -1.4717 -0.1748 1.566, -1.4877 0.8393 1.6495, -1.4479 0.9768 1.6495, -1.5154 0.846 1.6377, -1.4749 0.986 1.6377, -1.5392 0.8516 1.6189, -1.4981 0.9939 1.6189, -1.5574 0.856 1.5945, -1.5158 0.9999 1.5945, -1.5689 0.8587 1.566, -1.3308 1.2377 1.6495, -1.2545 1.3587 1.6495, -1.3556 1.2517 1.6377, -1.2778 1.375 1.6377, -1.3769 1.2638 1.6189, -1.2979 1.389 1.6189, -1.3932 1.273 1.5945, -1.3133 1.3998 1.5945, -1.4035 1.2788 1.566, -0.9626 1.6719 1.6495, -0.8472 1.7565 1.6495, -0.9805 1.694 1.6377, -0.863 1.7803 1.6377, -0.9959 1.713 1.6189, -0.8765 1.8006 1.6189, -1.0077 1.7276 1.5945, -0.8869 1.8163 1.5945, -1.0151 1.7368 1.566, -0.5953 1.8917 1.6495, -0.4609 1.941 1.6495, -0.6063 1.9179 1.6377, -0.4695 1.9681 1.6377, -0.6158 1.9405 1.6189, -0.4768 1.9915 1.6189, -0.6231 1.9578 1.5945, -0.4824 2.0094 1.5945, -0.6277 1.9686 1.566, -0.1814 2.0009 1.6495, -0.0386 2.0109 1.6495, -0.1847 2.0291 1.6377, -0.0393 2.0394 1.6377, -0.1875 2.0534 1.6189, -0.0398 2.0638 1.6189, -0.1897 2.0721 1.5945, -0.0403 2.0826 1.5945, -0.1911 2.0838 1.566, 0.3866 1.9608 1.6495, 0.5231 1.9179 1.6495, 0.3938 1.9884 1.6377, 0.5329 1.9446 1.6377, 0.4001 2.012 1.6189, 0.5413 1.9676 1.6189, 0.4048 2.0302 1.5945, 0.5478 1.9852 1.5945, 0.4079 2.0416 1.566, 0.7811 1.7947 1.6495, 0.9003 1.7155 1.6495, 0.7957 1.8192 1.6377, 0.9172 1.7385 1.6377, 0.8083 1.8401 1.6189, 0.9316 1.7582 1.6189, 0.8179 1.8562 1.5945, 0.9427 1.7734 1.5945, 0.824 1.8664 1.566, 1.114 1.5256 1.6495, 1.2065 1.4164 1.6495, 1.1348 1.545 1.6377, 1.2291 1.4338 1.6377, 1.1527 1.5617 1.6189, 1.2485 1.4487 1.6189, 1.1664 1.5745 1.5945, 1.2633 1.4602 1.5945, 1.1751 1.5825 1.566, 1.4177 1.044 1.6495, 1.4638 0.9086 1.6495, 1.4442 1.0545 1.6377, 1.4912 0.9165 1.6377, 1.4669 1.0634 1.6189, 1.5147 0.9233 1.6189, 1.4844 1.0703 1.5945, 1.5327 0.9285 1.5945, 1.4954 1.0746 1.566, 1.4844 -0.1009 1.5945, 1.4669 -0.094 1.6189, 1.4442 -0.0851 1.6377, 1.4177 -0.0746 1.6495, 1.4336 -0.2429 1.566, 1.423 -0.2376 1.5945, 1.4063 -0.2291 1.6189, 1.3845 -0.2181 1.6377, 1.3591 -0.2052 1.6495, 1.1751 -0.6131 1.566, 1.1664 -0.6051 1.5945, 1.1527 -0.5923 1.6189, 1.1348 -0.5756 1.6377, 1.114 -0.5562 1.6495, 0.824 -0.897 1.566, 0.8179 -0.8869 1.5945, 0.8083 -0.8707 1.6189, 0.7957 -0.8498 1.6377, 0.7811 -0.8253 1.6495, 0.655 -0.893 1.6495, 0.6672 -0.9187 1.6377, 0.6778 -0.9407 1.6189, 0.6859 -0.9577 1.5945, 0.5478 -1.0158 1.5945, 0.5413 -0.9982 1.6189, 0.5329 -0.9752 1.6377, 0.5231 -0.9485 1.6495, 0.4048 -1.0608 1.5945, 0.4001 -1.0426 1.6189, 0.3938 -1.019 1.6377, 0.3866 -0.9914 1.6495, 0.2603 -1.1038 1.566, 0.2583 -1.0922 1.5945, 0.2553 -1.0737 1.6189, 0.2513 -1.0495 1.6377, 0.2466 -1.0214 1.6495, -0.1911 -1.1144 1.566, -0.1897 -1.1027 1.5945, -0.1875 -1.084 1.6189, -0.1847 -1.0597 1.6377, -0.1814 -1.0315 1.6495, -0.6277 -0.9992 1.566, -0.6231 -0.9884 1.5945, -0.6158 -0.9711 1.6189, -0.6063 -0.9485 1.6377, -0.5953 -0.9223 1.6495, -0.7244 -0.8606 1.6495, -0.7379 -0.8857 1.6377, -0.7495 -0.9073 1.6189, -0.7583 -0.9238 1.5945, -0.8869 -0.8469 1.5945, -0.8765 -0.8312 1.6189, -0.863 -0.8109 1.6377, -0.8472 -0.7871 1.6495, -1.0077 -0.7582 1.5945, -0.9959 -0.7436 1.6189, -0.9805 -0.7246 1.6377, -0.9626 -0.7025 1.6495, -1.1279 -0.6671 1.566, -1.1197 -0.6587 1.5945, -1.1066 -0.6453 1.6189, -1.0895 -0.6278 1.6377, -1.0696 -0.6074 1.6495, -1.4035 -0.3095 1.566, -1.3932 -0.3036 1.5945, -1.3769 -0.2944 1.6189, -1.3556 -0.2823 1.6377, -1.3308 -0.2683 1.6495, -1.5689 0.1107 1.566, -1.5574 0.1134 1.5945, -1.5392 0.1178 1.6189, -1.5154 0.1234 1.6377, -1.4877 0.1301 1.6495, -1.5144 0.2707 1.6495, -1.5426 0.2667 1.6377, -1.5668 0.2632 1.6189, -1.5854 0.2606 1.5945, -1.5994 0.4098 1.5945, -1.5806 0.4107 1.6189, -1.5562 0.4118 1.6377, -1.5278 0.4131 1.6495, -1.5994 0.5596 1.5945, -1.5806 0.5587 1.6189, -1.5562 0.5576 1.6377, -1.5278 0.5563 1.6495, -1.5971 0.7104 1.566, -1.5854 0.7088 1.5945, -1.5668 0.7062 1.6189, -1.5426 0.7027 1.6377, -1.5144 0.6987 1.6495, -1.4717 1.1442 1.566, -1.4609 1.1394 1.5945, -1.4438 1.1317 1.6189, -1.4215 1.1217 1.6377, -1.3955 1.11 1.6495, -1.2308 1.5261 1.566, -1.2218 1.5185 1.5945, -1.2075 1.5063 1.6189, -1.1889 1.4905 1.6377, -1.1671 1.4721 1.6495, -1.0696 1.5768 1.6495, -1.0895 1.5971 1.6377, -1.1066 1.6146 1.6189, -1.1197 1.6281 1.5945, -0.7639 1.9036 1.566, -0.7583 1.8932 1.5945, -0.7495 1.8767 1.6189, -0.7379 1.8551 1.6377, -0.7244 1.83 1.6495, -0.34 2.0591 1.566, -0.3376 2.0476 1.5945, -0.3336 2.0292 1.6189, -0.3285 2.0053 1.6377, -0.3225 1.9775 1.6495, 0.1103 2.0909 1.566, 0.1095 2.0791 1.5945, 0.1082 2.0604 1.6189, 0.1065 2.036 1.6377, 0.1045 2.0076 1.6495, 0.2466 1.9908 1.6495, 0.2513 2.0189 1.6377, 0.2553 2.0431 1.6189, 0.2583 2.0616 1.5945, 0.6909 1.9377 1.566, 0.6859 1.9271 1.5945, 0.6778 1.9101 1.6189, 0.6672 1.8881 1.6377, 0.655 1.8624 1.6495, 1.0671 1.688 1.566, 1.0593 1.6792 1.5945, 1.0468 1.6651 1.6189, 1.0305 1.6469 1.6377, 1.0116 1.6256 1.6495, 1.3591 1.3436 1.566, 1.3491 1.3373 1.5945, 1.3333 1.3273 1.6189, 1.3126 1.3143 1.6377, 1.2885 1.2991 1.6495, 1.3591 1.1746 1.6495, 1.3845 1.1875 1.6377, 1.4063 1.1985 1.6189, 1.423 1.207 1.5945, 1.5791 0.7849 1.566, 1.5675 0.7827 1.5945, 1.5491 0.7792 1.6189, 1.525 0.7747 1.6377, 1.4971 0.7694 1.6495
            ]
        }
        coordIndex [
            0,1,2,-1,3,4,5,-1,6,7,8,-1,9,10,11,-1,11,10,12,-1,6,8,13,-1,13,8,14,-1,13,14,15,-1,14,16,17,-1,9,15,10,-1,10,15,14,-1,10,14,18,-1,18,14,17,-1,7,19,8,-1,8,19,20,-1,8,20,21,-1,22,23,8,-1,8,23,24,-1,25,26,27,-1,27,26,28,-1,24,29,8,-1,8,29,28,-1,8,28,30,-1,30,28,26,-1,21,31,8,-1,8,31,32,-1,8,32,22,-1,33,34,35,-1,36,37,38,-1,39,40,41,-1,42,43,39,-1,39,43,44,-1,39,44,40,-1,41,45,39,-1,39,45,46,-1,39,46,33,-1,37,47,38,-1,38,47,48,-1,38,48,49,-1,50,51,52,-1,52,51,53,-1,52,53,38,-1,38,53,54,-1,38,54,36,-1,18,55,10,-1,10,55,56,-1,10,56,57,-1,57,56,58,-1,58,59,60,-1,61,62,1,-1,63,64,62,-1,62,64,65,-1,62,65,1,-1,1,65,66,-1,1,66,2,-1,2,66,67,-1,2,67,17,-1,68,69,70,-1,69,71,70,-1,70,71,72,-1,70,72,73,-1,73,74,70,-1,70,74,75,-1,70,75,76,-1,76,77,70,-1,70,77,78,-1,70,78,79,-1,72,80,73,-1,73,80,81,-1,73,81,82,-1,83,84,70,-1,70,84,85,-1,70,85,86,-1,86,87,70,-1,70,87,88,-1,70,88,68,-1,89,90,91,-1,91,90,92,-1,93,89,94,-1,94,89,91,-1,94,91,95,-1,95,91,96,-1,95,96,82,-1,82,96,97,-1,82,97,73,-1,98,99,100,-1,92,101,102,-1,98,100,94,-1,94,100,103,-1,94,103,93,-1,102,104,92,-1,92,104,105,-1,92,105,91,-1,106,107,108,-1,109,110,111,-1,111,110,112,-1,113,114,115,-1,115,114,116,-1,115,116,117,-1,117,116,118,-1,117,118,119,-1,113,120,114,-1,114,120,121,-1,114,121,110,-1,110,121,122,-1,110,122,112,-1,123,124,125,-1,125,124,126,-1,125,126,127,-1,107,128,108,-1,108,128,129,-1,108,129,130,-1,130,129,119,-1,130,119,131,-1,131,119,118,-1,109,132,110,-1,110,132,133,-1,110,133,125,-1,125,133,134,-1,125,134,123,-1,127,135,125,-1,125,135,136,-1,125,136,108,-1,108,136,137,-1,108,137,106,-1,138,139,110,-1,139,140,110,-1,110,140,141,-1,110,141,114,-1,142,143,110,-1,110,143,144,-1,110,144,138,-1,145,146,147,-1,147,146,148,-1,147,148,110,-1,110,148,149,-1,110,149,142,-1,150,151,147,-1,147,151,152,-1,147,152,145,-1,153,154,155,-1,155,154,156,-1,155,156,157,-1,158,159,160,-1,160,159,161,-1,160,161,153,-1,153,161,162,-1,153,162,154,-1,163,164,165,-1,165,164,166,-1,165,166,167,-1,168,169,170,-1,170,169,171,-1,170,171,172,-1,168,170,173,-1,173,170,174,-1,173,174,175,-1,4,176,5,-1,5,176,177,-1,5,177,178,-1,178,179,5,-1,5,179,180,-1,5,180,174,-1,174,180,181,-1,174,181,175,-1,182,183,184,-1,184,183,185,-1,185,186,184,-1,184,186,187,-1,184,187,5,-1,5,187,188,-1,5,188,3,-1,189,190,191,-1,191,190,192,-1,189,193,190,-1,190,193,194,-1,190,194,182,-1,195,196,197,-1,197,196,198,-1,197,198,199,-1,199,200,197,-1,197,200,201,-1,197,201,202,-1,202,203,197,-1,197,203,204,-1,197,204,190,-1,190,204,205,-1,190,205,192,-1,33,35,39,-1,39,35,206,-1,39,206,195,-1,33,207,34,-1,34,207,12,-1,34,12,208,-1,208,12,10,-1,208,10,209,-1,209,10,57,-1,210,211,57,-1,57,211,212,-1,57,212,209,-1,79,213,70,-1,70,213,214,-1,70,214,210,-1,210,214,215,-1,210,215,216,-1,216,217,210,-1,210,217,218,-1,210,218,211,-1,219,220,221,-1,221,220,222,-1,221,222,223,-1,223,224,221,-1,221,224,225,-1,221,225,155,-1,155,225,226,-1,155,226,227,-1,228,153,229,-1,229,153,155,-1,229,155,230,-1,230,155,227,-1,231,232,0,-1,228,233,153,-1,153,233,234,-1,153,234,160,-1,160,234,235,-1,236,237,238,-1,238,237,239,-1,238,239,240,-1,235,241,160,-1,160,241,242,-1,160,242,243,-1,243,244,160,-1,160,244,245,-1,160,245,238,-1,238,245,246,-1,238,246,236,-1,247,248,249,-1,108,83,125,-1,125,83,70,-1,125,70,250,-1,250,70,210,-1,251,252,248,-1,248,252,253,-1,248,253,249,-1,249,253,254,-1,249,254,210,-1,210,254,255,-1,210,255,250,-1,256,257,1,-1,60,61,58,-1,58,61,1,-1,58,1,57,-1,57,1,257,-1,249,258,259,-1,259,260,249,-1,249,260,261,-1,249,261,262,-1,210,263,264,-1,257,265,57,-1,57,265,266,-1,57,266,210,-1,210,266,267,-1,210,267,263,-1,264,268,210,-1,210,268,269,-1,210,269,270,-1,270,271,210,-1,210,271,272,-1,210,272,249,-1,249,272,273,-1,249,273,258,-1,274,275,38,-1,195,197,39,-1,39,197,276,-1,39,276,277,-1,49,42,38,-1,38,42,39,-1,38,39,274,-1,274,39,277,-1,274,277,278,-1,182,184,190,-1,190,184,279,-1,190,279,197,-1,197,279,280,-1,197,280,276,-1,262,256,249,-1,249,256,1,-1,249,1,221,-1,221,1,0,-1,221,0,219,-1,219,0,232,-1,16,281,17,-1,17,281,282,-1,17,282,2,-1,2,282,238,-1,2,238,0,-1,0,238,240,-1,0,240,231,-1,283,284,5,-1,285,174,286,-1,286,174,279,-1,286,279,287,-1,284,288,5,-1,5,288,289,-1,5,289,184,-1,184,289,290,-1,184,290,291,-1,285,292,174,-1,174,292,293,-1,174,293,294,-1,294,295,174,-1,174,295,296,-1,174,296,5,-1,5,296,297,-1,5,297,283,-1,291,298,184,-1,184,298,299,-1,184,299,300,-1,301,302,279,-1,279,302,303,-1,279,303,287,-1,300,304,184,-1,184,304,305,-1,184,305,279,-1,279,305,306,-1,279,306,301,-1,250,247,125,-1,125,247,249,-1,125,249,110,-1,110,249,221,-1,110,221,147,-1,147,221,155,-1,147,155,150,-1,150,155,157,-1,282,50,238,-1,238,50,52,-1,238,52,160,-1,160,52,165,-1,160,165,158,-1,158,165,167,-1,275,280,38,-1,38,280,279,-1,38,279,52,-1,52,279,174,-1,52,174,165,-1,165,174,170,-1,165,170,163,-1,163,170,172,-1,307,308,309,-1,309,308,310,-1,310,308,311,-1,310,311,312,-1,312,311,313,-1,312,313,314,-1,314,313,315,-1,314,315,316,-1,316,315,317,-1,316,317,318,-1,318,317,319,-1,318,319,320,-1,321,322,323,-1,309,324,307,-1,307,324,325,-1,307,325,326,-1,327,328,329,-1,330,331,332,-1,331,333,332,-1,332,333,334,-1,332,334,335,-1,335,334,336,-1,335,336,337,-1,337,336,338,-1,337,338,339,-1,339,338,340,-1,339,340,341,-1,341,340,342,-1,341,342,343,-1,343,342,344,-1,343,344,345,-1,346,319,347,-1,347,319,345,-1,347,345,348,-1,348,345,344,-1,349,350,351,-1,351,350,352,-1,326,353,307,-1,307,353,354,-1,307,354,329,-1,329,354,355,-1,329,355,327,-1,322,356,323,-1,323,356,357,-1,323,357,332,-1,332,357,358,-1,332,358,330,-1,328,359,329,-1,329,359,360,-1,329,360,361,-1,361,360,362,-1,361,362,363,-1,363,362,364,-1,363,364,365,-1,365,364,366,-1,365,366,367,-1,367,366,368,-1,367,368,369,-1,369,368,370,-1,369,370,371,-1,371,370,372,-1,371,372,351,-1,351,372,373,-1,351,373,374,-1,346,375,319,-1,319,375,376,-1,319,376,377,-1,377,378,319,-1,319,378,379,-1,319,379,380,-1,374,381,351,-1,351,381,382,-1,351,382,349,-1,352,383,351,-1,351,383,384,-1,351,384,385,-1,385,386,351,-1,351,386,387,-1,351,387,388,-1,388,387,389,-1,388,389,390,-1,390,389,391,-1,390,391,392,-1,392,391,393,-1,392,393,394,-1,394,393,395,-1,394,395,396,-1,396,395,397,-1,396,397,398,-1,398,397,399,-1,398,399,323,-1,323,399,400,-1,323,400,321,-1,380,401,319,-1,319,401,402,-1,319,402,320,-1,403,404,405,-1,405,404,406,-1,405,406,407,-1,407,406,408,-1,407,408,409,-1,409,408,410,-1,409,410,411,-1,411,410,412,-1,411,412,413,-1,413,412,414,-1,413,414,415,-1,415,414,416,-1,415,416,417,-1,417,416,418,-1,417,418,419,-1,419,418,420,-1,419,420,421,-1,421,420,422,-1,421,422,423,-1,423,422,424,-1,423,424,425,-1,425,424,426,-1,425,426,427,-1,427,426,428,-1,427,428,429,-1,429,428,430,-1,429,430,431,-1,431,430,432,-1,431,432,433,-1,433,432,434,-1,433,434,435,-1,435,434,436,-1,435,436,437,-1,437,436,438,-1,437,438,439,-1,439,438,440,-1,439,440,441,-1,441,440,442,-1,441,442,443,-1,443,442,444,-1,443,444,445,-1,445,444,446,-1,445,446,447,-1,447,446,448,-1,447,448,449,-1,449,448,450,-1,449,450,451,-1,451,450,452,-1,451,452,453,-1,453,452,454,-1,453,454,455,-1,455,454,456,-1,455,456,457,-1,457,456,458,-1,457,458,459,-1,459,458,460,-1,459,460,461,-1,461,460,462,-1,461,462,463,-1,463,462,464,-1,463,464,465,-1,465,464,466,-1,465,466,467,-1,467,466,468,-1,467,468,469,-1,469,468,470,-1,469,470,471,-1,471,470,472,-1,471,472,473,-1,473,472,474,-1,473,474,475,-1,475,474,476,-1,475,476,477,-1,477,476,478,-1,477,478,479,-1,479,478,480,-1,479,480,481,-1,481,480,482,-1,481,482,483,-1,483,482,484,-1,483,484,485,-1,485,484,486,-1,485,486,487,-1,487,486,488,-1,487,488,489,-1,489,488,490,-1,489,490,491,-1,491,490,492,-1,491,492,493,-1,493,492,494,-1,493,494,495,-1,495,494,496,-1,495,496,497,-1,497,496,498,-1,497,498,499,-1,499,498,500,-1,499,500,501,-1,501,500,502,-1,501,502,503,-1,503,502,504,-1,503,504,505,-1,505,504,506,-1,505,506,507,-1,507,506,508,-1,507,508,509,-1,509,508,510,-1,509,510,511,-1,511,510,512,-1,511,512,513,-1,513,512,514,-1,513,514,515,-1,515,514,516,-1,515,516,517,-1,517,516,518,-1,517,518,519,-1,519,518,520,-1,519,520,521,-1,521,520,522,-1,521,522,523,-1,523,522,524,-1,523,524,525,-1,525,524,526,-1,525,526,527,-1,527,526,528,-1,527,528,529,-1,529,528,530,-1,529,530,531,-1,531,530,532,-1,531,532,533,-1,533,532,534,-1,533,534,535,-1,535,534,536,-1,535,536,537,-1,537,536,538,-1,537,538,539,-1,539,538,540,-1,539,540,541,-1,541,540,542,-1,541,542,543,-1,543,542,544,-1,543,544,545,-1,545,544,546,-1,545,546,547,-1,547,546,548,-1,547,548,549,-1,549,548,550,-1,549,550,551,-1,551,550,552,-1,551,552,553,-1,553,552,554,-1,553,554,555,-1,555,554,556,-1,555,556,557,-1,557,556,558,-1,557,558,559,-1,559,558,560,-1,559,560,561,-1,561,560,562,-1,561,562,563,-1,563,562,564,-1,563,564,565,-1,565,564,566,-1,565,566,567,-1,567,566,568,-1,567,568,569,-1,569,568,570,-1,569,570,571,-1,571,570,572,-1,571,572,573,-1,573,572,574,-1,573,574,575,-1,575,574,576,-1,575,576,577,-1,577,576,578,-1,577,578,579,-1,579,578,580,-1,579,580,581,-1,581,580,582,-1,581,582,583,-1,583,582,584,-1,583,584,585,-1,585,584,586,-1,585,586,587,-1,587,586,588,-1,587,588,589,-1,589,588,590,-1,589,590,591,-1,591,590,592,-1,591,592,593,-1,593,592,594,-1,593,594,595,-1,595,594,596,-1,595,596,597,-1,597,596,598,-1,597,598,599,-1,599,598,600,-1,599,600,601,-1,601,600,602,-1,601,602,603,-1,603,602,604,-1,603,604,605,-1,605,604,606,-1,605,606,607,-1,607,606,608,-1,607,608,609,-1,609,608,610,-1,609,610,611,-1,611,610,612,-1,611,612,613,-1,613,612,614,-1,613,614,615,-1,615,614,616,-1,615,616,617,-1,617,616,618,-1,617,618,619,-1,619,618,620,-1,619,620,621,-1,621,620,622,-1,621,622,623,-1,623,622,624,-1,623,624,625,-1,625,624,626,-1,625,626,627,-1,627,626,628,-1,627,628,629,-1,629,628,630,-1,629,630,631,-1,631,630,632,-1,631,632,633,-1,633,632,634,-1,633,634,635,-1,635,634,636,-1,635,636,637,-1,637,636,638,-1,637,638,639,-1,639,638,640,-1,639,640,641,-1,641,640,642,-1,641,642,643,-1,643,642,644,-1,643,644,645,-1,645,644,646,-1,645,646,647,-1,647,646,648,-1,647,648,649,-1,649,648,650,-1,649,650,651,-1,651,650,652,-1,653,654,652,-1,652,654,651,-1,654,653,655,-1,654,655,656,-1,656,655,657,-1,656,657,658,-1,658,657,659,-1,658,659,660,-1,660,659,661,-1,660,661,662,-1,662,661,663,-1,662,663,664,-1,664,663,665,-1,664,665,666,-1,667,668,665,-1,665,668,666,-1,668,667,669,-1,668,669,670,-1,670,669,671,-1,670,671,672,-1,672,671,673,-1,672,673,674,-1,674,673,675,-1,674,675,676,-1,676,675,677,-1,676,677,678,-1,678,677,679,-1,678,679,680,-1,404,403,679,-1,679,403,680,-1,681,682,683,-1,682,684,683,-1,683,684,685,-1,683,685,686,-1,686,685,687,-1,686,688,683,-1,683,688,689,-1,683,689,690,-1,690,689,691,-1,690,691,692,-1,693,694,691,-1,691,694,695,-1,691,695,692,-1,696,697,698,-1,698,697,699,-1,698,699,683,-1,683,699,700,-1,683,700,681,-1,701,702,703,-1,703,702,704,-1,705,706,707,-1,707,706,708,-1,707,708,709,-1,709,708,710,-1,709,710,711,-1,711,710,712,-1,711,712,713,-1,713,712,714,-1,713,714,715,-1,715,714,716,-1,715,716,717,-1,717,716,718,-1,717,718,719,-1,719,718,720,-1,719,720,721,-1,721,720,722,-1,721,722,723,-1,723,722,724,-1,723,724,725,-1,725,724,726,-1,725,726,727,-1,727,726,728,-1,727,728,729,-1,729,728,730,-1,729,730,731,-1,731,730,732,-1,731,732,733,-1,733,732,734,-1,733,734,693,-1,693,734,735,-1,693,735,694,-1,685,703,687,-1,687,703,704,-1,687,704,736,-1,736,704,737,-1,736,737,738,-1,738,737,739,-1,738,739,740,-1,740,739,741,-1,740,741,742,-1,742,741,743,-1,742,743,744,-1,744,743,745,-1,744,745,746,-1,746,745,747,-1,746,747,748,-1,748,747,749,-1,748,749,750,-1,750,749,751,-1,750,751,752,-1,752,751,753,-1,752,753,754,-1,754,753,755,-1,754,755,756,-1,756,755,757,-1,756,757,758,-1,758,757,759,-1,758,759,760,-1,760,759,761,-1,760,761,762,-1,762,761,763,-1,762,763,764,-1,764,763,765,-1,764,765,766,-1,766,765,767,-1,766,767,768,-1,768,767,769,-1,768,769,770,-1,770,769,771,-1,770,771,772,-1,772,771,773,-1,772,773,774,-1,774,773,775,-1,774,775,776,-1,776,775,777,-1,776,777,778,-1,778,777,779,-1,778,779,780,-1,780,779,781,-1,780,781,782,-1,782,781,783,-1,782,783,784,-1,784,783,785,-1,784,785,786,-1,786,785,787,-1,786,787,788,-1,788,787,789,-1,788,789,790,-1,790,789,791,-1,790,791,792,-1,792,791,793,-1,792,793,794,-1,794,793,795,-1,794,795,796,-1,796,795,797,-1,796,797,798,-1,798,797,799,-1,798,799,800,-1,800,799,801,-1,800,801,802,-1,802,801,803,-1,802,803,804,-1,804,803,805,-1,804,805,806,-1,806,805,807,-1,806,807,808,-1,808,807,809,-1,808,809,810,-1,810,809,811,-1,810,811,812,-1,812,811,813,-1,812,813,814,-1,814,813,815,-1,814,815,816,-1,816,815,817,-1,816,817,818,-1,818,817,819,-1,818,819,820,-1,820,819,821,-1,820,821,822,-1,822,821,823,-1,822,823,824,-1,824,823,825,-1,824,825,826,-1,826,825,827,-1,826,827,828,-1,828,827,829,-1,828,829,830,-1,830,829,831,-1,830,831,705,-1,705,831,832,-1,705,832,706,-1,833,834,835,-1,835,836,833,-1,833,836,837,-1,833,837,838,-1,839,840,841,-1,841,842,839,-1,839,842,843,-1,839,843,844,-1,844,843,697,-1,844,697,838,-1,838,697,696,-1,838,696,833,-1,845,642,640,-1,652,650,846,-1,846,650,847,-1,846,847,848,-1,848,847,849,-1,640,850,845,-1,845,850,851,-1,845,851,852,-1,852,851,853,-1,852,853,854,-1,855,856,849,-1,849,856,857,-1,849,857,848,-1,858,859,855,-1,855,859,860,-1,855,860,856,-1,861,862,863,-1,863,862,864,-1,863,864,858,-1,858,864,865,-1,858,865,859,-1,650,648,847,-1,847,648,866,-1,847,866,849,-1,849,866,867,-1,849,867,855,-1,855,867,868,-1,855,868,858,-1,858,868,869,-1,858,869,863,-1,863,869,870,-1,648,646,866,-1,866,646,871,-1,866,871,867,-1,867,871,872,-1,867,872,868,-1,868,872,873,-1,868,873,869,-1,869,873,874,-1,869,874,870,-1,870,874,875,-1,646,644,871,-1,871,644,876,-1,871,876,872,-1,872,876,877,-1,872,877,873,-1,873,877,878,-1,873,878,874,-1,874,878,879,-1,874,879,875,-1,875,879,880,-1,644,642,876,-1,876,642,845,-1,876,845,877,-1,877,845,852,-1,877,852,878,-1,878,852,854,-1,878,854,879,-1,879,854,881,-1,879,881,880,-1,880,881,882,-1,96,883,884,-1,884,883,861,-1,853,885,854,-1,854,885,886,-1,854,886,881,-1,881,886,887,-1,881,887,882,-1,882,887,888,-1,882,888,889,-1,861,863,884,-1,884,863,870,-1,884,870,890,-1,890,870,875,-1,890,875,891,-1,891,875,880,-1,891,880,892,-1,892,880,882,-1,892,882,893,-1,893,882,889,-1,893,889,894,-1,96,884,97,-1,97,884,890,-1,97,890,73,-1,73,890,891,-1,73,891,74,-1,74,891,892,-1,74,892,75,-1,75,892,893,-1,75,893,76,-1,76,893,894,-1,76,894,77,-1,653,652,895,-1,895,652,846,-1,895,846,896,-1,896,846,848,-1,896,848,897,-1,897,848,857,-1,897,857,898,-1,898,857,856,-1,898,856,899,-1,899,856,860,-1,899,860,900,-1,900,860,859,-1,900,859,901,-1,901,859,865,-1,901,865,902,-1,902,865,864,-1,902,864,903,-1,903,864,862,-1,903,862,904,-1,904,862,861,-1,904,861,905,-1,905,861,883,-1,905,883,91,-1,91,883,96,-1,636,634,906,-1,632,630,907,-1,626,624,908,-1,622,620,909,-1,616,614,910,-1,612,610,911,-1,602,600,912,-1,598,596,913,-1,592,590,914,-1,588,586,915,-1,580,578,916,-1,576,574,917,-1,570,568,918,-1,566,564,919,-1,560,558,920,-1,556,554,921,-1,546,544,922,-1,542,540,923,-1,536,534,924,-1,532,530,925,-1,524,522,926,-1,520,518,927,-1,514,512,928,-1,510,508,929,-1,504,502,930,-1,500,498,931,-1,490,488,932,-1,486,484,933,-1,480,478,934,-1,476,474,935,-1,468,466,936,-1,464,462,937,-1,458,456,938,-1,454,452,939,-1,448,446,940,-1,444,442,941,-1,434,432,942,-1,430,428,943,-1,424,422,944,-1,420,418,945,-1,214,213,946,-1,218,217,947,-1,212,211,948,-1,208,209,949,-1,35,34,950,-1,196,195,951,-1,205,204,952,-1,194,193,953,-1,183,182,954,-1,4,3,955,-1,180,179,956,-1,168,173,957,-1,163,172,958,-1,159,158,959,-1,162,161,960,-1,152,151,961,-1,114,141,962,-1,108,130,963,-1,84,83,964,-1,152,961,145,-1,162,960,154,-1,77,894,78,-1,78,894,965,-1,894,889,965,-1,965,889,888,-1,965,888,966,-1,966,888,887,-1,966,887,967,-1,887,886,967,-1,967,886,885,-1,967,885,968,-1,130,131,963,-1,963,131,969,-1,963,969,970,-1,970,969,971,-1,970,971,972,-1,972,971,973,-1,972,973,974,-1,974,973,975,-1,974,975,976,-1,976,975,941,-1,156,154,977,-1,977,154,960,-1,977,960,978,-1,978,960,979,-1,978,979,980,-1,980,979,981,-1,980,981,982,-1,982,981,983,-1,982,983,984,-1,984,983,931,-1,188,187,985,-1,985,187,986,-1,985,986,987,-1,987,986,988,-1,987,988,989,-1,989,988,990,-1,989,990,991,-1,991,990,992,-1,991,992,993,-1,993,992,921,-1,206,35,994,-1,994,35,950,-1,994,950,995,-1,995,950,996,-1,995,996,997,-1,997,996,998,-1,997,998,999,-1,999,998,1000,-1,999,1000,1001,-1,1001,1000,911,-1,69,68,1002,-1,1002,68,1003,-1,1002,1003,1004,-1,1004,1003,1005,-1,1004,1005,1006,-1,1006,1005,1007,-1,1006,1007,1008,-1,1008,1007,1009,-1,1008,1009,1010,-1,1010,1009,945,-1,1010,945,416,-1,416,945,418,-1,68,88,1003,-1,1003,88,1011,-1,1003,1011,1005,-1,1005,1011,1012,-1,1005,1012,1007,-1,1007,1012,1013,-1,1007,1013,1009,-1,1009,1013,1014,-1,1009,1014,945,-1,945,1014,944,-1,945,944,420,-1,420,944,422,-1,426,424,1015,-1,1015,424,944,-1,1015,944,1016,-1,1016,944,1014,-1,1016,1014,1017,-1,1017,1014,1013,-1,1017,1013,1018,-1,1018,1013,1012,-1,1018,1012,1019,-1,1019,1012,1011,-1,1019,1011,87,-1,87,1011,88,-1,87,86,1019,-1,1019,86,1020,-1,1019,1020,1018,-1,1018,1020,1021,-1,1018,1021,1017,-1,1017,1021,1022,-1,1017,1022,1016,-1,1016,1022,1023,-1,1016,1023,1015,-1,1015,1023,943,-1,1015,943,426,-1,426,943,428,-1,86,85,1020,-1,1020,85,1024,-1,1020,1024,1021,-1,1021,1024,1025,-1,1021,1025,1022,-1,1022,1025,1026,-1,1022,1026,1023,-1,1023,1026,1027,-1,1023,1027,943,-1,943,1027,942,-1,943,942,430,-1,430,942,432,-1,436,434,1028,-1,1028,434,942,-1,1028,942,1029,-1,1029,942,1027,-1,1029,1027,1030,-1,1030,1027,1026,-1,1030,1026,1031,-1,1031,1026,1025,-1,1031,1025,964,-1,964,1025,1024,-1,964,1024,84,-1,84,1024,85,-1,83,108,964,-1,964,108,963,-1,964,963,1031,-1,1031,963,970,-1,1031,970,1030,-1,1030,970,972,-1,1030,972,1029,-1,1029,972,974,-1,1029,974,1028,-1,1028,974,976,-1,1028,976,436,-1,436,976,438,-1,941,442,976,-1,976,442,440,-1,976,440,438,-1,446,444,940,-1,940,444,941,-1,940,941,1032,-1,1032,941,975,-1,1032,975,1033,-1,1033,975,973,-1,1033,973,1034,-1,1034,973,971,-1,1034,971,1035,-1,1035,971,969,-1,1035,969,118,-1,118,969,131,-1,450,448,1036,-1,1036,448,940,-1,1036,940,1037,-1,1037,940,1032,-1,1037,1032,1038,-1,1038,1032,1033,-1,1038,1033,1039,-1,1039,1033,1034,-1,1039,1034,1040,-1,1040,1034,1035,-1,1040,1035,116,-1,116,1035,118,-1,116,114,1040,-1,1040,114,962,-1,1040,962,1039,-1,1039,962,1041,-1,1039,1041,1038,-1,1038,1041,1042,-1,1038,1042,1037,-1,1037,1042,1043,-1,1037,1043,1036,-1,1036,1043,939,-1,1036,939,450,-1,450,939,452,-1,141,140,962,-1,962,140,1044,-1,962,1044,1041,-1,1041,1044,1045,-1,1041,1045,1042,-1,1042,1045,1046,-1,1042,1046,1043,-1,1043,1046,1047,-1,1043,1047,939,-1,939,1047,938,-1,939,938,454,-1,454,938,456,-1,460,458,1048,-1,1048,458,938,-1,1048,938,1049,-1,1049,938,1047,-1,1049,1047,1050,-1,1050,1047,1046,-1,1050,1046,1051,-1,1051,1046,1045,-1,1051,1045,1052,-1,1052,1045,1044,-1,1052,1044,139,-1,139,1044,140,-1,139,138,1052,-1,1052,138,1053,-1,1052,1053,1051,-1,1051,1053,1054,-1,1051,1054,1050,-1,1050,1054,1055,-1,1050,1055,1049,-1,1049,1055,1056,-1,1049,1056,1048,-1,1048,1056,937,-1,1048,937,460,-1,460,937,462,-1,138,144,1053,-1,1053,144,1057,-1,1053,1057,1054,-1,1054,1057,1058,-1,1054,1058,1055,-1,1055,1058,1059,-1,1055,1059,1056,-1,1056,1059,1060,-1,1056,1060,937,-1,937,1060,936,-1,937,936,464,-1,464,936,466,-1,470,468,1061,-1,1061,468,936,-1,1061,936,1062,-1,1062,936,1060,-1,1062,1060,1063,-1,1063,1060,1059,-1,1063,1059,1064,-1,1064,1059,1058,-1,1064,1058,1065,-1,1065,1058,1057,-1,1065,1057,143,-1,143,1057,144,-1,143,142,1065,-1,1065,142,1066,-1,1065,1066,1064,-1,1064,1066,1067,-1,1064,1067,1063,-1,1063,1067,1068,-1,1063,1068,1062,-1,1062,1068,1069,-1,1062,1069,1061,-1,1061,1069,1070,-1,1061,1070,470,-1,470,1070,472,-1,142,149,1066,-1,1066,149,1071,-1,1066,1071,1067,-1,1067,1071,1072,-1,1067,1072,1068,-1,1068,1072,1073,-1,1068,1073,1069,-1,1069,1073,1074,-1,1069,1074,1070,-1,1070,1074,935,-1,1070,935,472,-1,472,935,474,-1,149,148,1071,-1,1071,148,1075,-1,1071,1075,1072,-1,1072,1075,1076,-1,1072,1076,1073,-1,1073,1076,1077,-1,1073,1077,1074,-1,1074,1077,1078,-1,1074,1078,935,-1,935,1078,934,-1,935,934,476,-1,476,934,478,-1,482,480,1079,-1,1079,480,934,-1,1079,934,1080,-1,1080,934,1078,-1,1080,1078,1081,-1,1081,1078,1077,-1,1081,1077,1082,-1,1082,1077,1076,-1,1082,1076,1083,-1,1083,1076,1075,-1,148,146,1075,-1,1075,146,145,-1,1075,145,1083,-1,1083,145,961,-1,1083,961,1082,-1,1082,961,1084,-1,1082,1084,1081,-1,1081,1084,1085,-1,1081,1085,1080,-1,1080,1085,1086,-1,1080,1086,1079,-1,1079,1086,933,-1,1079,933,482,-1,482,933,484,-1,151,150,961,-1,961,150,1087,-1,961,1087,1084,-1,1084,1087,1088,-1,1084,1088,1085,-1,1085,1088,1089,-1,1085,1089,1086,-1,1086,1089,1090,-1,1086,1090,933,-1,933,1090,932,-1,933,932,486,-1,486,932,488,-1,492,490,1091,-1,1091,490,932,-1,1091,932,1092,-1,1092,932,1090,-1,1092,1090,1093,-1,1093,1090,1089,-1,1093,1089,1094,-1,1094,1089,1088,-1,1094,1088,1095,-1,1095,1088,1087,-1,1095,1087,157,-1,157,1087,150,-1,157,156,1095,-1,1095,156,977,-1,1095,977,1094,-1,1094,977,978,-1,1094,978,1093,-1,1093,978,980,-1,1093,980,1092,-1,1092,980,982,-1,1092,982,1091,-1,1091,982,984,-1,1091,984,492,-1,492,984,494,-1,931,498,984,-1,984,498,496,-1,984,496,494,-1,502,500,930,-1,930,500,931,-1,930,931,1096,-1,1096,931,983,-1,1096,983,1097,-1,1097,983,981,-1,1097,981,1098,-1,1098,981,979,-1,1098,979,959,-1,959,979,960,-1,959,960,159,-1,159,960,161,-1,506,504,1099,-1,1099,504,930,-1,1099,930,1100,-1,1100,930,1096,-1,1100,1096,1101,-1,1101,1096,1097,-1,1101,1097,1102,-1,1102,1097,1098,-1,1102,1098,1103,-1,1103,1098,959,-1,1103,959,167,-1,167,959,158,-1,167,166,1103,-1,1103,166,1104,-1,1103,1104,1102,-1,1102,1104,1105,-1,1102,1105,1101,-1,1101,1105,1106,-1,1101,1106,1100,-1,1100,1106,1107,-1,1100,1107,1099,-1,1099,1107,929,-1,1099,929,506,-1,506,929,508,-1,166,164,1104,-1,1104,164,1108,-1,1104,1108,1105,-1,1105,1108,1109,-1,1105,1109,1106,-1,1106,1109,1110,-1,1106,1110,1107,-1,1107,1110,1111,-1,1107,1111,929,-1,929,1111,928,-1,929,928,510,-1,510,928,512,-1,516,514,1112,-1,1112,514,928,-1,1112,928,1113,-1,1113,928,1111,-1,1113,1111,1114,-1,1114,1111,1110,-1,1114,1110,1115,-1,1115,1110,1109,-1,1115,1109,958,-1,958,1109,1108,-1,958,1108,163,-1,163,1108,164,-1,172,171,958,-1,958,171,1116,-1,958,1116,1115,-1,1115,1116,1117,-1,1115,1117,1114,-1,1114,1117,1118,-1,1114,1118,1113,-1,1113,1118,1119,-1,1113,1119,1112,-1,1112,1119,927,-1,1112,927,516,-1,516,927,518,-1,171,169,1116,-1,1116,169,1120,-1,1116,1120,1117,-1,1117,1120,1121,-1,1117,1121,1118,-1,1118,1121,1122,-1,1118,1122,1119,-1,1119,1122,1123,-1,1119,1123,927,-1,927,1123,926,-1,927,926,520,-1,520,926,522,-1,526,524,1124,-1,1124,524,926,-1,1124,926,1125,-1,1125,926,1123,-1,1125,1123,1126,-1,1126,1123,1122,-1,1126,1122,1127,-1,1127,1122,1121,-1,1127,1121,957,-1,957,1121,1120,-1,957,1120,168,-1,168,1120,169,-1,173,175,957,-1,957,175,1128,-1,957,1128,1127,-1,1127,1128,1129,-1,1127,1129,1126,-1,1126,1129,1130,-1,1126,1130,1125,-1,1125,1130,1131,-1,1125,1131,1124,-1,1124,1131,1132,-1,1124,1132,526,-1,526,1132,528,-1,175,181,1128,-1,1128,181,1133,-1,1128,1133,1129,-1,1129,1133,1134,-1,1129,1134,1130,-1,1130,1134,1135,-1,1130,1135,1131,-1,1131,1135,1136,-1,1131,1136,1132,-1,1132,1136,925,-1,1132,925,528,-1,528,925,530,-1,181,180,1133,-1,1133,180,956,-1,1133,956,1134,-1,1134,956,1137,-1,1134,1137,1135,-1,1135,1137,1138,-1,1135,1138,1136,-1,1136,1138,1139,-1,1136,1139,925,-1,925,1139,924,-1,925,924,532,-1,532,924,534,-1,538,536,1140,-1,1140,536,924,-1,1140,924,1141,-1,1141,924,1139,-1,1141,1139,1142,-1,1142,1139,1138,-1,1142,1138,1143,-1,1143,1138,1137,-1,1143,1137,1144,-1,1144,1137,956,-1,1144,956,178,-1,178,956,179,-1,178,177,1144,-1,1144,177,1145,-1,1144,1145,1143,-1,1143,1145,1146,-1,1143,1146,1142,-1,1142,1146,1147,-1,1142,1147,1141,-1,1141,1147,1148,-1,1141,1148,1140,-1,1140,1148,923,-1,1140,923,538,-1,538,923,540,-1,177,176,1145,-1,1145,176,1149,-1,1145,1149,1146,-1,1146,1149,1150,-1,1146,1150,1147,-1,1147,1150,1151,-1,1147,1151,1148,-1,1148,1151,1152,-1,1148,1152,923,-1,923,1152,922,-1,923,922,542,-1,542,922,544,-1,548,546,1153,-1,1153,546,922,-1,1153,922,1154,-1,1154,922,1152,-1,1154,1152,1155,-1,1155,1152,1151,-1,1155,1151,1156,-1,1156,1151,1150,-1,1156,1150,955,-1,955,1150,1149,-1,955,1149,4,-1,4,1149,176,-1,3,188,955,-1,955,188,985,-1,955,985,1156,-1,1156,985,987,-1,1156,987,1155,-1,1155,987,989,-1,1155,989,1154,-1,1154,989,991,-1,1154,991,1153,-1,1153,991,993,-1,1153,993,548,-1,548,993,550,-1,921,554,993,-1,993,554,552,-1,993,552,550,-1,187,186,986,-1,986,186,1157,-1,986,1157,988,-1,988,1157,1158,-1,988,1158,990,-1,990,1158,1159,-1,990,1159,992,-1,992,1159,1160,-1,992,1160,921,-1,921,1160,920,-1,921,920,556,-1,556,920,558,-1,562,560,1161,-1,1161,560,920,-1,1161,920,1162,-1,1162,920,1160,-1,1162,1160,1163,-1,1163,1160,1159,-1,1163,1159,1164,-1,1164,1159,1158,-1,1164,1158,1165,-1,1165,1158,1157,-1,1165,1157,185,-1,185,1157,186,-1,185,183,1165,-1,1165,183,954,-1,1165,954,1164,-1,1164,954,1166,-1,1164,1166,1163,-1,1163,1166,1167,-1,1163,1167,1162,-1,1162,1167,1168,-1,1162,1168,1161,-1,1161,1168,919,-1,1161,919,562,-1,562,919,564,-1,182,194,954,-1,954,194,953,-1,954,953,1166,-1,1166,953,1169,-1,1166,1169,1167,-1,1167,1169,1170,-1,1167,1170,1168,-1,1168,1170,1171,-1,1168,1171,919,-1,919,1171,918,-1,919,918,566,-1,566,918,568,-1,572,570,1172,-1,1172,570,918,-1,1172,918,1173,-1,1173,918,1171,-1,1173,1171,1174,-1,1174,1171,1170,-1,1174,1170,1175,-1,1175,1170,1169,-1,1175,1169,1176,-1,1176,1169,953,-1,1176,953,189,-1,189,953,193,-1,189,191,1176,-1,1176,191,1177,-1,1176,1177,1175,-1,1175,1177,1178,-1,1175,1178,1174,-1,1174,1178,1179,-1,1174,1179,1173,-1,1173,1179,1180,-1,1173,1180,1172,-1,1172,1180,917,-1,1172,917,572,-1,572,917,574,-1,191,192,1177,-1,1177,192,1181,-1,1177,1181,1178,-1,1178,1181,1182,-1,1178,1182,1179,-1,1179,1182,1183,-1,1179,1183,1180,-1,1180,1183,1184,-1,1180,1184,917,-1,917,1184,916,-1,917,916,576,-1,576,916,578,-1,582,580,1185,-1,1185,580,916,-1,1185,916,1186,-1,1186,916,1184,-1,1186,1184,1187,-1,1187,1184,1183,-1,1187,1183,1188,-1,1188,1183,1182,-1,1188,1182,952,-1,952,1182,1181,-1,952,1181,205,-1,205,1181,192,-1,204,203,952,-1,952,203,1189,-1,952,1189,1188,-1,1188,1189,1190,-1,1188,1190,1187,-1,1187,1190,1191,-1,1187,1191,1186,-1,1186,1191,1192,-1,1186,1192,1185,-1,1185,1192,1193,-1,1185,1193,582,-1,582,1193,584,-1,203,202,1189,-1,1189,202,1194,-1,1189,1194,1190,-1,1190,1194,1195,-1,1190,1195,1191,-1,1191,1195,1196,-1,1191,1196,1192,-1,1192,1196,1197,-1,1192,1197,1193,-1,1193,1197,915,-1,1193,915,584,-1,584,915,586,-1,202,201,1194,-1,1194,201,1198,-1,1194,1198,1195,-1,1195,1198,1199,-1,1195,1199,1196,-1,1196,1199,1200,-1,1196,1200,1197,-1,1197,1200,1201,-1,1197,1201,915,-1,915,1201,914,-1,915,914,588,-1,588,914,590,-1,594,592,1202,-1,1202,592,914,-1,1202,914,1203,-1,1203,914,1201,-1,1203,1201,1204,-1,1204,1201,1200,-1,1204,1200,1205,-1,1205,1200,1199,-1,1205,1199,1206,-1,1206,1199,1198,-1,1206,1198,200,-1,200,1198,201,-1,200,199,1206,-1,1206,199,1207,-1,1206,1207,1205,-1,1205,1207,1208,-1,1205,1208,1204,-1,1204,1208,1209,-1,1204,1209,1203,-1,1203,1209,1210,-1,1203,1210,1202,-1,1202,1210,913,-1,1202,913,594,-1,594,913,596,-1,199,198,1207,-1,1207,198,1211,-1,1207,1211,1208,-1,1208,1211,1212,-1,1208,1212,1209,-1,1209,1212,1213,-1,1209,1213,1210,-1,1210,1213,1214,-1,1210,1214,913,-1,913,1214,912,-1,913,912,598,-1,598,912,600,-1,604,602,1215,-1,1215,602,912,-1,1215,912,1216,-1,1216,912,1214,-1,1216,1214,1217,-1,1217,1214,1213,-1,1217,1213,1218,-1,1218,1213,1212,-1,1218,1212,951,-1,951,1212,1211,-1,951,1211,196,-1,196,1211,198,-1,195,206,951,-1,951,206,994,-1,951,994,1218,-1,1218,994,995,-1,1218,995,1217,-1,1217,995,997,-1,1217,997,1216,-1,1216,997,999,-1,1216,999,1215,-1,1215,999,1001,-1,1215,1001,604,-1,604,1001,606,-1,911,610,1001,-1,1001,610,608,-1,1001,608,606,-1,34,208,950,-1,950,208,949,-1,950,949,996,-1,996,949,1219,-1,996,1219,998,-1,998,1219,1220,-1,998,1220,1000,-1,1000,1220,1221,-1,1000,1221,911,-1,911,1221,910,-1,911,910,612,-1,612,910,614,-1,618,616,1222,-1,1222,616,910,-1,1222,910,1223,-1,1223,910,1221,-1,1223,1221,1224,-1,1224,1221,1220,-1,1224,1220,1225,-1,1225,1220,1219,-1,1225,1219,948,-1,948,1219,949,-1,948,949,212,-1,212,949,209,-1,211,218,948,-1,948,218,947,-1,948,947,1225,-1,1225,947,1226,-1,1225,1226,1224,-1,1224,1226,1227,-1,1224,1227,1223,-1,1223,1227,1228,-1,1223,1228,1222,-1,1222,1228,909,-1,1222,909,618,-1,618,909,620,-1,217,216,947,-1,947,216,1229,-1,947,1229,1226,-1,1226,1229,1230,-1,1226,1230,1227,-1,1227,1230,1231,-1,1227,1231,1228,-1,1228,1231,1232,-1,1228,1232,909,-1,909,1232,908,-1,909,908,622,-1,622,908,624,-1,628,626,1233,-1,1233,626,908,-1,1233,908,1234,-1,1234,908,1232,-1,1234,1232,1235,-1,1235,1232,1231,-1,1235,1231,1236,-1,1236,1231,1230,-1,1236,1230,1237,-1,1237,1230,1229,-1,1237,1229,215,-1,215,1229,216,-1,215,214,1237,-1,1237,214,946,-1,1237,946,1236,-1,1236,946,1238,-1,1236,1238,1235,-1,1235,1238,1239,-1,1235,1239,1234,-1,1234,1239,1240,-1,1234,1240,1233,-1,1233,1240,907,-1,1233,907,628,-1,628,907,630,-1,213,79,946,-1,946,79,1241,-1,946,1241,1238,-1,1238,1241,1242,-1,1238,1242,1239,-1,1239,1242,1243,-1,1239,1243,1240,-1,1240,1243,1244,-1,1240,1244,907,-1,907,1244,906,-1,907,906,632,-1,632,906,634,-1,638,636,1245,-1,1245,636,906,-1,1245,906,968,-1,968,906,1244,-1,968,1244,967,-1,967,1244,1243,-1,967,1243,966,-1,966,1243,1242,-1,966,1242,965,-1,965,1242,1241,-1,965,1241,78,-1,78,1241,79,-1,640,638,850,-1,850,638,1245,-1,850,1245,851,-1,851,1245,968,-1,851,968,853,-1,853,968,885,-1,1246,92,90,-1,91,105,905,-1,905,105,1247,-1,905,1247,904,-1,904,1247,1248,-1,90,1249,1246,-1,1246,1249,1250,-1,1246,1250,1251,-1,1252,902,1248,-1,1248,902,903,-1,1248,903,904,-1,1250,1253,1251,-1,1251,1253,1254,-1,1251,1254,1255,-1,1256,900,1252,-1,1252,900,901,-1,1252,901,902,-1,1254,1257,1255,-1,1255,1257,1258,-1,1255,1258,1259,-1,896,897,1260,-1,1260,897,898,-1,1260,898,1256,-1,1256,898,899,-1,1256,899,900,-1,105,104,1247,-1,1247,104,1261,-1,1247,1261,1248,-1,1248,1261,1262,-1,1248,1262,1252,-1,1252,1262,1263,-1,1252,1263,1256,-1,1256,1263,1264,-1,1256,1264,1260,-1,1260,1264,1265,-1,104,102,1261,-1,1261,102,1266,-1,1261,1266,1262,-1,1262,1266,1267,-1,1262,1267,1263,-1,1263,1267,1268,-1,1263,1268,1264,-1,1264,1268,1269,-1,1264,1269,1265,-1,1265,1269,1270,-1,102,101,1266,-1,1266,101,1271,-1,1266,1271,1267,-1,1267,1271,1272,-1,1267,1272,1268,-1,1268,1272,1273,-1,1268,1273,1269,-1,1269,1273,1274,-1,1269,1274,1270,-1,1270,1274,1275,-1,101,92,1271,-1,1271,92,1246,-1,1271,1246,1272,-1,1272,1246,1251,-1,1272,1251,1273,-1,1273,1251,1255,-1,1273,1255,1274,-1,1274,1255,1259,-1,1274,1259,1275,-1,1275,1259,1276,-1,653,895,1277,-1,1277,895,896,-1,1258,1278,1259,-1,1259,1278,1279,-1,1259,1279,1276,-1,1276,1279,1280,-1,1276,1280,1281,-1,896,1260,1277,-1,1277,1260,1265,-1,1277,1265,1282,-1,1282,1265,1270,-1,1282,1270,1283,-1,1283,1270,1275,-1,1283,1275,1284,-1,1284,1275,1276,-1,1284,1276,1285,-1,1285,1276,1281,-1,1285,1281,1286,-1,653,1277,655,-1,655,1277,1282,-1,655,1282,657,-1,657,1282,1283,-1,657,1283,659,-1,659,1283,1284,-1,659,1284,661,-1,661,1284,1285,-1,661,1285,663,-1,663,1285,1286,-1,663,1286,665,-1,416,414,1010,-1,1010,414,1287,-1,1010,1287,1008,-1,1008,1287,1288,-1,1008,1288,1006,-1,1006,1288,1289,-1,1006,1289,1004,-1,1004,1289,1290,-1,1004,1290,1002,-1,1002,1290,1291,-1,1002,1291,69,-1,69,1291,71,-1,414,412,1287,-1,1287,412,1292,-1,1287,1292,1288,-1,1288,1292,1293,-1,1288,1293,1289,-1,1289,1293,1294,-1,1289,1294,1290,-1,1290,1294,1295,-1,1290,1295,1291,-1,1291,1295,1296,-1,1291,1296,71,-1,71,1296,72,-1,412,410,1292,-1,1292,410,1297,-1,1292,1297,1293,-1,1293,1297,1298,-1,1293,1298,1294,-1,1294,1298,1299,-1,1294,1299,1295,-1,1295,1299,1300,-1,1295,1300,1296,-1,1296,1300,1301,-1,1296,1301,72,-1,72,1301,80,-1,410,408,1297,-1,1297,408,1302,-1,1297,1302,1298,-1,1298,1302,1303,-1,1298,1303,1299,-1,1299,1303,1304,-1,1299,1304,1300,-1,1300,1304,1305,-1,1300,1305,1301,-1,1301,1305,1306,-1,1301,1306,80,-1,80,1306,81,-1,408,406,1302,-1,1302,406,1307,-1,1302,1307,1303,-1,1303,1307,1308,-1,1303,1308,1304,-1,1304,1308,1309,-1,1304,1309,1305,-1,1305,1309,1310,-1,1305,1310,1306,-1,1306,1310,1311,-1,1306,1311,81,-1,81,1311,82,-1,406,404,1307,-1,1307,404,1312,-1,1307,1312,1308,-1,1308,1312,1313,-1,1308,1313,1309,-1,1309,1313,1314,-1,1309,1314,1310,-1,1310,1314,1315,-1,1310,1315,1311,-1,1311,1315,1316,-1,1311,1316,82,-1,82,1316,95,-1,665,1286,667,-1,667,1286,1317,-1,1286,1281,1317,-1,1317,1281,1280,-1,1317,1280,1318,-1,1280,1279,1318,-1,1318,1279,1278,-1,1318,1278,1319,-1,1278,1258,1319,-1,1319,1258,1257,-1,1319,1257,1320,-1,1257,1254,1320,-1,1320,1254,1253,-1,1320,1253,1321,-1,1321,1253,1250,-1,1321,1250,89,-1,89,1250,1249,-1,89,1249,90,-1,404,679,1322,-1,404,1322,1312,-1,1312,1322,1323,-1,1312,1323,1313,-1,1313,1323,1324,-1,1313,1324,1314,-1,1314,1324,1325,-1,1314,1325,1315,-1,1315,1325,1326,-1,1315,1326,1316,-1,1316,1326,94,-1,1316,94,95,-1,89,93,1321,-1,1321,93,1327,-1,1321,1327,1320,-1,1320,1327,1328,-1,1320,1328,1319,-1,1319,1328,1329,-1,1319,1329,1318,-1,1318,1329,1330,-1,1318,1330,1317,-1,1317,1330,1331,-1,1317,1331,667,-1,667,1331,669,-1,93,103,1327,-1,1327,103,1332,-1,1327,1332,1328,-1,1328,1332,1333,-1,1328,1333,1329,-1,1329,1333,1334,-1,1329,1334,1330,-1,1330,1334,1335,-1,1330,1335,1331,-1,1331,1335,1336,-1,1331,1336,669,-1,669,1336,671,-1,103,100,1332,-1,1332,100,1337,-1,1332,1337,1333,-1,1333,1337,1338,-1,1333,1338,1334,-1,1334,1338,1339,-1,1334,1339,1335,-1,1335,1339,1340,-1,1335,1340,1336,-1,1336,1340,1341,-1,1336,1341,671,-1,671,1341,673,-1,100,99,1337,-1,1337,99,1342,-1,1337,1342,1338,-1,1338,1342,1343,-1,1338,1343,1339,-1,1339,1343,1344,-1,1339,1344,1340,-1,1340,1344,1345,-1,1340,1345,1341,-1,1341,1345,1346,-1,1341,1346,673,-1,673,1346,675,-1,99,98,1342,-1,1342,98,1347,-1,1342,1347,1343,-1,1343,1347,1348,-1,1343,1348,1344,-1,1344,1348,1349,-1,1344,1349,1345,-1,1345,1349,1350,-1,1345,1350,1346,-1,1346,1350,1351,-1,1346,1351,675,-1,675,1351,677,-1,98,94,1347,-1,1347,94,1326,-1,1347,1326,1348,-1,1348,1326,1325,-1,1348,1325,1349,-1,1349,1325,1324,-1,1349,1324,1350,-1,1350,1324,1323,-1,1350,1323,1351,-1,1351,1323,1322,-1,1351,1322,677,-1,677,1322,679,-1,1352,694,735,-1,698,683,1353,-1,1353,683,1354,-1,1353,1354,1355,-1,1355,1354,1356,-1,735,1357,1352,-1,1352,1357,1358,-1,1352,1358,1359,-1,1359,1358,1360,-1,1359,1360,1361,-1,1362,1363,1356,-1,1356,1363,1364,-1,1356,1364,1355,-1,1365,1366,1362,-1,1362,1366,1367,-1,1362,1367,1363,-1,1368,1369,1370,-1,1370,1369,1371,-1,1370,1371,1365,-1,1365,1371,1372,-1,1365,1372,1366,-1,683,690,1354,-1,1354,690,1373,-1,1354,1373,1356,-1,1356,1373,1374,-1,1356,1374,1362,-1,1362,1374,1375,-1,1362,1375,1365,-1,1365,1375,1376,-1,1365,1376,1370,-1,1370,1376,1377,-1,690,692,1373,-1,1373,692,1378,-1,1373,1378,1374,-1,1374,1378,1379,-1,1374,1379,1375,-1,1375,1379,1380,-1,1375,1380,1376,-1,1376,1380,1381,-1,1376,1381,1377,-1,1377,1381,1382,-1,692,695,1378,-1,1378,695,1383,-1,1378,1383,1379,-1,1379,1383,1384,-1,1379,1384,1380,-1,1380,1384,1385,-1,1380,1385,1381,-1,1381,1385,1386,-1,1381,1386,1382,-1,1382,1386,1387,-1,695,694,1383,-1,1383,694,1352,-1,1383,1352,1384,-1,1384,1352,1359,-1,1384,1359,1385,-1,1385,1359,1361,-1,1385,1361,1386,-1,1386,1361,1388,-1,1386,1388,1387,-1,1387,1388,1389,-1,651,1390,1391,-1,1391,1390,1368,-1,1360,1392,1361,-1,1361,1392,1393,-1,1361,1393,1388,-1,1388,1393,1394,-1,1388,1394,1389,-1,1389,1394,1395,-1,1389,1395,1396,-1,1368,1370,1391,-1,1391,1370,1377,-1,1391,1377,1397,-1,1397,1377,1382,-1,1397,1382,1398,-1,1398,1382,1387,-1,1398,1387,1399,-1,1399,1387,1389,-1,1399,1389,1400,-1,1400,1389,1396,-1,1400,1396,1401,-1,651,1391,649,-1,649,1391,1397,-1,649,1397,647,-1,647,1397,1398,-1,647,1398,645,-1,645,1398,1399,-1,645,1399,643,-1,643,1399,1400,-1,643,1400,641,-1,641,1400,1401,-1,641,1401,639,-1,696,698,1402,-1,1402,698,1353,-1,1402,1353,1403,-1,1403,1353,1355,-1,1403,1355,1404,-1,1404,1355,1364,-1,1404,1364,1405,-1,1405,1364,1363,-1,1405,1363,1406,-1,1406,1363,1367,-1,1406,1367,1407,-1,1407,1367,1366,-1,1407,1366,1408,-1,1408,1366,1372,-1,1408,1372,1409,-1,1409,1372,1371,-1,1409,1371,1410,-1,1410,1371,1369,-1,1410,1369,1411,-1,1411,1369,1368,-1,1411,1368,1412,-1,1412,1368,1390,-1,1412,1390,654,-1,654,1390,651,-1,703,1413,1414,-1,1415,1360,1358,-1,1413,1416,1417,-1,1416,1418,1419,-1,1418,1420,1421,-1,1420,1422,1423,-1,1422,415,417,-1,423,1424,1425,-1,1422,417,1423,-1,1423,417,419,-1,1423,419,1425,-1,1425,419,421,-1,1425,421,423,-1,433,1426,1427,-1,423,425,1424,-1,1424,425,427,-1,1424,427,1428,-1,1428,427,429,-1,1428,429,1427,-1,1427,429,431,-1,1427,431,433,-1,433,435,1426,-1,1426,435,437,-1,1426,437,1429,-1,1429,437,439,-1,1429,439,1430,-1,439,441,1430,-1,1430,441,443,-1,1430,443,1431,-1,1431,443,445,-1,1431,445,1432,-1,1432,445,447,-1,457,1433,1434,-1,447,449,1432,-1,1432,449,451,-1,1432,451,1435,-1,1435,451,453,-1,1435,453,1434,-1,1434,453,455,-1,1434,455,457,-1,467,1436,1437,-1,457,459,1433,-1,1433,459,461,-1,1433,461,1438,-1,1438,461,463,-1,1438,463,1437,-1,1437,463,465,-1,1437,465,467,-1,479,1439,1440,-1,467,469,1436,-1,1436,469,471,-1,1436,471,1441,-1,1441,471,473,-1,1441,473,1442,-1,1442,473,475,-1,1442,475,1440,-1,1440,475,477,-1,1440,477,479,-1,489,1443,1444,-1,479,481,1439,-1,1439,481,483,-1,1439,483,1445,-1,1445,483,485,-1,1445,485,1444,-1,1444,485,487,-1,1444,487,489,-1,489,491,1443,-1,1443,491,493,-1,1443,493,1446,-1,1446,493,495,-1,1446,495,1447,-1,495,497,1447,-1,1447,497,499,-1,1447,499,1448,-1,1448,499,501,-1,1448,501,1449,-1,1449,501,503,-1,513,1450,1451,-1,503,505,1449,-1,1449,505,507,-1,1449,507,1452,-1,1452,507,509,-1,1452,509,1451,-1,1451,509,511,-1,1451,511,513,-1,523,1453,1454,-1,513,515,1450,-1,1450,515,517,-1,1450,517,1455,-1,1455,517,519,-1,1455,519,1454,-1,1454,519,521,-1,1454,521,523,-1,535,1456,1457,-1,523,525,1453,-1,1453,525,527,-1,1453,527,1458,-1,1458,527,529,-1,1458,529,1459,-1,1459,529,531,-1,1459,531,1457,-1,1457,531,533,-1,1457,533,535,-1,545,1460,1461,-1,535,537,1456,-1,1456,537,539,-1,1456,539,1462,-1,1462,539,541,-1,1462,541,1461,-1,1461,541,543,-1,1461,543,545,-1,545,547,1460,-1,1460,547,549,-1,1460,549,1463,-1,1463,549,551,-1,1463,551,1464,-1,551,553,1464,-1,1464,553,555,-1,1464,555,1465,-1,1465,555,557,-1,1465,557,1466,-1,1466,557,559,-1,569,1467,1468,-1,559,561,1466,-1,1466,561,563,-1,1466,563,1469,-1,1469,563,565,-1,1469,565,1468,-1,1468,565,567,-1,1468,567,569,-1,579,1470,1471,-1,569,571,1467,-1,1467,571,573,-1,1467,573,1472,-1,1472,573,575,-1,1472,575,1471,-1,1471,575,577,-1,1471,577,579,-1,591,1473,1474,-1,579,581,1470,-1,1470,581,583,-1,1470,583,1475,-1,1475,583,585,-1,1475,585,1476,-1,1476,585,587,-1,1476,587,1474,-1,1474,587,589,-1,1474,589,591,-1,601,1477,1478,-1,591,593,1473,-1,1473,593,595,-1,1473,595,1479,-1,1479,595,597,-1,1479,597,1478,-1,1478,597,599,-1,1478,599,601,-1,601,603,1477,-1,1477,603,605,-1,1477,605,1480,-1,1480,605,607,-1,1480,607,1481,-1,607,609,1481,-1,1481,609,611,-1,1481,611,1482,-1,1482,611,613,-1,1482,613,1483,-1,1483,613,615,-1,625,1484,1485,-1,615,617,1483,-1,1483,617,619,-1,1483,619,1486,-1,1486,619,621,-1,1486,621,1485,-1,1485,621,623,-1,1485,623,625,-1,625,627,1484,-1,1484,627,629,-1,1484,629,1487,-1,1487,629,631,-1,1487,631,1488,-1,639,1401,637,-1,637,1401,1489,-1,637,1489,635,-1,635,1489,1488,-1,635,1488,633,-1,633,1488,631,-1,1420,1423,1421,-1,1421,1423,1425,-1,1421,1425,1490,-1,1490,1425,1424,-1,1490,1424,1491,-1,1491,1424,1428,-1,1491,1428,1492,-1,1492,1428,1427,-1,1492,1427,1493,-1,1493,1427,1426,-1,1493,1426,1494,-1,1494,1426,1429,-1,1494,1429,1495,-1,1495,1429,1430,-1,1495,1430,1496,-1,1496,1430,1431,-1,1496,1431,1497,-1,1497,1431,1432,-1,1497,1432,1498,-1,1498,1432,1435,-1,1498,1435,1499,-1,1499,1435,1434,-1,1499,1434,1500,-1,1500,1434,1433,-1,1500,1433,1501,-1,1501,1433,1438,-1,1501,1438,1502,-1,1502,1438,1437,-1,1502,1437,1503,-1,1503,1437,1436,-1,1503,1436,1504,-1,1504,1436,1441,-1,1504,1441,1505,-1,1505,1441,1442,-1,1505,1442,1506,-1,1506,1442,1440,-1,1506,1440,1507,-1,1507,1440,1439,-1,1507,1439,1508,-1,1508,1439,1445,-1,1508,1445,1509,-1,1509,1445,1444,-1,1509,1444,1510,-1,1510,1444,1443,-1,1510,1443,1511,-1,1511,1443,1446,-1,1511,1446,1512,-1,1512,1446,1447,-1,1512,1447,1513,-1,1513,1447,1448,-1,1513,1448,1514,-1,1514,1448,1449,-1,1514,1449,1515,-1,1515,1449,1452,-1,1515,1452,1516,-1,1516,1452,1451,-1,1516,1451,1517,-1,1517,1451,1450,-1,1517,1450,1518,-1,1518,1450,1455,-1,1518,1455,1519,-1,1519,1455,1454,-1,1519,1454,1520,-1,1520,1454,1453,-1,1520,1453,1521,-1,1521,1453,1458,-1,1521,1458,1522,-1,1522,1458,1459,-1,1522,1459,1523,-1,1523,1459,1457,-1,1523,1457,1524,-1,1524,1457,1456,-1,1524,1456,1525,-1,1525,1456,1462,-1,1525,1462,1526,-1,1526,1462,1461,-1,1526,1461,1527,-1,1527,1461,1460,-1,1527,1460,1528,-1,1528,1460,1463,-1,1528,1463,1529,-1,1529,1463,1464,-1,1529,1464,1530,-1,1530,1464,1465,-1,1530,1465,1531,-1,1531,1465,1466,-1,1531,1466,1532,-1,1532,1466,1469,-1,1532,1469,1533,-1,1533,1469,1468,-1,1533,1468,1534,-1,1534,1468,1467,-1,1534,1467,1535,-1,1535,1467,1472,-1,1535,1472,1536,-1,1536,1472,1471,-1,1536,1471,1537,-1,1537,1471,1470,-1,1537,1470,1538,-1,1538,1470,1475,-1,1538,1475,1539,-1,1539,1475,1476,-1,1539,1476,1540,-1,1540,1476,1474,-1,1540,1474,1541,-1,1541,1474,1473,-1,1541,1473,1542,-1,1542,1473,1479,-1,1542,1479,1543,-1,1543,1479,1478,-1,1543,1478,1544,-1,1544,1478,1477,-1,1544,1477,1545,-1,1545,1477,1480,-1,1545,1480,1546,-1,1546,1480,1481,-1,1546,1481,1547,-1,1547,1481,1482,-1,1547,1482,1548,-1,1548,1482,1483,-1,1548,1483,1549,-1,1549,1483,1486,-1,1549,1486,1550,-1,1550,1486,1485,-1,1550,1485,1551,-1,1551,1485,1484,-1,1551,1484,1552,-1,1552,1484,1487,-1,1552,1487,1553,-1,1553,1487,1488,-1,1553,1488,1554,-1,1554,1488,1489,-1,1554,1489,1555,-1,1418,1421,1419,-1,1419,1421,1490,-1,1419,1490,1556,-1,1556,1490,1491,-1,1556,1491,1557,-1,1557,1491,1492,-1,1557,1492,1558,-1,1558,1492,1493,-1,1558,1493,1559,-1,1559,1493,1494,-1,1559,1494,1560,-1,1560,1494,1495,-1,1560,1495,1561,-1,1561,1495,1496,-1,1561,1496,1562,-1,1562,1496,1497,-1,1562,1497,1563,-1,1563,1497,1498,-1,1563,1498,1564,-1,1564,1498,1499,-1,1564,1499,1565,-1,1565,1499,1500,-1,1565,1500,1566,-1,1566,1500,1501,-1,1566,1501,1567,-1,1567,1501,1502,-1,1567,1502,1568,-1,1568,1502,1503,-1,1568,1503,1569,-1,1569,1503,1504,-1,1569,1504,1570,-1,1570,1504,1505,-1,1570,1505,1571,-1,1571,1505,1506,-1,1571,1506,1572,-1,1572,1506,1507,-1,1572,1507,1573,-1,1573,1507,1508,-1,1573,1508,1574,-1,1574,1508,1509,-1,1574,1509,1575,-1,1575,1509,1510,-1,1575,1510,1576,-1,1576,1510,1511,-1,1576,1511,1577,-1,1577,1511,1512,-1,1577,1512,1578,-1,1578,1512,1513,-1,1578,1513,1579,-1,1579,1513,1514,-1,1579,1514,1580,-1,1580,1514,1515,-1,1580,1515,1581,-1,1581,1515,1516,-1,1581,1516,1582,-1,1582,1516,1517,-1,1582,1517,1583,-1,1583,1517,1518,-1,1583,1518,1584,-1,1584,1518,1519,-1,1584,1519,1585,-1,1585,1519,1520,-1,1585,1520,1586,-1,1586,1520,1521,-1,1586,1521,1587,-1,1587,1521,1522,-1,1587,1522,1588,-1,1588,1522,1523,-1,1588,1523,1589,-1,1589,1523,1524,-1,1589,1524,1590,-1,1590,1524,1525,-1,1590,1525,1591,-1,1591,1525,1526,-1,1591,1526,1592,-1,1592,1526,1527,-1,1592,1527,1593,-1,1593,1527,1528,-1,1593,1528,1594,-1,1594,1528,1529,-1,1594,1529,1595,-1,1595,1529,1530,-1,1595,1530,1596,-1,1596,1530,1531,-1,1596,1531,1597,-1,1597,1531,1532,-1,1597,1532,1598,-1,1598,1532,1533,-1,1598,1533,1599,-1,1599,1533,1534,-1,1599,1534,1600,-1,1600,1534,1535,-1,1600,1535,1601,-1,1601,1535,1536,-1,1601,1536,1602,-1,1602,1536,1537,-1,1602,1537,1603,-1,1603,1537,1538,-1,1603,1538,1604,-1,1604,1538,1539,-1,1604,1539,1605,-1,1605,1539,1540,-1,1605,1540,1606,-1,1606,1540,1541,-1,1606,1541,1607,-1,1607,1541,1542,-1,1607,1542,1608,-1,1608,1542,1543,-1,1608,1543,1609,-1,1609,1543,1544,-1,1609,1544,1610,-1,1610,1544,1545,-1,1610,1545,1611,-1,1611,1545,1546,-1,1611,1546,1612,-1,1612,1546,1547,-1,1612,1547,1613,-1,1613,1547,1548,-1,1613,1548,1614,-1,1614,1548,1549,-1,1614,1549,1615,-1,1615,1549,1550,-1,1615,1550,1616,-1,1616,1550,1551,-1,1616,1551,1617,-1,1617,1551,1552,-1,1617,1552,1618,-1,1618,1552,1553,-1,1618,1553,1619,-1,1619,1553,1554,-1,1619,1554,1620,-1,1620,1554,1555,-1,1620,1555,1621,-1,1401,1396,1489,-1,1489,1396,1395,-1,1489,1395,1555,-1,1555,1395,1394,-1,1555,1394,1621,-1,1621,1394,1393,-1,1621,1393,1392,-1,1416,1419,1417,-1,1417,1419,1556,-1,1417,1556,1622,-1,1622,1556,1557,-1,1622,1557,1623,-1,1623,1557,1558,-1,1623,1558,1624,-1,1624,1558,1559,-1,1624,1559,1625,-1,1625,1559,1560,-1,1625,1560,1626,-1,1626,1560,1561,-1,1626,1561,1627,-1,1627,1561,1562,-1,1627,1562,1628,-1,1628,1562,1563,-1,1628,1563,1629,-1,1629,1563,1564,-1,1629,1564,1630,-1,1630,1564,1565,-1,1630,1565,1631,-1,1631,1565,1566,-1,1631,1566,1632,-1,1632,1566,1567,-1,1632,1567,1633,-1,1633,1567,1568,-1,1633,1568,1634,-1,1634,1568,1569,-1,1634,1569,1635,-1,1635,1569,1570,-1,1635,1570,1636,-1,1636,1570,1571,-1,1636,1571,1637,-1,1637,1571,1572,-1,1637,1572,1638,-1,1638,1572,1573,-1,1638,1573,1639,-1,1639,1573,1574,-1,1639,1574,1640,-1,1640,1574,1575,-1,1640,1575,1641,-1,1641,1575,1576,-1,1641,1576,1642,-1,1642,1576,1577,-1,1642,1577,1643,-1,1643,1577,1578,-1,1643,1578,1644,-1,1644,1578,1579,-1,1644,1579,1645,-1,1645,1579,1580,-1,1645,1580,1646,-1,1646,1580,1581,-1,1646,1581,1647,-1,1647,1581,1582,-1,1647,1582,1648,-1,1648,1582,1583,-1,1648,1583,1649,-1,1649,1583,1584,-1,1649,1584,1650,-1,1650,1584,1585,-1,1650,1585,1651,-1,1651,1585,1586,-1,1651,1586,1652,-1,1652,1586,1587,-1,1652,1587,1653,-1,1653,1587,1588,-1,1653,1588,1654,-1,1654,1588,1589,-1,1654,1589,1655,-1,1655,1589,1590,-1,1655,1590,1656,-1,1656,1590,1591,-1,1656,1591,1657,-1,1657,1591,1592,-1,1657,1592,1658,-1,1658,1592,1593,-1,1658,1593,1659,-1,1659,1593,1594,-1,1659,1594,1660,-1,1660,1594,1595,-1,1660,1595,1661,-1,1661,1595,1596,-1,1661,1596,1662,-1,1662,1596,1597,-1,1662,1597,1663,-1,1663,1597,1598,-1,1663,1598,1664,-1,1664,1598,1599,-1,1664,1599,1665,-1,1665,1599,1600,-1,1665,1600,1666,-1,1666,1600,1601,-1,1666,1601,1667,-1,1667,1601,1602,-1,1667,1602,1668,-1,1668,1602,1603,-1,1668,1603,1669,-1,1669,1603,1604,-1,1669,1604,1670,-1,1670,1604,1605,-1,1670,1605,1671,-1,1671,1605,1606,-1,1671,1606,1672,-1,1672,1606,1607,-1,1672,1607,1673,-1,1673,1607,1608,-1,1673,1608,1674,-1,1674,1608,1609,-1,1674,1609,1675,-1,1675,1609,1610,-1,1675,1610,1676,-1,1676,1610,1611,-1,1676,1611,1677,-1,1677,1611,1612,-1,1677,1612,1678,-1,1678,1612,1613,-1,1678,1613,1679,-1,1679,1613,1614,-1,1679,1614,1680,-1,1680,1614,1615,-1,1680,1615,1681,-1,1681,1615,1616,-1,1681,1616,1682,-1,1682,1616,1617,-1,1682,1617,1683,-1,1683,1617,1618,-1,1683,1618,1684,-1,1684,1618,1619,-1,1684,1619,1685,-1,1685,1619,1620,-1,1685,1620,1686,-1,1686,1620,1621,-1,1686,1621,1415,-1,1415,1621,1392,-1,1415,1392,1360,-1,1413,1417,1414,-1,1414,1417,1622,-1,1414,1622,1687,-1,1687,1622,1623,-1,1687,1623,1688,-1,1688,1623,1624,-1,1688,1624,1689,-1,1689,1624,1625,-1,1689,1625,1690,-1,1690,1625,1626,-1,1690,1626,1691,-1,1691,1626,1627,-1,1691,1627,1692,-1,1692,1627,1628,-1,1692,1628,1693,-1,1693,1628,1629,-1,1693,1629,1694,-1,1694,1629,1630,-1,1694,1630,1695,-1,1695,1630,1631,-1,1695,1631,1696,-1,1696,1631,1632,-1,1696,1632,1697,-1,1697,1632,1633,-1,1697,1633,1698,-1,1698,1633,1634,-1,1698,1634,1699,-1,1699,1634,1635,-1,1699,1635,1700,-1,1700,1635,1636,-1,1700,1636,1701,-1,1701,1636,1637,-1,1701,1637,1702,-1,1702,1637,1638,-1,1702,1638,1703,-1,1703,1638,1639,-1,1703,1639,1704,-1,1704,1639,1640,-1,1704,1640,1705,-1,1705,1640,1641,-1,1705,1641,1706,-1,1706,1641,1642,-1,1706,1642,1707,-1,1707,1642,1643,-1,1707,1643,1708,-1,1708,1643,1644,-1,1708,1644,1709,-1,1709,1644,1645,-1,1709,1645,1710,-1,1710,1645,1646,-1,1710,1646,1711,-1,1711,1646,1647,-1,1711,1647,1712,-1,1712,1647,1648,-1,1712,1648,1713,-1,1713,1648,1649,-1,1713,1649,1714,-1,1714,1649,1650,-1,1714,1650,1715,-1,1715,1650,1651,-1,1715,1651,1716,-1,1716,1651,1652,-1,1716,1652,1717,-1,1717,1652,1653,-1,1717,1653,1718,-1,1718,1653,1654,-1,1718,1654,1719,-1,1719,1654,1655,-1,1719,1655,1720,-1,1720,1655,1656,-1,1720,1656,1721,-1,1721,1656,1657,-1,1721,1657,1722,-1,1722,1657,1658,-1,1722,1658,1723,-1,1723,1658,1659,-1,1723,1659,1724,-1,1724,1659,1660,-1,1724,1660,1725,-1,1725,1660,1661,-1,1725,1661,1726,-1,1726,1661,1662,-1,1726,1662,1727,-1,1727,1662,1663,-1,1727,1663,1728,-1,1728,1663,1664,-1,1728,1664,1729,-1,1729,1664,1665,-1,1729,1665,1730,-1,1730,1665,1666,-1,1730,1666,1731,-1,1731,1666,1667,-1,1731,1667,1732,-1,1732,1667,1668,-1,1732,1668,1733,-1,1733,1668,1669,-1,1733,1669,1734,-1,1734,1669,1670,-1,1734,1670,1735,-1,1735,1670,1671,-1,1735,1671,1736,-1,1736,1671,1672,-1,1736,1672,1737,-1,1737,1672,1673,-1,1737,1673,1738,-1,1738,1673,1674,-1,1738,1674,1739,-1,1739,1674,1675,-1,1739,1675,1740,-1,1740,1675,1676,-1,1740,1676,1741,-1,1741,1676,1677,-1,1741,1677,1742,-1,1742,1677,1678,-1,1742,1678,1743,-1,1743,1678,1679,-1,1743,1679,1744,-1,1744,1679,1680,-1,1744,1680,1745,-1,1745,1680,1681,-1,1745,1681,1746,-1,1746,1681,1682,-1,1746,1682,1747,-1,1747,1682,1683,-1,1747,1683,1748,-1,1748,1683,1684,-1,1748,1684,1749,-1,1749,1684,1685,-1,1749,1685,1750,-1,1750,1685,1686,-1,1750,1686,1751,-1,1751,1686,1415,-1,1751,1415,1752,-1,1752,1415,1358,-1,1752,1358,1357,-1,703,1414,701,-1,701,1414,1687,-1,701,1687,702,-1,702,1687,1688,-1,702,1688,704,-1,704,1688,1689,-1,704,1689,737,-1,737,1689,1690,-1,737,1690,739,-1,739,1690,1691,-1,739,1691,741,-1,741,1691,1692,-1,741,1692,743,-1,743,1692,1693,-1,743,1693,745,-1,745,1693,1694,-1,745,1694,747,-1,747,1694,1695,-1,747,1695,749,-1,749,1695,1696,-1,749,1696,751,-1,751,1696,1697,-1,751,1697,753,-1,753,1697,1698,-1,753,1698,755,-1,755,1698,1699,-1,755,1699,757,-1,757,1699,1700,-1,757,1700,759,-1,759,1700,1701,-1,759,1701,761,-1,761,1701,1702,-1,761,1702,763,-1,763,1702,1703,-1,763,1703,765,-1,765,1703,1704,-1,765,1704,767,-1,767,1704,1705,-1,767,1705,769,-1,769,1705,1706,-1,769,1706,771,-1,771,1706,1707,-1,771,1707,773,-1,773,1707,1708,-1,773,1708,775,-1,775,1708,1709,-1,775,1709,777,-1,777,1709,1710,-1,777,1710,779,-1,779,1710,1711,-1,779,1711,781,-1,781,1711,1712,-1,781,1712,783,-1,783,1712,1713,-1,783,1713,785,-1,785,1713,1714,-1,785,1714,787,-1,787,1714,1715,-1,787,1715,789,-1,789,1715,1716,-1,789,1716,791,-1,791,1716,1717,-1,791,1717,793,-1,793,1717,1718,-1,793,1718,795,-1,795,1718,1719,-1,795,1719,797,-1,797,1719,1720,-1,797,1720,799,-1,799,1720,1721,-1,799,1721,801,-1,801,1721,1722,-1,801,1722,803,-1,803,1722,1723,-1,803,1723,805,-1,805,1723,1724,-1,805,1724,807,-1,807,1724,1725,-1,807,1725,809,-1,809,1725,1726,-1,809,1726,811,-1,811,1726,1727,-1,811,1727,813,-1,813,1727,1728,-1,813,1728,815,-1,815,1728,1729,-1,815,1729,817,-1,817,1729,1730,-1,817,1730,819,-1,819,1730,1731,-1,819,1731,821,-1,821,1731,1732,-1,821,1732,823,-1,823,1732,1733,-1,823,1733,825,-1,825,1733,1734,-1,825,1734,827,-1,827,1734,1735,-1,827,1735,829,-1,829,1735,1736,-1,829,1736,831,-1,831,1736,1737,-1,831,1737,832,-1,832,1737,1738,-1,832,1738,706,-1,706,1738,1739,-1,706,1739,708,-1,708,1739,1740,-1,708,1740,710,-1,710,1740,1741,-1,710,1741,712,-1,712,1741,1742,-1,712,1742,714,-1,714,1742,1743,-1,714,1743,716,-1,716,1743,1744,-1,716,1744,718,-1,718,1744,1745,-1,718,1745,720,-1,720,1745,1746,-1,720,1746,722,-1,722,1746,1747,-1,722,1747,724,-1,724,1747,1748,-1,724,1748,726,-1,726,1748,1749,-1,726,1749,728,-1,728,1749,1750,-1,728,1750,730,-1,730,1750,1751,-1,730,1751,732,-1,732,1751,1752,-1,732,1752,734,-1,734,1752,1357,-1,734,1357,735,-1,1753,664,666,-1,654,656,1412,-1,1412,656,1754,-1,1412,1754,1411,-1,1411,1754,1755,-1,666,1756,1753,-1,1753,1756,1757,-1,1753,1757,1758,-1,1759,1409,1755,-1,1755,1409,1410,-1,1755,1410,1411,-1,1757,1760,1758,-1,1758,1760,1761,-1,1758,1761,1762,-1,1763,1407,1759,-1,1759,1407,1408,-1,1759,1408,1409,-1,1761,1764,1762,-1,1762,1764,1765,-1,1762,1765,1766,-1,1403,1404,1767,-1,1767,1404,1405,-1,1767,1405,1763,-1,1763,1405,1406,-1,1763,1406,1407,-1,656,658,1754,-1,1754,658,1768,-1,1754,1768,1755,-1,1755,1768,1769,-1,1755,1769,1759,-1,1759,1769,1770,-1,1759,1770,1763,-1,1763,1770,1771,-1,1763,1771,1767,-1,1767,1771,1772,-1,658,660,1768,-1,1768,660,1773,-1,1768,1773,1769,-1,1769,1773,1774,-1,1769,1774,1770,-1,1770,1774,1775,-1,1770,1775,1771,-1,1771,1775,1776,-1,1771,1776,1772,-1,1772,1776,1777,-1,660,662,1773,-1,1773,662,1778,-1,1773,1778,1774,-1,1774,1778,1779,-1,1774,1779,1775,-1,1775,1779,1780,-1,1775,1780,1776,-1,1776,1780,1781,-1,1776,1781,1777,-1,1777,1781,1782,-1,662,664,1778,-1,1778,664,1753,-1,1778,1753,1779,-1,1779,1753,1758,-1,1779,1758,1780,-1,1780,1758,1762,-1,1780,1762,1781,-1,1781,1762,1766,-1,1781,1766,1782,-1,1782,1766,1783,-1,696,1402,1784,-1,1784,1402,1403,-1,1765,1785,1766,-1,1766,1785,1786,-1,1766,1786,1783,-1,1783,1786,1787,-1,1783,1787,1788,-1,1403,1767,1784,-1,1784,1767,1772,-1,1784,1772,1789,-1,1789,1772,1777,-1,1789,1777,1790,-1,1790,1777,1782,-1,1790,1782,1791,-1,1791,1782,1783,-1,1791,1783,1792,-1,1792,1783,1788,-1,1792,1788,1793,-1,696,1784,833,-1,833,1784,1789,-1,833,1789,834,-1,834,1789,1790,-1,834,1790,835,-1,835,1790,1791,-1,835,1791,836,-1,836,1791,1792,-1,836,1792,837,-1,837,1792,1793,-1,837,1793,838,-1,703,685,1413,-1,1413,685,1794,-1,1413,1794,1416,-1,1416,1794,1795,-1,1416,1795,1418,-1,1418,1795,1796,-1,1418,1796,1420,-1,1420,1796,1797,-1,1420,1797,1422,-1,1422,1797,1798,-1,1422,1798,415,-1,415,1798,413,-1,685,684,1794,-1,1794,684,1799,-1,1794,1799,1795,-1,1795,1799,1800,-1,1795,1800,1796,-1,1796,1800,1801,-1,1796,1801,1797,-1,1797,1801,1802,-1,1797,1802,1798,-1,1798,1802,1803,-1,1798,1803,413,-1,413,1803,411,-1,684,682,1799,-1,1799,682,1804,-1,1799,1804,1800,-1,1800,1804,1805,-1,1800,1805,1801,-1,1801,1805,1806,-1,1801,1806,1802,-1,1802,1806,1807,-1,1802,1807,1803,-1,1803,1807,1808,-1,1803,1808,411,-1,411,1808,409,-1,682,681,1804,-1,1804,681,1809,-1,1804,1809,1805,-1,1805,1809,1810,-1,1805,1810,1806,-1,1806,1810,1811,-1,1806,1811,1807,-1,1807,1811,1812,-1,1807,1812,1808,-1,1808,1812,1813,-1,1808,1813,409,-1,409,1813,407,-1,681,700,1809,-1,1809,700,1814,-1,1809,1814,1810,-1,1810,1814,1815,-1,1810,1815,1811,-1,1811,1815,1816,-1,1811,1816,1812,-1,1812,1816,1817,-1,1812,1817,1813,-1,1813,1817,1818,-1,1813,1818,407,-1,407,1818,405,-1,700,699,1814,-1,1814,699,1819,-1,1814,1819,1815,-1,1815,1819,1820,-1,1815,1820,1816,-1,1816,1820,1821,-1,1816,1821,1817,-1,1817,1821,1822,-1,1817,1822,1818,-1,1818,1822,1823,-1,1818,1823,405,-1,405,1823,403,-1,1756,666,668,-1,1756,668,1757,-1,1757,668,1824,-1,1757,1824,1760,-1,1760,1824,1825,-1,1760,1825,1761,-1,1761,1825,1764,-1,1764,1825,1826,-1,1764,1826,1765,-1,1765,1826,1785,-1,1785,1826,1827,-1,1785,1827,1786,-1,1786,1827,1787,-1,1787,1827,1828,-1,1787,1828,1788,-1,1788,1828,1793,-1,1793,1828,844,-1,1793,844,838,-1,680,403,1823,-1,680,1823,1829,-1,1829,1823,1822,-1,1829,1822,1830,-1,1830,1822,1821,-1,1830,1821,1831,-1,1831,1821,1820,-1,1831,1820,1832,-1,1832,1820,1819,-1,1832,1819,1833,-1,1833,1819,699,-1,1833,699,697,-1,668,670,1824,-1,1824,670,1834,-1,1824,1834,1825,-1,1825,1834,1835,-1,1825,1835,1826,-1,1826,1835,1836,-1,1826,1836,1827,-1,1827,1836,1837,-1,1827,1837,1828,-1,1828,1837,1838,-1,1828,1838,844,-1,844,1838,839,-1,670,672,1834,-1,1834,672,1839,-1,1834,1839,1835,-1,1835,1839,1840,-1,1835,1840,1836,-1,1836,1840,1841,-1,1836,1841,1837,-1,1837,1841,1842,-1,1837,1842,1838,-1,1838,1842,1843,-1,1838,1843,839,-1,839,1843,840,-1,672,674,1839,-1,1839,674,1844,-1,1839,1844,1840,-1,1840,1844,1845,-1,1840,1845,1841,-1,1841,1845,1846,-1,1841,1846,1842,-1,1842,1846,1847,-1,1842,1847,1843,-1,1843,1847,1848,-1,1843,1848,840,-1,840,1848,841,-1,674,676,1844,-1,1844,676,1849,-1,1844,1849,1845,-1,1845,1849,1850,-1,1845,1850,1846,-1,1846,1850,1851,-1,1846,1851,1847,-1,1847,1851,1852,-1,1847,1852,1848,-1,1848,1852,1853,-1,1848,1853,841,-1,841,1853,842,-1,676,678,1849,-1,1849,678,1854,-1,1849,1854,1850,-1,1850,1854,1855,-1,1850,1855,1851,-1,1851,1855,1856,-1,1851,1856,1852,-1,1852,1856,1857,-1,1852,1857,1853,-1,1853,1857,1858,-1,1853,1858,842,-1,842,1858,843,-1,678,680,1854,-1,1854,680,1829,-1,1854,1829,1855,-1,1855,1829,1830,-1,1855,1830,1856,-1,1856,1830,1831,-1,1856,1831,1857,-1,1857,1831,1832,-1,1857,1832,1858,-1,1858,1832,1833,-1,1858,1833,843,-1,843,1833,697,-1,1859,1860,1861,-1,1862,1863,1864,-1,1864,1863,1865,-1,1864,1865,1866,-1,1866,1865,1867,-1,1866,1867,1868,-1,1868,1867,1869,-1,1868,1869,1870,-1,1870,1869,1871,-1,1870,1871,1872,-1,1871,1873,1872,-1,1872,1873,1874,-1,1872,1874,1875,-1,1875,1874,1876,-1,1875,1876,1877,-1,1877,1876,1878,-1,1877,1878,1879,-1,1880,1881,1882,-1,1882,1881,1883,-1,1879,1878,1884,-1,1884,1878,1885,-1,1884,1885,1886,-1,1886,1885,1887,-1,1886,1887,1888,-1,1888,1887,1889,-1,1888,1889,1883,-1,1883,1889,1890,-1,1883,1890,1882,-1,1891,1892,1893,-1,1893,1892,1894,-1,1893,1894,1895,-1,1895,1894,1896,-1,1895,1896,1880,-1,1880,1896,1897,-1,1880,1897,1881,-1,1893,1898,1891,-1,1891,1898,1899,-1,1891,1899,1900,-1,1900,1899,1901,-1,1900,1901,1902,-1,1902,1901,1903,-1,1902,1903,1904,-1,1904,1903,1905,-1,1904,1905,1906,-1,1905,1907,1906,-1,1906,1907,1908,-1,1906,1908,1909,-1,1909,1908,1910,-1,1909,1910,1911,-1,1911,1910,1912,-1,1911,1912,1913,-1,1913,1912,1914,-1,1913,1914,1915,-1,1915,1914,1916,-1,1915,1916,1917,-1,1917,1916,1918,-1,1917,1918,1919,-1,1919,1918,1920,-1,1919,1920,1921,-1,1921,1920,1922,-1,1921,1922,1923,-1,1923,1922,1924,-1,1923,1924,1925,-1,1925,1924,1926,-1,1925,1926,1927,-1,1927,1926,1928,-1,1927,1928,1929,-1,1929,1928,1930,-1,1929,1930,1931,-1,1931,1930,1932,-1,1931,1932,1933,-1,1933,1932,1934,-1,1933,1934,1935,-1,1935,1934,1936,-1,1935,1936,1937,-1,1937,1936,1938,-1,1937,1938,1939,-1,1939,1938,1940,-1,1939,1940,1941,-1,1941,1940,1942,-1,1941,1942,1943,-1,1943,1942,1944,-1,1943,1944,1945,-1,1945,1944,1946,-1,1945,1946,1947,-1,1947,1946,1948,-1,1947,1948,1949,-1,1949,1948,1950,-1,1949,1950,1951,-1,1951,1950,1952,-1,1951,1952,1953,-1,1953,1952,1954,-1,1953,1954,1955,-1,1955,1954,1956,-1,1955,1956,1957,-1,1957,1956,1958,-1,1957,1958,1959,-1,1959,1958,1960,-1,1961,1962,1963,-1,1963,1962,1964,-1,1963,1964,1965,-1,1958,1966,1960,-1,1960,1966,1967,-1,1960,1967,1968,-1,1968,1967,1969,-1,1968,1969,1970,-1,1970,1969,1971,-1,1970,1971,1972,-1,1972,1971,1973,-1,1972,1973,1974,-1,1974,1973,1975,-1,1974,1975,1976,-1,1976,1975,1977,-1,1976,1977,1978,-1,1978,1977,1979,-1,1978,1979,1980,-1,1980,1979,1981,-1,1980,1981,1982,-1,1982,1981,1983,-1,1982,1983,1984,-1,1984,1983,1985,-1,1984,1985,1986,-1,1986,1985,1987,-1,1986,1987,1988,-1,1988,1987,1989,-1,1988,1989,1990,-1,1990,1989,1991,-1,1990,1991,1992,-1,1992,1991,1993,-1,1992,1993,1961,-1,1961,1993,1994,-1,1961,1994,1962,-1,1965,1964,1995,-1,1995,1964,1996,-1,1995,1996,1997,-1,1997,1996,1998,-1,1997,1998,1999,-1,1861,1860,2000,-1,1998,2001,1999,-1,1999,2001,2002,-1,1999,2002,2003,-1,2003,2002,2004,-1,2003,2004,2005,-1,2005,2004,2000,-1,2005,2000,2006,-1,2006,2000,1860,-1,2007,2008,2009,-1,2009,2008,2010,-1,2009,2010,2011,-1,2011,2010,2012,-1,2011,2012,2013,-1,2013,2012,2014,-1,2013,2014,2015,-1,2015,2014,1859,-1,2015,1859,2016,-1,2016,1859,1861,-1,2017,2018,2019,-1,2019,2018,2020,-1,2019,2020,2021,-1,2021,2020,2022,-1,2021,2022,2023,-1,2023,2022,2007,-1,2023,2007,2024,-1,2024,2007,2009,-1,1864,2025,1862,-1,1862,2025,2026,-1,1862,2026,2027,-1,2027,2026,2028,-1,2027,2028,2029,-1,2029,2028,2030,-1,2029,2030,2031,-1,2031,2030,2032,-1,2031,2032,2033,-1,2033,2032,2034,-1,2033,2034,2035,-1,2035,2034,2036,-1,2035,2036,2037,-1,2037,2036,2038,-1,2037,2038,2039,-1,2039,2038,2040,-1,2039,2040,2041,-1,2041,2040,2042,-1,2041,2042,2043,-1,2043,2042,2044,-1,2043,2044,2045,-1,2045,2044,2046,-1,2045,2046,2047,-1,2047,2046,2048,-1,2047,2048,2049,-1,2049,2048,2050,-1,2049,2050,2051,-1,2051,2050,2052,-1,2051,2052,2053,-1,2053,2052,2054,-1,2053,2054,2055,-1,2055,2054,2056,-1,2055,2056,2057,-1,2057,2056,2058,-1,2057,2058,2059,-1,2059,2058,2060,-1,2059,2060,2061,-1,2061,2060,2062,-1,2061,2062,2063,-1,2063,2062,2064,-1,2063,2064,2065,-1,2065,2064,2066,-1,2065,2066,2067,-1,2067,2066,2068,-1,2067,2068,2069,-1,2069,2068,2070,-1,2069,2070,2071,-1,2071,2070,2072,-1,2071,2072,2073,-1,2073,2072,2074,-1,2073,2074,2075,-1,2075,2074,2076,-1,2075,2076,2077,-1,2077,2076,2078,-1,2077,2078,2079,-1,2079,2078,2080,-1,2079,2080,2081,-1,2081,2080,2082,-1,2081,2082,2083,-1,2083,2082,2084,-1,2083,2084,2085,-1,2085,2084,2086,-1,2085,2086,2017,-1,2017,2086,2087,-1,2017,2087,2018,-1,1958,1956,2088,-1,1954,1952,2089,-1,1889,1887,2090,-1,2075,2077,2091,-1,2092,2093,2094,-1,740,742,2095,-1,770,772,2096,-1,2096,772,2097,-1,2096,2097,2098,-1,814,816,2099,-1,2099,816,2100,-1,2099,2100,2101,-1,691,689,2102,-1,2102,689,2103,-1,2102,2103,2104,-1,687,2093,686,-1,686,2093,2092,-1,686,2092,688,-1,768,770,2105,-1,2105,770,2096,-1,2105,2096,2106,-1,2106,2096,2098,-1,2106,2098,2107,-1,812,814,2108,-1,2108,814,2099,-1,2108,2099,2109,-1,2109,2099,2101,-1,2109,2101,2110,-1,693,691,2111,-1,2111,691,2102,-1,2111,2102,2112,-1,2112,2102,2104,-1,2112,2104,2113,-1,2114,2094,2115,-1,2115,2094,2093,-1,2115,2093,2116,-1,2116,2093,687,-1,2116,687,736,-1,2117,2118,2119,-1,766,768,2120,-1,2120,768,2105,-1,2120,2105,2121,-1,2121,2105,2106,-1,2121,2106,2122,-1,2122,2106,2107,-1,2122,2107,2123,-1,810,812,2124,-1,2124,812,2108,-1,2124,2108,2125,-1,2125,2108,2109,-1,2125,2109,2126,-1,2126,2109,2110,-1,2126,2110,2127,-1,733,693,2128,-1,2128,693,2111,-1,2128,2111,2129,-1,2129,2111,2112,-1,2129,2112,2130,-1,2130,2112,2113,-1,2130,2113,2131,-1,2132,2114,2133,-1,2133,2114,2115,-1,2133,2115,2134,-1,2134,2115,2116,-1,2134,2116,2135,-1,2135,2116,736,-1,2135,736,738,-1,764,766,2136,-1,2136,766,2120,-1,2136,2120,2137,-1,2137,2120,2121,-1,2137,2121,2138,-1,2138,2121,2122,-1,2138,2122,2139,-1,2139,2122,2123,-1,2139,2123,2140,-1,2141,2142,2143,-1,808,810,2144,-1,2144,810,2124,-1,2144,2124,2145,-1,2145,2124,2125,-1,2145,2125,2146,-1,2146,2125,2126,-1,2146,2126,2147,-1,2147,2126,2127,-1,2147,2127,2148,-1,2149,2150,2151,-1,731,733,2152,-1,2152,733,2128,-1,2152,2128,2153,-1,2153,2128,2129,-1,2153,2129,2154,-1,2154,2129,2130,-1,2154,2130,2155,-1,2155,2130,2131,-1,2155,2131,2156,-1,2157,2158,2159,-1,2160,2132,2161,-1,2161,2132,2133,-1,2161,2133,2162,-1,2162,2133,2134,-1,2162,2134,2163,-1,2163,2134,2135,-1,2163,2135,2164,-1,2164,2135,738,-1,2164,738,740,-1,2091,2165,2166,-1,2167,2168,2169,-1,2169,2168,2170,-1,2169,2170,2171,-1,2171,2170,2117,-1,2171,2117,2172,-1,2172,2117,2119,-1,2172,2119,2173,-1,746,748,2174,-1,2174,748,2175,-1,2174,2175,2176,-1,2176,2175,2177,-1,2176,2177,2178,-1,2178,2177,2179,-1,2178,2179,2180,-1,2180,2179,2181,-1,2180,2181,2182,-1,2182,2181,2183,-1,752,754,2184,-1,2184,754,2185,-1,2184,2185,2186,-1,2186,2185,2187,-1,2186,2187,2188,-1,2188,2187,2189,-1,2188,2189,2190,-1,2190,2189,2191,-1,2190,2191,2192,-1,2192,2191,2193,-1,758,760,2194,-1,2194,760,2195,-1,2194,2195,2196,-1,2196,2195,2197,-1,2196,2197,2198,-1,2198,2197,2199,-1,2198,2199,2200,-1,2200,2199,2201,-1,2200,2201,2202,-1,2202,2201,2203,-1,2204,2142,2205,-1,2205,2142,2141,-1,2205,2141,2206,-1,1867,1865,2207,-1,2207,1865,2206,-1,2207,2206,2208,-1,2208,2206,2141,-1,2208,2141,2209,-1,2209,2141,2143,-1,2209,2143,2210,-1,774,776,2211,-1,2211,776,2212,-1,2211,2212,2213,-1,2213,2212,2214,-1,2213,2214,2215,-1,2215,2214,2216,-1,2215,2216,2217,-1,2217,2216,2218,-1,2217,2218,2219,-1,2219,2218,2220,-1,776,778,2212,-1,2212,778,2221,-1,2212,2221,2214,-1,2214,2221,2222,-1,2214,2222,2216,-1,2216,2222,2223,-1,2216,2223,2218,-1,2218,2223,2224,-1,2218,2224,2220,-1,2220,2224,2225,-1,2220,2225,1874,-1,1874,2225,1876,-1,780,782,2226,-1,2226,782,2227,-1,2226,2227,2228,-1,2228,2227,2229,-1,2228,2229,2230,-1,2230,2229,2231,-1,2230,2231,2232,-1,2232,2231,2233,-1,2232,2233,2234,-1,2234,2233,2090,-1,784,786,2235,-1,2235,786,2236,-1,2235,2236,2237,-1,2237,2236,2238,-1,2237,2238,2239,-1,2239,2238,2240,-1,2239,2240,2241,-1,2241,2240,2242,-1,2241,2242,2243,-1,2243,2242,2244,-1,790,792,2245,-1,2245,792,2246,-1,2245,2246,2247,-1,2247,2246,2248,-1,2247,2248,2249,-1,2249,2248,2250,-1,2249,2250,2251,-1,2251,2250,2252,-1,2251,2252,2253,-1,2253,2252,2254,-1,796,798,2255,-1,2255,798,2256,-1,2255,2256,2257,-1,2257,2256,2258,-1,2257,2258,2259,-1,2259,2258,2260,-1,2259,2260,2261,-1,2261,2260,2262,-1,2261,2262,2263,-1,2263,2262,2264,-1,802,804,2265,-1,2265,804,2266,-1,2265,2266,2267,-1,2267,2266,2268,-1,2267,2268,2269,-1,2269,2268,2270,-1,2269,2270,2271,-1,2271,2270,2272,-1,2271,2272,2273,-1,2273,2272,2274,-1,2275,2150,2276,-1,2276,2150,2149,-1,2276,2149,2277,-1,1940,1938,2278,-1,2278,1938,2277,-1,2278,2277,2279,-1,2279,2277,2149,-1,2279,2149,2280,-1,2280,2149,2151,-1,2280,2151,2281,-1,818,820,2282,-1,2282,820,2283,-1,2282,2283,2284,-1,2284,2283,2285,-1,2284,2285,2286,-1,2286,2285,2287,-1,2286,2287,2288,-1,2288,2287,2289,-1,2288,2289,2290,-1,2290,2289,2291,-1,820,822,2283,-1,2283,822,2292,-1,2283,2292,2285,-1,2285,2292,2293,-1,2285,2293,2287,-1,2287,2293,2294,-1,2287,2294,2289,-1,2289,2294,2295,-1,2289,2295,2291,-1,2291,2295,2296,-1,2291,2296,1948,-1,1948,2296,1950,-1,828,830,2297,-1,2297,830,2298,-1,2297,2298,2299,-1,2299,2298,2300,-1,2299,2300,2301,-1,2301,2300,2302,-1,2301,2302,2303,-1,2303,2302,2304,-1,2303,2304,2305,-1,2305,2304,2306,-1,707,709,2307,-1,2307,709,2308,-1,2307,2308,2309,-1,2309,2308,2310,-1,2309,2310,2311,-1,2311,2310,2312,-1,2311,2312,2313,-1,2313,2312,2314,-1,2313,2314,2315,-1,2315,2314,2316,-1,713,715,2317,-1,2317,715,2318,-1,2317,2318,2319,-1,2319,2318,2320,-1,2319,2320,2321,-1,2321,2320,2322,-1,2321,2322,2323,-1,2323,2322,2324,-1,2323,2324,2325,-1,2325,2324,2326,-1,719,721,2327,-1,2327,721,2328,-1,2327,2328,2329,-1,2329,2328,2330,-1,2329,2330,2331,-1,2331,2330,2332,-1,2331,2332,2333,-1,2333,2332,2334,-1,2333,2334,2335,-1,2335,2334,2336,-1,725,727,2337,-1,2337,727,2338,-1,2337,2338,2339,-1,2339,2338,2340,-1,2339,2340,2341,-1,2341,2340,2342,-1,2341,2342,2343,-1,2343,2342,2344,-1,2343,2344,2345,-1,2345,2344,2346,-1,2347,2158,2348,-1,2348,2158,2157,-1,2348,2157,2349,-1,2021,2023,2350,-1,2350,2023,2349,-1,2350,2349,2351,-1,2351,2349,2157,-1,2351,2157,2352,-1,2352,2157,2159,-1,2352,2159,2353,-1,2118,2166,2354,-1,2354,2166,2165,-1,2354,2165,2355,-1,2355,2165,2081,-1,2355,2081,2083,-1,2091,2077,2165,-1,2165,2077,2079,-1,2165,2079,2081,-1,2118,2117,2166,-1,2166,2117,2170,-1,2166,2170,2091,-1,2091,2170,2168,-1,2091,2168,2075,-1,2065,2067,2356,-1,2356,2067,2167,-1,2356,2167,2357,-1,2357,2167,2169,-1,2357,2169,2358,-1,2358,2169,2171,-1,2358,2171,2359,-1,2359,2171,2172,-1,2359,2172,2360,-1,2360,2172,2173,-1,2360,2173,744,-1,744,2173,742,-1,2067,2069,2167,-1,2167,2069,2071,-1,2167,2071,2168,-1,2168,2071,2073,-1,2168,2073,2075,-1,744,746,2360,-1,2360,746,2174,-1,2360,2174,2359,-1,2359,2174,2176,-1,2359,2176,2358,-1,2358,2176,2178,-1,2358,2178,2357,-1,2357,2178,2180,-1,2357,2180,2356,-1,2356,2180,2182,-1,2356,2182,2065,-1,2055,2057,2361,-1,2361,2057,2183,-1,2361,2183,2362,-1,2362,2183,2181,-1,2362,2181,2363,-1,2363,2181,2179,-1,2363,2179,2364,-1,2364,2179,2177,-1,2364,2177,2365,-1,2365,2177,2175,-1,2365,2175,750,-1,750,2175,748,-1,2057,2059,2183,-1,2183,2059,2061,-1,2183,2061,2182,-1,2182,2061,2063,-1,2182,2063,2065,-1,750,752,2365,-1,2365,752,2184,-1,2365,2184,2364,-1,2364,2184,2186,-1,2364,2186,2363,-1,2363,2186,2188,-1,2363,2188,2362,-1,2362,2188,2190,-1,2362,2190,2361,-1,2361,2190,2192,-1,2361,2192,2055,-1,2045,2047,2366,-1,2366,2047,2193,-1,2366,2193,2367,-1,2367,2193,2191,-1,2367,2191,2368,-1,2368,2191,2189,-1,2368,2189,2369,-1,2369,2189,2187,-1,2369,2187,2370,-1,2370,2187,2185,-1,2370,2185,756,-1,756,2185,754,-1,2047,2049,2193,-1,2193,2049,2051,-1,2193,2051,2192,-1,2192,2051,2053,-1,2192,2053,2055,-1,756,758,2370,-1,2370,758,2194,-1,2370,2194,2369,-1,2369,2194,2196,-1,2369,2196,2368,-1,2368,2196,2198,-1,2368,2198,2367,-1,2367,2198,2200,-1,2367,2200,2366,-1,2366,2200,2202,-1,2366,2202,2045,-1,2035,2037,2371,-1,2371,2037,2203,-1,2371,2203,2372,-1,2372,2203,2201,-1,2372,2201,2373,-1,2373,2201,2199,-1,2373,2199,2374,-1,2374,2199,2197,-1,2374,2197,2375,-1,2375,2197,2195,-1,2375,2195,762,-1,762,2195,760,-1,2037,2039,2203,-1,2203,2039,2041,-1,2203,2041,2202,-1,2202,2041,2043,-1,2202,2043,2045,-1,2033,2035,2140,-1,2140,2035,2371,-1,2140,2371,2139,-1,2139,2371,2372,-1,2139,2372,2138,-1,2138,2372,2373,-1,2138,2373,2137,-1,2137,2373,2374,-1,2137,2374,2136,-1,2136,2374,2375,-1,2136,2375,764,-1,764,2375,762,-1,2097,2210,2098,-1,2098,2210,2143,-1,2098,2143,2107,-1,2107,2143,2142,-1,2107,2142,2123,-1,2123,2142,2204,-1,2123,2204,2140,-1,2140,2204,2031,-1,2140,2031,2033,-1,1865,1863,2206,-1,2206,1863,1862,-1,2206,1862,2205,-1,2205,1862,2027,-1,2205,2027,2204,-1,2204,2027,2029,-1,2204,2029,2031,-1,772,774,2097,-1,2097,774,2211,-1,2097,2211,2210,-1,2210,2211,2213,-1,2210,2213,2209,-1,2209,2213,2215,-1,2209,2215,2208,-1,2208,2215,2217,-1,2208,2217,2207,-1,2207,2217,2219,-1,2207,2219,1867,-1,1874,1873,2220,-1,2220,1873,1871,-1,2220,1871,2219,-1,2219,1871,1869,-1,2219,1869,1867,-1,1878,1876,2234,-1,2234,1876,2225,-1,2234,2225,2232,-1,2232,2225,2224,-1,2232,2224,2230,-1,2230,2224,2223,-1,2230,2223,2228,-1,2228,2223,2222,-1,2228,2222,2226,-1,2226,2222,2221,-1,2226,2221,780,-1,780,2221,778,-1,2090,1887,2234,-1,2234,1887,1885,-1,2234,1885,1878,-1,782,784,2227,-1,2227,784,2235,-1,2227,2235,2229,-1,2229,2235,2237,-1,2229,2237,2231,-1,2231,2237,2239,-1,2231,2239,2233,-1,2233,2239,2241,-1,2233,2241,2090,-1,2090,2241,2243,-1,2090,2243,1889,-1,1893,1895,2376,-1,2376,1895,2244,-1,2376,2244,2377,-1,2377,2244,2242,-1,2377,2242,2378,-1,2378,2242,2240,-1,2378,2240,2379,-1,2379,2240,2238,-1,2379,2238,2380,-1,2380,2238,2236,-1,2380,2236,788,-1,788,2236,786,-1,1895,1880,2244,-1,2244,1880,1882,-1,2244,1882,2243,-1,2243,1882,1890,-1,2243,1890,1889,-1,788,790,2380,-1,2380,790,2245,-1,2380,2245,2379,-1,2379,2245,2247,-1,2379,2247,2378,-1,2378,2247,2249,-1,2378,2249,2377,-1,2377,2249,2251,-1,2377,2251,2376,-1,2376,2251,2253,-1,2376,2253,1893,-1,1905,1903,2381,-1,2381,1903,2254,-1,2381,2254,2382,-1,2382,2254,2252,-1,2382,2252,2383,-1,2383,2252,2250,-1,2383,2250,2384,-1,2384,2250,2248,-1,2384,2248,2385,-1,2385,2248,2246,-1,2385,2246,794,-1,794,2246,792,-1,1903,1901,2254,-1,2254,1901,1899,-1,2254,1899,2253,-1,2253,1899,1898,-1,2253,1898,1893,-1,794,796,2385,-1,2385,796,2255,-1,2385,2255,2384,-1,2384,2255,2257,-1,2384,2257,2383,-1,2383,2257,2259,-1,2383,2259,2382,-1,2382,2259,2261,-1,2382,2261,2381,-1,2381,2261,2263,-1,2381,2263,1905,-1,1914,1912,2386,-1,2386,1912,2264,-1,2386,2264,2387,-1,2387,2264,2262,-1,2387,2262,2388,-1,2388,2262,2260,-1,2388,2260,2389,-1,2389,2260,2258,-1,2389,2258,2390,-1,2390,2258,2256,-1,2390,2256,800,-1,800,2256,798,-1,1912,1910,2264,-1,2264,1910,1908,-1,2264,1908,2263,-1,2263,1908,1907,-1,2263,1907,1905,-1,800,802,2390,-1,2390,802,2265,-1,2390,2265,2389,-1,2389,2265,2267,-1,2389,2267,2388,-1,2388,2267,2269,-1,2388,2269,2387,-1,2387,2269,2271,-1,2387,2271,2386,-1,2386,2271,2273,-1,2386,2273,1914,-1,1924,1922,2391,-1,2391,1922,2274,-1,2391,2274,2392,-1,2392,2274,2272,-1,2392,2272,2393,-1,2393,2272,2270,-1,2393,2270,2394,-1,2394,2270,2268,-1,2394,2268,2395,-1,2395,2268,2266,-1,2395,2266,806,-1,806,2266,804,-1,1922,1920,2274,-1,2274,1920,1918,-1,2274,1918,2273,-1,2273,1918,1916,-1,2273,1916,1914,-1,1926,1924,2148,-1,2148,1924,2391,-1,2148,2391,2147,-1,2147,2391,2392,-1,2147,2392,2146,-1,2146,2392,2393,-1,2146,2393,2145,-1,2145,2393,2394,-1,2145,2394,2144,-1,2144,2394,2395,-1,2144,2395,808,-1,808,2395,806,-1,2100,2281,2101,-1,2101,2281,2151,-1,2101,2151,2110,-1,2110,2151,2150,-1,2110,2150,2127,-1,2127,2150,2275,-1,2127,2275,2148,-1,2148,2275,1928,-1,2148,1928,1926,-1,1938,1936,2277,-1,2277,1936,1934,-1,2277,1934,2276,-1,2276,1934,1932,-1,2276,1932,2275,-1,2275,1932,1930,-1,2275,1930,1928,-1,816,818,2100,-1,2100,818,2282,-1,2100,2282,2281,-1,2281,2282,2284,-1,2281,2284,2280,-1,2280,2284,2286,-1,2280,2286,2279,-1,2279,2286,2288,-1,2279,2288,2278,-1,2278,2288,2290,-1,2278,2290,1940,-1,1948,1946,2291,-1,2291,1946,1944,-1,2291,1944,2290,-1,2290,1944,1942,-1,2290,1942,1940,-1,1952,1950,2089,-1,2089,1950,2296,-1,2089,2296,2396,-1,2396,2296,2295,-1,2396,2295,2397,-1,2397,2295,2294,-1,2397,2294,2398,-1,2398,2294,2293,-1,2398,2293,2399,-1,2399,2293,2292,-1,2399,2292,824,-1,824,2292,822,-1,1956,1954,2088,-1,2088,1954,2089,-1,2088,2089,2400,-1,2400,2089,2396,-1,2400,2396,2401,-1,2401,2396,2397,-1,2401,2397,2402,-1,2402,2397,2398,-1,2402,2398,2403,-1,2403,2398,2399,-1,2403,2399,826,-1,826,2399,824,-1,826,828,2403,-1,2403,828,2297,-1,2403,2297,2402,-1,2402,2297,2299,-1,2402,2299,2401,-1,2401,2299,2301,-1,2401,2301,2400,-1,2400,2301,2303,-1,2400,2303,2088,-1,2088,2303,2305,-1,2088,2305,1958,-1,1973,1971,2404,-1,2404,1971,2306,-1,2404,2306,2405,-1,2405,2306,2304,-1,2405,2304,2406,-1,2406,2304,2302,-1,2406,2302,2407,-1,2407,2302,2300,-1,2407,2300,2408,-1,2408,2300,2298,-1,2408,2298,705,-1,705,2298,830,-1,1971,1969,2306,-1,2306,1969,1967,-1,2306,1967,2305,-1,2305,1967,1966,-1,2305,1966,1958,-1,705,707,2408,-1,2408,707,2307,-1,2408,2307,2407,-1,2407,2307,2309,-1,2407,2309,2406,-1,2406,2309,2311,-1,2406,2311,2405,-1,2405,2311,2313,-1,2405,2313,2404,-1,2404,2313,2315,-1,2404,2315,1973,-1,1983,1981,2409,-1,2409,1981,2316,-1,2409,2316,2410,-1,2410,2316,2314,-1,2410,2314,2411,-1,2411,2314,2312,-1,2411,2312,2412,-1,2412,2312,2310,-1,2412,2310,2413,-1,2413,2310,2308,-1,2413,2308,711,-1,711,2308,709,-1,1981,1979,2316,-1,2316,1979,1977,-1,2316,1977,2315,-1,2315,1977,1975,-1,2315,1975,1973,-1,711,713,2413,-1,2413,713,2317,-1,2413,2317,2412,-1,2412,2317,2319,-1,2412,2319,2411,-1,2411,2319,2321,-1,2411,2321,2410,-1,2410,2321,2323,-1,2410,2323,2409,-1,2409,2323,2325,-1,2409,2325,1983,-1,1993,1991,2414,-1,2414,1991,2326,-1,2414,2326,2415,-1,2415,2326,2324,-1,2415,2324,2416,-1,2416,2324,2322,-1,2416,2322,2417,-1,2417,2322,2320,-1,2417,2320,2418,-1,2418,2320,2318,-1,2418,2318,717,-1,717,2318,715,-1,1991,1989,2326,-1,2326,1989,1987,-1,2326,1987,2325,-1,2325,1987,1985,-1,2325,1985,1983,-1,717,719,2418,-1,2418,719,2327,-1,2418,2327,2417,-1,2417,2327,2329,-1,2417,2329,2416,-1,2416,2329,2331,-1,2416,2331,2415,-1,2415,2331,2333,-1,2415,2333,2414,-1,2414,2333,2335,-1,2414,2335,1993,-1,1998,1996,2419,-1,2419,1996,2336,-1,2419,2336,2420,-1,2420,2336,2334,-1,2420,2334,2421,-1,2421,2334,2332,-1,2421,2332,2422,-1,2422,2332,2330,-1,2422,2330,2423,-1,2423,2330,2328,-1,2423,2328,723,-1,723,2328,721,-1,1996,1964,2336,-1,2336,1964,1962,-1,2336,1962,2335,-1,2335,1962,1994,-1,2335,1994,1993,-1,723,725,2423,-1,2423,725,2337,-1,2423,2337,2422,-1,2422,2337,2339,-1,2422,2339,2421,-1,2421,2339,2341,-1,2421,2341,2420,-1,2420,2341,2343,-1,2420,2343,2419,-1,2419,2343,2345,-1,2419,2345,1998,-1,1861,2000,2424,-1,2424,2000,2346,-1,2424,2346,2425,-1,2425,2346,2344,-1,2425,2344,2426,-1,2426,2344,2342,-1,2426,2342,2427,-1,2427,2342,2340,-1,2427,2340,2428,-1,2428,2340,2338,-1,2428,2338,729,-1,729,2338,727,-1,2000,2004,2346,-1,2346,2004,2002,-1,2346,2002,2345,-1,2345,2002,2001,-1,2345,2001,1998,-1,2016,1861,2156,-1,2156,1861,2424,-1,2156,2424,2155,-1,2155,2424,2425,-1,2155,2425,2154,-1,2154,2425,2426,-1,2154,2426,2153,-1,2153,2426,2427,-1,2153,2427,2152,-1,2152,2427,2428,-1,2152,2428,731,-1,731,2428,729,-1,2103,2353,2104,-1,2104,2353,2159,-1,2104,2159,2113,-1,2113,2159,2158,-1,2113,2158,2131,-1,2131,2158,2347,-1,2131,2347,2156,-1,2156,2347,2015,-1,2156,2015,2016,-1,2023,2024,2349,-1,2349,2024,2009,-1,2349,2009,2348,-1,2348,2009,2011,-1,2348,2011,2347,-1,2347,2011,2013,-1,2347,2013,2015,-1,2019,2021,2160,-1,2160,2021,2350,-1,2160,2350,2132,-1,2132,2350,2351,-1,2132,2351,2114,-1,2114,2351,2352,-1,2114,2352,2094,-1,2094,2352,2353,-1,2094,2353,2092,-1,2092,2353,2103,-1,2092,2103,688,-1,688,2103,689,-1,2429,2085,2017,-1,740,2095,2164,-1,2164,2095,2430,-1,2164,2430,2163,-1,2163,2430,2431,-1,2163,2431,2162,-1,2162,2431,2432,-1,2162,2432,2161,-1,2161,2432,2429,-1,2161,2429,2160,-1,2160,2429,2017,-1,2160,2017,2019,-1,742,2173,2095,-1,2095,2173,2119,-1,2095,2119,2430,-1,2430,2119,2118,-1,2430,2118,2431,-1,2431,2118,2354,-1,2431,2354,2432,-1,2432,2354,2355,-1,2432,2355,2429,-1,2429,2355,2083,-1,2429,2083,2085,-1,1919,1921,2433,-1,1925,1927,2434,-1,1933,1935,2435,-1,1939,1941,2436,-1,1949,1951,2437,-1,1959,1960,2438,-1,1972,1974,2439,-1,1978,1980,2440,-1,1988,1990,2441,-1,1965,1995,2442,-1,2003,2005,2443,-1,1860,1859,2444,-1,2008,2007,2445,-1,2087,2086,2446,-1,2084,2082,2447,-1,2080,2078,2448,-1,2074,2072,2449,-1,2064,2062,2450,-1,2054,2052,2451,-1,2050,2048,2452,-1,2046,2044,2453,-1,2040,2038,2454,-1,2030,2028,2455,-1,1866,1868,2456,-1,1870,1872,2457,-1,1875,1877,2458,-1,1884,1886,2459,-1,1897,1896,2460,-1,1900,1902,2461,-1,1904,1906,2462,-1,2463,362,360,-1,364,362,2464,-1,2464,362,2463,-1,2464,2463,2465,-1,366,364,2466,-1,2466,364,2464,-1,2466,2464,2467,-1,2467,2464,2465,-1,2467,2465,2468,-1,368,366,2469,-1,2469,366,2466,-1,2469,2466,2470,-1,2470,2466,2467,-1,2470,2467,2471,-1,2471,2467,2468,-1,2471,2468,2472,-1,370,368,2473,-1,2473,368,2469,-1,2473,2469,2474,-1,2474,2469,2470,-1,2474,2470,2475,-1,2475,2470,2471,-1,2475,2471,2476,-1,2476,2471,2472,-1,2476,2472,2433,-1,2477,2478,2479,-1,2462,2480,2481,-1,2481,2480,2482,-1,2481,2482,2483,-1,2483,2482,2484,-1,2483,2484,2485,-1,328,327,2486,-1,2486,327,2487,-1,2486,2487,2488,-1,2488,2487,2489,-1,2488,2489,2490,-1,2490,2489,2491,-1,2490,2491,2492,-1,2492,2491,2493,-1,2492,2493,2494,-1,2494,2493,2460,-1,354,353,2495,-1,2495,353,2496,-1,2495,2496,2497,-1,2497,2496,2498,-1,2497,2498,2499,-1,2499,2498,2500,-1,2499,2500,2501,-1,2501,2500,2502,-1,2501,2502,2503,-1,2503,2502,2459,-1,312,314,2504,-1,2504,314,2505,-1,2504,2505,2506,-1,2506,2505,2507,-1,2506,2507,2508,-1,2508,2507,2509,-1,2508,2509,2510,-1,2510,2509,2511,-1,2510,2511,2512,-1,2512,2511,2455,-1,318,320,2513,-1,2513,320,2514,-1,2513,2514,2515,-1,2515,2514,2516,-1,2515,2516,2517,-1,2517,2516,2518,-1,2517,2518,2519,-1,2519,2518,2520,-1,2519,2520,2521,-1,2521,2520,2454,-1,377,376,2522,-1,2522,376,2523,-1,2522,2523,2524,-1,2524,2523,2525,-1,2524,2525,2526,-1,2526,2525,2527,-1,2526,2527,2528,-1,2528,2527,2529,-1,2528,2529,2530,-1,2530,2529,2450,-1,346,347,2531,-1,2531,347,2532,-1,2531,2532,2533,-1,2533,2532,2534,-1,2533,2534,2535,-1,2535,2534,2536,-1,2535,2536,2537,-1,2537,2536,2538,-1,2537,2538,2539,-1,2539,2538,2449,-1,336,334,2540,-1,2540,334,2541,-1,2540,2541,2542,-1,2542,2541,2543,-1,2542,2543,2544,-1,2544,2543,2545,-1,2544,2545,2546,-1,2546,2545,2547,-1,2546,2547,2548,-1,2548,2547,2445,-1,331,330,2549,-1,2549,330,2550,-1,2549,2550,2551,-1,2551,2550,2552,-1,2551,2552,2553,-1,2553,2552,2554,-1,2553,2554,2555,-1,2555,2554,2556,-1,2555,2556,2557,-1,2557,2556,2444,-1,356,322,2558,-1,2558,322,2559,-1,2558,2559,2560,-1,2560,2559,2561,-1,2560,2561,2562,-1,2562,2561,2563,-1,2562,2563,2564,-1,2564,2563,2565,-1,2564,2565,2566,-1,2566,2565,2442,-1,400,399,2567,-1,2567,399,2568,-1,2567,2568,2569,-1,2569,2568,2570,-1,2569,2570,2571,-1,2571,2570,2572,-1,2571,2572,2573,-1,2573,2572,2574,-1,2573,2574,2575,-1,2575,2574,2441,-1,395,393,2576,-1,2576,393,2577,-1,2576,2577,2578,-1,2578,2577,2579,-1,2578,2579,2580,-1,2580,2579,2581,-1,2580,2581,2582,-1,2582,2581,2583,-1,2582,2583,2584,-1,2584,2583,2440,-1,387,386,2585,-1,2585,386,2586,-1,2585,2586,2587,-1,2587,2586,2588,-1,2587,2588,2589,-1,2589,2588,2590,-1,2589,2590,2591,-1,2591,2590,2592,-1,2591,2592,2593,-1,2593,2592,2438,-1,384,383,2594,-1,2594,383,2595,-1,2594,2595,2596,-1,2596,2595,2597,-1,2596,2597,2598,-1,2598,2597,2599,-1,2598,2599,2600,-1,2600,2599,2601,-1,2600,2601,2602,-1,2602,2601,2437,-1,350,349,2603,-1,2603,349,2604,-1,2603,2604,2605,-1,2605,2604,2606,-1,2605,2606,2607,-1,2607,2606,2608,-1,2607,2608,2609,-1,2609,2608,2610,-1,2609,2610,2611,-1,2611,2610,2436,-1,374,373,2612,-1,2612,373,2613,-1,2612,2613,2614,-1,2614,2613,2615,-1,2614,2615,2616,-1,2616,2615,2617,-1,2616,2617,2618,-1,2618,2617,2619,-1,2618,2619,2620,-1,2620,2619,2434,-1,1917,2479,1915,-1,1915,2479,2478,-1,1915,2478,1913,-1,1911,1913,2480,-1,2480,1913,2478,-1,2480,2478,2482,-1,2482,2478,2477,-1,2482,2477,2484,-1,2462,1906,2480,-1,2480,1906,1909,-1,2480,1909,1911,-1,1902,1904,2461,-1,2461,1904,2462,-1,2461,2462,2621,-1,2621,2462,2481,-1,2621,2481,2622,-1,2622,2481,2483,-1,2622,2483,2623,-1,2623,2483,2485,-1,2623,2485,2624,-1,1891,1900,2625,-1,2625,1900,2461,-1,2625,2461,2626,-1,2626,2461,2621,-1,2626,2621,2627,-1,2627,2621,2622,-1,2627,2622,2628,-1,2628,2622,2623,-1,2628,2623,2629,-1,2629,2623,2624,-1,2629,2624,359,-1,359,2624,360,-1,359,328,2629,-1,2629,328,2486,-1,2629,2486,2628,-1,2628,2486,2488,-1,2628,2488,2627,-1,2627,2488,2490,-1,2627,2490,2626,-1,2626,2490,2492,-1,2626,2492,2625,-1,2625,2492,2494,-1,2625,2494,1891,-1,1891,2494,1892,-1,2460,1896,2494,-1,2494,1896,1894,-1,2494,1894,1892,-1,1881,1897,2630,-1,2630,1897,2460,-1,2630,2460,2631,-1,2631,2460,2493,-1,2631,2493,2632,-1,2632,2493,2491,-1,2632,2491,2633,-1,2633,2491,2489,-1,2633,2489,2634,-1,2634,2489,2487,-1,2634,2487,355,-1,355,2487,327,-1,355,354,2634,-1,2634,354,2495,-1,2634,2495,2633,-1,2633,2495,2497,-1,2633,2497,2632,-1,2632,2497,2499,-1,2632,2499,2631,-1,2631,2499,2501,-1,2631,2501,2630,-1,2630,2501,2503,-1,2630,2503,1881,-1,1881,2503,1883,-1,2459,1886,2503,-1,2503,1886,1888,-1,2503,1888,1883,-1,1879,1884,2635,-1,2635,1884,2459,-1,2635,2459,2636,-1,2636,2459,2502,-1,2636,2502,2637,-1,2637,2502,2500,-1,2637,2500,2638,-1,2638,2500,2498,-1,2638,2498,2639,-1,2639,2498,2496,-1,2639,2496,326,-1,326,2496,353,-1,326,325,2639,-1,2639,325,2640,-1,2639,2640,2638,-1,2638,2640,2641,-1,2638,2641,2637,-1,2637,2641,2642,-1,2637,2642,2636,-1,2636,2642,2643,-1,2636,2643,2635,-1,2635,2643,2458,-1,2635,2458,1879,-1,1879,2458,1877,-1,1872,1875,2457,-1,2457,1875,2458,-1,2457,2458,2644,-1,2644,2458,2643,-1,2644,2643,2645,-1,2645,2643,2642,-1,2645,2642,2646,-1,2646,2642,2641,-1,2646,2641,2647,-1,2647,2641,2640,-1,2647,2640,324,-1,324,2640,325,-1,1868,1870,2456,-1,2456,1870,2457,-1,2456,2457,2648,-1,2648,2457,2644,-1,2648,2644,2649,-1,2649,2644,2645,-1,2649,2645,2650,-1,2650,2645,2646,-1,2650,2646,2651,-1,2651,2646,2647,-1,2651,2647,309,-1,309,2647,324,-1,1864,1866,2652,-1,2652,1866,2456,-1,2652,2456,2653,-1,2653,2456,2648,-1,2653,2648,2654,-1,2654,2648,2649,-1,2654,2649,2655,-1,2655,2649,2650,-1,2655,2650,2656,-1,2656,2650,2651,-1,2656,2651,310,-1,310,2651,309,-1,310,312,2656,-1,2656,312,2504,-1,2656,2504,2655,-1,2655,2504,2506,-1,2655,2506,2654,-1,2654,2506,2508,-1,2654,2508,2653,-1,2653,2508,2510,-1,2653,2510,2652,-1,2652,2510,2512,-1,2652,2512,1864,-1,1864,2512,2025,-1,2455,2028,2512,-1,2512,2028,2026,-1,2512,2026,2025,-1,2032,2030,2657,-1,2657,2030,2455,-1,2657,2455,2658,-1,2658,2455,2511,-1,2658,2511,2659,-1,2659,2511,2509,-1,2659,2509,2660,-1,2660,2509,2507,-1,2660,2507,2661,-1,2661,2507,2505,-1,2661,2505,316,-1,316,2505,314,-1,316,318,2661,-1,2661,318,2513,-1,2661,2513,2660,-1,2660,2513,2515,-1,2660,2515,2659,-1,2659,2515,2517,-1,2659,2517,2658,-1,2658,2517,2519,-1,2658,2519,2657,-1,2657,2519,2521,-1,2657,2521,2032,-1,2032,2521,2034,-1,2454,2038,2521,-1,2521,2038,2036,-1,2521,2036,2034,-1,2042,2040,2662,-1,2662,2040,2454,-1,2662,2454,2663,-1,2663,2454,2520,-1,2663,2520,2664,-1,2664,2520,2518,-1,2664,2518,2665,-1,2665,2518,2516,-1,2665,2516,2666,-1,2666,2516,2514,-1,2666,2514,402,-1,402,2514,320,-1,402,401,2666,-1,2666,401,2667,-1,2666,2667,2665,-1,2665,2667,2668,-1,2665,2668,2664,-1,2664,2668,2669,-1,2664,2669,2663,-1,2663,2669,2670,-1,2663,2670,2662,-1,2662,2670,2453,-1,2662,2453,2042,-1,2042,2453,2044,-1,2048,2046,2452,-1,2452,2046,2453,-1,2452,2453,2671,-1,2671,2453,2670,-1,2671,2670,2672,-1,2672,2670,2669,-1,2672,2669,2673,-1,2673,2669,2668,-1,2673,2668,2674,-1,2674,2668,2667,-1,2674,2667,380,-1,380,2667,401,-1,2052,2050,2451,-1,2451,2050,2452,-1,2451,2452,2675,-1,2675,2452,2671,-1,2675,2671,2676,-1,2676,2671,2672,-1,2676,2672,2677,-1,2677,2672,2673,-1,2677,2673,2678,-1,2678,2673,2674,-1,2678,2674,379,-1,379,2674,380,-1,2056,2054,2679,-1,2679,2054,2451,-1,2679,2451,2680,-1,2680,2451,2675,-1,2680,2675,2681,-1,2681,2675,2676,-1,2681,2676,2682,-1,2682,2676,2677,-1,2682,2677,2683,-1,2683,2677,2678,-1,2683,2678,378,-1,378,2678,379,-1,378,377,2683,-1,2683,377,2522,-1,2683,2522,2682,-1,2682,2522,2524,-1,2682,2524,2681,-1,2681,2524,2526,-1,2681,2526,2680,-1,2680,2526,2528,-1,2680,2528,2679,-1,2679,2528,2530,-1,2679,2530,2056,-1,2056,2530,2058,-1,2450,2062,2530,-1,2530,2062,2060,-1,2530,2060,2058,-1,2066,2064,2684,-1,2684,2064,2450,-1,2684,2450,2685,-1,2685,2450,2529,-1,2685,2529,2686,-1,2686,2529,2527,-1,2686,2527,2687,-1,2687,2527,2525,-1,2687,2525,2688,-1,2688,2525,2523,-1,2688,2523,375,-1,375,2523,376,-1,375,346,2688,-1,2688,346,2531,-1,2688,2531,2687,-1,2687,2531,2533,-1,2687,2533,2686,-1,2686,2533,2535,-1,2686,2535,2685,-1,2685,2535,2537,-1,2685,2537,2684,-1,2684,2537,2539,-1,2684,2539,2066,-1,2066,2539,2068,-1,2449,2072,2539,-1,2539,2072,2070,-1,2539,2070,2068,-1,2076,2074,2689,-1,2689,2074,2449,-1,2689,2449,2690,-1,2690,2449,2538,-1,2690,2538,2691,-1,2691,2538,2536,-1,2691,2536,2692,-1,2692,2536,2534,-1,2692,2534,2693,-1,2693,2534,2532,-1,2693,2532,348,-1,348,2532,347,-1,348,344,2693,-1,2693,344,2694,-1,2693,2694,2692,-1,2692,2694,2695,-1,2692,2695,2691,-1,2691,2695,2696,-1,2691,2696,2690,-1,2690,2696,2697,-1,2690,2697,2689,-1,2689,2697,2448,-1,2689,2448,2076,-1,2076,2448,2078,-1,2082,2080,2447,-1,2447,2080,2448,-1,2447,2448,2698,-1,2698,2448,2697,-1,2698,2697,2699,-1,2699,2697,2696,-1,2699,2696,2700,-1,2700,2696,2695,-1,2700,2695,2701,-1,2701,2695,2694,-1,2701,2694,342,-1,342,2694,344,-1,2086,2084,2446,-1,2446,2084,2447,-1,2446,2447,2702,-1,2702,2447,2698,-1,2702,2698,2703,-1,2703,2698,2699,-1,2703,2699,2704,-1,2704,2699,2700,-1,2704,2700,2705,-1,2705,2700,2701,-1,2705,2701,340,-1,340,2701,342,-1,2018,2087,2706,-1,2706,2087,2446,-1,2706,2446,2707,-1,2707,2446,2702,-1,2707,2702,2708,-1,2708,2702,2703,-1,2708,2703,2709,-1,2709,2703,2704,-1,2709,2704,2710,-1,2710,2704,2705,-1,2710,2705,338,-1,338,2705,340,-1,338,336,2710,-1,2710,336,2540,-1,2710,2540,2709,-1,2709,2540,2542,-1,2709,2542,2708,-1,2708,2542,2544,-1,2708,2544,2707,-1,2707,2544,2546,-1,2707,2546,2706,-1,2706,2546,2548,-1,2706,2548,2018,-1,2018,2548,2020,-1,2445,2007,2548,-1,2548,2007,2022,-1,2548,2022,2020,-1,2010,2008,2711,-1,2711,2008,2445,-1,2711,2445,2712,-1,2712,2445,2547,-1,2712,2547,2713,-1,2713,2547,2545,-1,2713,2545,2714,-1,2714,2545,2543,-1,2714,2543,2715,-1,2715,2543,2541,-1,2715,2541,333,-1,333,2541,334,-1,333,331,2715,-1,2715,331,2549,-1,2715,2549,2714,-1,2714,2549,2551,-1,2714,2551,2713,-1,2713,2551,2553,-1,2713,2553,2712,-1,2712,2553,2555,-1,2712,2555,2711,-1,2711,2555,2557,-1,2711,2557,2010,-1,2010,2557,2012,-1,2444,1859,2557,-1,2557,1859,2014,-1,2557,2014,2012,-1,2006,1860,2716,-1,2716,1860,2444,-1,2716,2444,2717,-1,2717,2444,2556,-1,2717,2556,2718,-1,2718,2556,2554,-1,2718,2554,2719,-1,2719,2554,2552,-1,2719,2552,2720,-1,2720,2552,2550,-1,2720,2550,358,-1,358,2550,330,-1,358,357,2720,-1,2720,357,2721,-1,2720,2721,2719,-1,2719,2721,2722,-1,2719,2722,2718,-1,2718,2722,2723,-1,2718,2723,2717,-1,2717,2723,2724,-1,2717,2724,2716,-1,2716,2724,2443,-1,2716,2443,2006,-1,2006,2443,2005,-1,1999,2003,2566,-1,2566,2003,2443,-1,2566,2443,2564,-1,2564,2443,2724,-1,2564,2724,2562,-1,2562,2724,2723,-1,2562,2723,2560,-1,2560,2723,2722,-1,2560,2722,2558,-1,2558,2722,2721,-1,2558,2721,356,-1,356,2721,357,-1,2442,1995,2566,-1,2566,1995,1997,-1,2566,1997,1999,-1,1963,1965,2725,-1,2725,1965,2442,-1,2725,2442,2726,-1,2726,2442,2565,-1,2726,2565,2727,-1,2727,2565,2563,-1,2727,2563,2728,-1,2728,2563,2561,-1,2728,2561,2729,-1,2729,2561,2559,-1,2729,2559,321,-1,321,2559,322,-1,321,400,2729,-1,2729,400,2567,-1,2729,2567,2728,-1,2728,2567,2569,-1,2728,2569,2727,-1,2727,2569,2571,-1,2727,2571,2726,-1,2726,2571,2573,-1,2726,2573,2725,-1,2725,2573,2575,-1,2725,2575,1963,-1,1963,2575,1961,-1,2441,1990,2575,-1,2575,1990,1992,-1,2575,1992,1961,-1,1986,1988,2730,-1,2730,1988,2441,-1,2730,2441,2731,-1,2731,2441,2574,-1,2731,2574,2732,-1,2732,2574,2572,-1,2732,2572,2733,-1,2733,2572,2570,-1,2733,2570,2734,-1,2734,2570,2568,-1,2734,2568,397,-1,397,2568,399,-1,397,395,2734,-1,2734,395,2576,-1,2734,2576,2733,-1,2733,2576,2578,-1,2733,2578,2732,-1,2732,2578,2580,-1,2732,2580,2731,-1,2731,2580,2582,-1,2731,2582,2730,-1,2730,2582,2584,-1,2730,2584,1986,-1,1986,2584,1984,-1,2440,1980,2584,-1,2584,1980,1982,-1,2584,1982,1984,-1,1976,1978,2735,-1,2735,1978,2440,-1,2735,2440,2736,-1,2736,2440,2583,-1,2736,2583,2737,-1,2737,2583,2581,-1,2737,2581,2738,-1,2738,2581,2579,-1,2738,2579,2739,-1,2739,2579,2577,-1,2739,2577,391,-1,391,2577,393,-1,391,389,2739,-1,2739,389,2740,-1,2739,2740,2738,-1,2738,2740,2741,-1,2738,2741,2737,-1,2737,2741,2742,-1,2737,2742,2736,-1,2736,2742,2743,-1,2736,2743,2735,-1,2735,2743,2439,-1,2735,2439,1976,-1,1976,2439,1974,-1,1970,1972,2593,-1,2593,1972,2439,-1,2593,2439,2591,-1,2591,2439,2743,-1,2591,2743,2589,-1,2589,2743,2742,-1,2589,2742,2587,-1,2587,2742,2741,-1,2587,2741,2585,-1,2585,2741,2740,-1,2585,2740,387,-1,387,2740,389,-1,2438,1960,2593,-1,2593,1960,1968,-1,2593,1968,1970,-1,1957,1959,2744,-1,2744,1959,2438,-1,2744,2438,2745,-1,2745,2438,2592,-1,2745,2592,2746,-1,2746,2592,2590,-1,2746,2590,2747,-1,2747,2590,2588,-1,2747,2588,2748,-1,2748,2588,2586,-1,2748,2586,385,-1,385,2586,386,-1,385,384,2748,-1,2748,384,2594,-1,2748,2594,2747,-1,2747,2594,2596,-1,2747,2596,2746,-1,2746,2596,2598,-1,2746,2598,2745,-1,2745,2598,2600,-1,2745,2600,2744,-1,2744,2600,2602,-1,2744,2602,1957,-1,1957,2602,1955,-1,2437,1951,2602,-1,2602,1951,1953,-1,2602,1953,1955,-1,1947,1949,2749,-1,2749,1949,2437,-1,2749,2437,2750,-1,2750,2437,2601,-1,2750,2601,2751,-1,2751,2601,2599,-1,2751,2599,2752,-1,2752,2599,2597,-1,2752,2597,2753,-1,2753,2597,2595,-1,2753,2595,352,-1,352,2595,383,-1,352,350,2753,-1,2753,350,2603,-1,2753,2603,2752,-1,2752,2603,2605,-1,2752,2605,2751,-1,2751,2605,2607,-1,2751,2607,2750,-1,2750,2607,2609,-1,2750,2609,2749,-1,2749,2609,2611,-1,2749,2611,1947,-1,1947,2611,1945,-1,2436,1941,2611,-1,2611,1941,1943,-1,2611,1943,1945,-1,1937,1939,2754,-1,2754,1939,2436,-1,2754,2436,2755,-1,2755,2436,2610,-1,2755,2610,2756,-1,2756,2610,2608,-1,2756,2608,2757,-1,2757,2608,2606,-1,2757,2606,2758,-1,2758,2606,2604,-1,2758,2604,382,-1,382,2604,349,-1,382,381,2758,-1,2758,381,2759,-1,2758,2759,2757,-1,2757,2759,2760,-1,2757,2760,2756,-1,2756,2760,2761,-1,2756,2761,2755,-1,2755,2761,2762,-1,2755,2762,2754,-1,2754,2762,2435,-1,2754,2435,1937,-1,1937,2435,1935,-1,1931,1933,2620,-1,2620,1933,2435,-1,2620,2435,2618,-1,2618,2435,2762,-1,2618,2762,2616,-1,2616,2762,2761,-1,2616,2761,2614,-1,2614,2761,2760,-1,2614,2760,2612,-1,2612,2760,2759,-1,2612,2759,374,-1,374,2759,381,-1,2434,1927,2620,-1,2620,1927,1929,-1,2620,1929,1931,-1,1923,1925,2763,-1,2763,1925,2434,-1,2763,2434,2764,-1,2764,2434,2619,-1,2764,2619,2765,-1,2765,2619,2617,-1,2765,2617,2766,-1,2766,2617,2615,-1,2766,2615,2767,-1,2767,2615,2613,-1,2767,2613,372,-1,372,2613,373,-1,372,370,2767,-1,2767,370,2473,-1,2767,2473,2766,-1,2766,2473,2474,-1,2766,2474,2765,-1,2765,2474,2475,-1,2765,2475,2764,-1,2764,2475,2476,-1,2764,2476,2763,-1,2763,2476,2433,-1,2763,2433,1923,-1,1923,2433,1921,-1,360,2624,2463,-1,2463,2624,2485,-1,2463,2485,2465,-1,2465,2485,2484,-1,2465,2484,2468,-1,2468,2484,2477,-1,2468,2477,2472,-1,2472,2477,2479,-1,2472,2479,2433,-1,2433,2479,1917,-1,2433,1917,1919,-1,
        ]
    }
}
Shape{
    appearance Appearance {
        material  Material {
            diffuseColor 0.7490196078431373 0.8980392156862745 1.0
            specularColor 0.3764705882352941 0.45098039215686275 0.5019607843137255
            ambientIntensity 0.8651
            transparency 0.0
            shininess 0.5
        }
    }
    geometry IndexedFaceSet {
        ccw TRUE
        solid FALSE
        coord DEF co Coordinate {
            point [
                0.1364 -0.4896 1.6536, 0.1364 -0.4896 1.6535, 0.1364 -0.4896 1.6535, 0.1364 -0.4896 1.6536, 0.1364 -0.4896 1.6535, 0.1364 -0.4896 1.6536, 0.1364 -0.4896 1.6535, 0.1364 -0.4896 1.6536, 0.1364 -0.4896 1.6535, 0.1364 -0.4896 1.6536, 0.1364 -0.4896 1.6535, 0.1364 -0.4896 1.6536, 0.1364 -0.4896 1.6535, 0.1364 -0.4896 1.6536, 0.9715 0.3455 1.6536, 0.9715 0.3455 1.6535, 0.9715 0.3455 1.6535, 0.9715 0.3455 1.6536, 0.9715 0.3455 1.6535, 0.9715 0.3455 1.6536, 0.9715 0.3455 1.6535, 0.9715 0.3455 1.6536, 0.9715 0.3455 1.6535, 0.9715 0.3455 1.6536, 0.9715 0.3455 1.6535, 0.9715 0.3455 1.6536, 0.9715 0.3455 1.6535, 0.9715 0.3455 1.6536, -0.142 1.459 1.6536, -0.142 1.459 1.6535, -0.142 1.459 1.6535, -0.142 1.459 1.6536, -0.142 1.459 1.6535, -0.142 1.459 1.6536, -0.142 1.459 1.6535, -0.142 1.459 1.6536, -0.142 1.459 1.6535, -0.142 1.459 1.6536, -0.142 1.459 1.6535, -0.142 1.459 1.6536, -0.142 1.459 1.6535, -0.142 1.459 1.6536, -0.142 1.459 1.6535, -0.142 1.459 1.6536, -0.9771 0.6239 1.6536, -0.9771 0.6239 1.6535, -0.9771 0.6239 1.6535, -0.9771 0.6239 1.6536, -0.9771 0.6239 1.6535, -0.9771 0.6239 1.6536, -0.9771 0.6239 1.6535, -0.9771 0.6239 1.6536, -0.9771 0.6239 1.6535, -0.9771 0.6239 1.6536, -0.9771 0.6239 1.6535, -0.9771 0.6239 1.6536, -0.9771 0.6239 1.6535, -0.9771 0.6239 1.6536
            ]
        }
        coordIndex [
            0,1,2,-1,0,2,3,-1,3,2,4,-1,3,4,5,-1,5,4,6,-1,5,6,7,-1,7,6,8,-1,7,8,9,-1,9,8,10,-1,9,10,11,-1,11,10,12,-1,11,12,13,-1,14,13,15,-1,15,13,12,-1,14,15,16,-1,14,16,17,-1,17,16,18,-1,17,18,19,-1,19,18,20,-1,19,20,21,-1,21,20,22,-1,21,22,23,-1,23,22,24,-1,23,24,25,-1,25,24,26,-1,25,26,27,-1,28,27,29,-1,29,27,26,-1,28,29,30,-1,28,30,31,-1,31,30,32,-1,31,32,33,-1,33,32,34,-1,33,34,35,-1,35,34,36,-1,35,36,37,-1,37,36,38,-1,37,38,39,-1,39,38,40,-1,39,40,41,-1,41,40,42,-1,41,42,43,-1,44,43,45,-1,45,43,42,-1,44,45,46,-1,44,46,47,-1,47,46,48,-1,47,48,49,-1,49,48,50,-1,49,50,51,-1,51,50,52,-1,51,52,53,-1,53,52,54,-1,53,54,55,-1,55,54,56,-1,55,56,57,-1,0,57,1,-1,1,57,56,-1,57,13,28,-1,28,13,14,-1,28,14,27,-1,31,33,35,-1,31,35,28,-1,28,35,37,-1,28,37,39,-1,57,0,13,-1,13,0,3,-1,13,3,5,-1,5,7,13,-1,13,7,9,-1,13,9,11,-1,19,21,23,-1,51,53,55,-1,14,17,27,-1,27,17,19,-1,27,19,25,-1,25,19,23,-1,51,55,49,-1,39,41,28,-1,28,41,43,-1,28,43,57,-1,57,43,44,-1,57,44,55,-1,55,44,47,-1,55,47,49,-1,
        ]
    }
}
Shape{
    appearance Appearance {
        material  Material {
            diffuseColor 0.8509803921568627 0.8509803921568627 0.8509803921568627
            specularColor 0.4235294117647059 0.4235294117647059 0.4235294117647059
            ambientIntensity 0.851
            transparency 0.0
            shininess 0.5
        }
    }
    geometry IndexedFaceSet {
        ccw TRUE
        solid FALSE
        coord DEF co Coordinate {
            point [
                -0.9142 0.4847 -0.0, -0.9172 0.5076 -1.378, -0.9172 0.5076 -0.0, -0.9261 0.529 -1.378, -0.9261 0.529 -0.0, -0.9402 0.5473 -1.378, -0.9402 0.5473 -0.0, -0.9585 0.5614 -1.378, -0.9585 0.5614 -0.0, -0.9799 0.5703 -1.378, -0.9799 0.5703 -0.0, -1.0028 0.5733 -1.378, -1.0028 0.5733 -0.0, -1.0257 0.5703 -1.378, -1.0257 0.5703 -0.0, -1.0471 0.5614 -1.378, -1.0471 0.5614 -0.0, -1.0654 0.5473 -1.378, -1.0654 0.5473 -0.0, -1.0795 0.529 -1.378, -1.0795 0.529 -0.0, -1.0884 0.5076 -1.378, -1.0884 0.5076 -0.0, -1.0914 0.4847 -1.378, -1.0914 0.4847 -0.0, -1.0884 0.4618 -1.378, -1.0884 0.4618 -0.0, -1.0795 0.4404 -1.378, -1.0795 0.4404 -0.0, -1.0654 0.4221 -1.378, -1.0654 0.4221 -0.0, -1.0471 0.408 -1.378, -1.0471 0.408 -0.0, -1.0257 0.3991 -1.378, -1.0257 0.3991 -0.0, -1.0028 0.3961 -1.378, -1.0028 0.3961 -0.0, -0.9799 0.3991 -1.378, -0.9799 0.3991 -0.0, -0.9585 0.408 -1.378, -0.9585 0.408 -0.0, -0.9402 0.4221 -1.378, -0.9402 0.4221 -0.0, -0.9261 0.4404 -1.378, -0.9261 0.4404 -0.0, -0.9172 0.4618 -1.378, -0.9172 0.4618 -0.0, -0.9142 0.4847 -1.378, -1.0028 0.4847 -1.378, 1.0858 0.4847 -0.0, 1.0828 0.5076 -1.378, 1.0828 0.5076 -0.0, 1.0739 0.529 -1.378, 1.0739 0.529 -0.0, 1.0598 0.5473 -1.378, 1.0598 0.5473 -0.0, 1.0415 0.5614 -1.378, 1.0415 0.5614 -0.0, 1.0201 0.5703 -1.378, 1.0201 0.5703 -0.0, 0.9972 0.5733 -1.378, 0.9972 0.5733 -0.0, 0.9743 0.5703 -1.378, 0.9743 0.5703 -0.0, 0.9529 0.5614 -1.378, 0.9529 0.5614 -0.0, 0.9346 0.5473 -1.378, 0.9346 0.5473 -0.0, 0.9205 0.529 -1.378, 0.9205 0.529 -0.0, 0.9116 0.5076 -1.378, 0.9116 0.5076 -0.0, 0.9086 0.4847 -1.378, 0.9086 0.4847 -0.0, 0.9116 0.4618 -1.378, 0.9116 0.4618 -0.0, 0.9205 0.4404 -1.378, 0.9205 0.4404 -0.0, 0.9346 0.4221 -1.378, 0.9346 0.4221 -0.0, 0.9529 0.408 -1.378, 0.9529 0.408 -0.0, 0.9743 0.3991 -1.378, 0.9743 0.3991 -0.0, 0.9972 0.3961 -1.378, 0.9972 0.3961 -0.0, 1.0201 0.3991 -1.378, 1.0201 0.3991 -0.0, 1.0415 0.408 -1.378, 1.0415 0.408 -0.0, 1.0598 0.4221 -1.378, 1.0598 0.4221 -0.0, 1.0739 0.4404 -1.378, 1.0739 0.4404 -0.0, 1.0828 0.4618 -1.378, 1.0828 0.4618 -0.0, 1.0858 0.4847 -1.378, 0.9972 0.4847 -1.378, -0.0471 -0.592 -1.378, -0.0654 -0.5779 -0.0, -0.0654 -0.5779 -1.378, -0.0795 -0.5596 -0.0, -0.0795 -0.5596 -1.378, -0.0884 -0.5382 -0.0, -0.0884 -0.5382 -1.378, -0.0914 -0.5153 -0.0, -0.0914 -0.5153 -1.378, -0.0884 -0.4924 -0.0, -0.0884 -0.4924 -1.378, -0.0795 -0.471 -0.0, -0.0795 -0.471 -1.378, -0.0654 -0.4527 -0.0, -0.0654 -0.4527 -1.378, -0.0471 -0.4386 -0.0, -0.0471 -0.4386 -1.378, -0.0388 -0.4352 -0.0, -0.0257 -0.4297 -1.378, -0.0257 -0.4297 -0.0, -0.0028 -0.4267 -0.0, -0.0028 -0.4267 -1.378, 0.0201 -0.4297 -0.0, 0.0201 -0.4297 -1.378, 0.0415 -0.4386 -0.0, 0.0415 -0.4386 -1.378, 0.0598 -0.4527 -0.0, 0.0598 -0.4527 -1.378, 0.0739 -0.471 -0.0, 0.0739 -0.471 -1.378, 0.0828 -0.4924 -0.0, 0.0828 -0.4924 -1.378, 0.0858 -0.5153 -0.0, 0.0858 -0.5153 -1.378, 0.0828 -0.5382 -0.0, 0.0828 -0.5382 -1.378, 0.0739 -0.5596 -0.0, 0.0739 -0.5596 -1.378, 0.0598 -0.5779 -0.0, 0.0598 -0.5779 -1.378, 0.0415 -0.592 -0.0, 0.0415 -0.592 -1.378, 0.0201 -0.6009 -0.0, 0.0201 -0.6009 -1.378, -0.0028 -0.6039 -0.0, -0.0028 -0.6039 -1.378, -0.0257 -0.6009 -0.0, -0.0257 -0.6009 -1.378, -0.0388 -0.5954 -0.0, -0.0471 -0.592 -0.0, -0.0028 -0.5153 -1.378
            ]
        }
        coordIndex [
            0,1,2,-1,2,1,3,-1,2,3,4,-1,4,3,5,-1,4,5,6,-1,6,5,7,-1,6,7,8,-1,8,7,9,-1,8,9,10,-1,10,9,11,-1,10,11,12,-1,12,11,13,-1,12,13,14,-1,14,13,15,-1,14,15,16,-1,16,15,17,-1,16,17,18,-1,18,17,19,-1,18,19,20,-1,20,19,21,-1,20,21,22,-1,22,21,23,-1,22,23,24,-1,24,23,25,-1,24,25,26,-1,26,25,27,-1,26,27,28,-1,28,27,29,-1,28,29,30,-1,30,29,31,-1,30,31,32,-1,32,31,33,-1,32,33,34,-1,34,33,35,-1,34,35,36,-1,36,35,37,-1,36,37,38,-1,38,37,39,-1,38,39,40,-1,40,39,41,-1,40,41,42,-1,42,41,43,-1,42,43,44,-1,44,43,45,-1,44,45,46,-1,46,45,47,-1,46,47,0,-1,0,47,1,-1,27,25,48,-1,48,25,23,-1,48,23,21,-1,33,31,48,-1,48,31,29,-1,48,29,27,-1,39,37,48,-1,48,37,35,-1,48,35,33,-1,45,43,48,-1,48,43,41,-1,48,41,39,-1,3,1,48,-1,48,1,47,-1,48,47,45,-1,9,7,48,-1,48,7,5,-1,48,5,3,-1,15,13,48,-1,48,13,11,-1,48,11,9,-1,21,19,48,-1,48,19,17,-1,48,17,15,-1,49,50,51,-1,51,50,52,-1,51,52,53,-1,53,52,54,-1,53,54,55,-1,55,54,56,-1,55,56,57,-1,57,56,58,-1,57,58,59,-1,59,58,60,-1,59,60,61,-1,61,60,62,-1,61,62,63,-1,63,62,64,-1,63,64,65,-1,65,64,66,-1,65,66,67,-1,67,66,68,-1,67,68,69,-1,69,68,70,-1,69,70,71,-1,71,70,72,-1,71,72,73,-1,73,72,74,-1,73,74,75,-1,75,74,76,-1,75,76,77,-1,77,76,78,-1,77,78,79,-1,79,78,80,-1,79,80,81,-1,81,80,82,-1,81,82,83,-1,83,82,84,-1,83,84,85,-1,85,84,86,-1,85,86,87,-1,87,86,88,-1,87,88,89,-1,89,88,90,-1,89,90,91,-1,91,90,92,-1,91,92,93,-1,93,92,94,-1,93,94,95,-1,95,94,96,-1,95,96,49,-1,49,96,50,-1,76,74,97,-1,97,74,72,-1,97,72,70,-1,82,80,97,-1,97,80,78,-1,97,78,76,-1,88,86,97,-1,97,86,84,-1,97,84,82,-1,94,92,97,-1,97,92,90,-1,97,90,88,-1,52,50,97,-1,97,50,96,-1,97,96,94,-1,58,56,97,-1,97,56,54,-1,97,54,52,-1,64,62,97,-1,97,62,60,-1,97,60,58,-1,70,68,97,-1,97,68,66,-1,97,66,64,-1,98,99,100,-1,100,99,101,-1,100,101,102,-1,102,101,103,-1,102,103,104,-1,104,103,105,-1,104,105,106,-1,106,105,107,-1,106,107,108,-1,108,107,109,-1,108,109,110,-1,110,109,111,-1,110,111,112,-1,112,111,113,-1,112,113,114,-1,114,113,115,-1,114,115,116,-1,115,117,116,-1,116,117,118,-1,116,118,119,-1,119,118,120,-1,119,120,121,-1,121,120,122,-1,121,122,123,-1,123,122,124,-1,123,124,125,-1,125,124,126,-1,125,126,127,-1,127,126,128,-1,127,128,129,-1,129,128,130,-1,129,130,131,-1,131,130,132,-1,131,132,133,-1,133,132,134,-1,133,134,135,-1,135,134,136,-1,135,136,137,-1,137,136,138,-1,137,138,139,-1,139,138,140,-1,139,140,141,-1,141,140,142,-1,141,142,143,-1,143,142,144,-1,143,144,145,-1,145,144,146,-1,145,146,98,-1,98,146,147,-1,98,147,99,-1,102,104,148,-1,148,104,106,-1,148,106,108,-1,145,98,148,-1,148,98,100,-1,148,100,102,-1,139,141,148,-1,148,141,143,-1,148,143,145,-1,133,135,148,-1,148,135,137,-1,148,137,139,-1,127,129,148,-1,148,129,131,-1,148,131,133,-1,121,123,148,-1,148,123,125,-1,148,125,127,-1,114,116,148,-1,148,116,119,-1,148,119,121,-1,108,110,148,-1,148,110,112,-1,148,112,114,-1,
        ]
    }
}
Shape{
    appearance Appearance {
        material  Material {
            diffuseColor 1.0 1.0 1.0
            specularColor 0.8784313725490196 0.8784313725490196 0.8784313725490196
            ambientIntensity 1.0
            transparency 0.0
            shininess 0.5
        }
    }
    geometry IndexedFaceSet {
        ccw TRUE
        solid FALSE
        coord DEF co Coordinate {
            point [
                -0.3317 0.8893 0.0039, -0.4085 0.6925 0.0039, -0.3317 0.8893 -0.0, -0.4085 0.6925 -0.0, -0.3797 0.6925 0.0039, -0.3797 0.6925 -0.0, -0.3598 0.7477 0.0039, -0.3598 0.7477 -0.0, -0.2785 0.7477 0.0039, -0.2785 0.7477 -0.0, -0.2597 0.6925 0.0039, -0.2597 0.6925 -0.0, -0.2309 0.6925 0.0039, -0.2309 0.6925 -0.0, -0.3053 0.8893 0.0039, -0.3053 0.8893 -0.0, -0.2851 0.7693 0.0039, -0.351 0.7693 0.0039, -0.3145 0.8515 0.0039, -0.3164 0.8583 0.0039, -0.3176 0.8653 0.0039, -0.3183 0.8653 0.0039, -0.3196 0.8584 0.0039, -0.3213 0.8515 0.0039, -0.2851 0.7693 -0.0, -0.351 0.7693 -0.0, -0.3145 0.8515 -0.0, -0.3164 0.8583 -0.0, -0.3176 0.8653 -0.0, -0.3183 0.8653 -0.0, -0.3196 0.8584 -0.0, -0.3213 0.8515 -0.0, -0.1116 0.6925 0.0039, -0.058 0.6925 0.0039, -0.1116 0.6925 -0.0, -0.058 0.6925 -0.0, -0.058 0.8893 0.0039, -0.058 0.8893 -0.0, -0.1136 0.8893 0.0039, -0.1136 0.8893 -0.0, -0.2165 0.7934 0.0039, -0.2165 0.7934 -0.0, -0.2151 0.8119 -0.0, -0.2151 0.8119 0.0039, -0.2098 0.8313 -0.0, -0.2098 0.8313 0.0039, -0.2006 0.8482 -0.0, -0.2006 0.8482 0.0039, -0.1867 0.8637 -0.0, -0.1867 0.8637 0.0039, -0.1865 0.8638 -0.0, -0.1865 0.8638 0.0039, -0.1651 0.8782 -0.0, -0.1651 0.8782 0.0039, -0.142 0.8863 -0.0, -0.142 0.8863 0.0039, -0.1359 0.6946 -0.0, -0.1359 0.6946 0.0039, -0.1586 0.7014 -0.0, -0.1586 0.7014 0.0039, -0.1792 0.7133 -0.0, -0.1792 0.7133 0.0039, -0.1954 0.7288 -0.0, -0.1954 0.7288 0.0039, -0.2067 0.7464 -0.0, -0.2067 0.7464 0.0039, -0.2137 0.767 -0.0, -0.2137 0.767 0.0039, -0.177 0.8401 0.0039, -0.1674 0.8503 0.0039, -0.153 0.8595 0.0039, -0.1368 0.8652 0.0039, -0.1135 0.8677 0.0039, -0.0845 0.8677 0.0039, -0.0845 0.7141 0.0039, -0.1124 0.7141 0.0039, -0.1332 0.716 0.0039, -0.1497 0.7212 0.0039, -0.1632 0.7291 0.0039, -0.1742 0.7401 0.0039, -0.1825 0.7536 0.0039, -0.1883 0.7721 0.0039, -0.1901 0.7928 0.0039, -0.1884 0.8124 0.0039, -0.1838 0.828 0.0039, -0.1135 0.8677 -0.0, -0.0845 0.8677 -0.0, -0.1368 0.8652 -0.0, -0.153 0.8595 -0.0, -0.1674 0.8503 -0.0, -0.177 0.8401 -0.0, -0.1838 0.828 -0.0, -0.1884 0.8124 -0.0, -0.1901 0.7928 -0.0, -0.1883 0.7721 -0.0, -0.1825 0.7536 -0.0, -0.1742 0.7401 -0.0, -0.1632 0.7291 -0.0, -0.1497 0.7212 -0.0, -0.1332 0.716 -0.0, -0.1124 0.7141 -0.0, -0.0845 0.7141 -0.0, -0.0196 0.7141 0.0039, -0.0196 0.6925 0.0039, -0.0196 0.7141 -0.0, -0.0196 0.6925 -0.0, 0.0859 0.6925 -0.0, 0.086 0.6925 0.0039, 0.086 0.6925 -0.0, 0.086 0.8893 0.0039, 0.086 0.8893 -0.0, 0.0859 0.8893 -0.0, -0.0148 0.8893 0.0039, -0.0148 0.8893 -0.0, -0.0148 0.8677 0.0039, -0.0148 0.8677 -0.0, 0.0596 0.8677 0.0039, 0.0596 0.8677 -0.0, 0.0596 0.8029 0.0039, 0.0596 0.8029 -0.0, -0.01 0.8029 0.0039, -0.01 0.8029 -0.0, -0.01 0.7813 0.0039, -0.01 0.7813 -0.0, 0.0596 0.7813 0.0039, 0.0596 0.7813 -0.0, 0.0596 0.7141 0.0039, 0.0596 0.7141 -0.0, 0.1244 0.7243 0.0039, 0.1244 0.7027 0.0039, 0.1244 0.7243 -0.0, 0.1244 0.7027 -0.0, 0.1454 0.6941 0.0039, 0.1786 0.6901 0.0039, 0.1786 0.6901 -0.0, 0.1732 0.6902 -0.0, 0.1732 0.6902 0.0039, 0.1653 0.6913 -0.0, 0.1454 0.6941 -0.0, 0.2708 0.7872 0.0039, 0.2708 0.7872 -0.0, 0.2689 0.7644 -0.0, 0.2689 0.7644 0.0039, 0.263 0.7435 -0.0, 0.263 0.7435 0.0039, 0.2525 0.7248 -0.0, 0.2525 0.7248 0.0039, 0.2377 0.7093 -0.0, 0.2377 0.7093 0.0039, 0.2219 0.6991 -0.0, 0.2219 0.6991 0.0039, 0.2028 0.6926 -0.0, 0.2028 0.6926 0.0039, 0.1901 0.6913 -0.0, 0.1707 0.8917 0.0039, 0.1707 0.8917 -0.0, 0.1905 0.8901 0.0039, 0.1854 0.8905 -0.0, 0.1905 0.8901 -0.0, 0.2124 0.8837 -0.0, 0.2124 0.8837 0.0039, 0.2311 0.873 -0.0, 0.2311 0.873 0.0039, 0.2489 0.8559 -0.0, 0.2489 0.8559 0.0039, 0.2604 0.8375 -0.0, 0.2604 0.8375 0.0039, 0.268 0.8152 -0.0, 0.268 0.8152 0.0039, 0.1533 0.8905 -0.0, 0.1472 0.8901 0.0039, 0.1472 0.8901 -0.0, 0.1244 0.8839 0.0039, 0.1244 0.8839 -0.0, 0.1244 0.8575 0.0039, 0.1244 0.8575 -0.0, 0.1705 0.8701 0.0039, 0.1705 0.8701 -0.0, 0.1466 0.867 -0.0, 0.1466 0.867 0.0039, 0.2444 0.7888 0.0039, 0.2444 0.7888 -0.0, 0.2435 0.8041 -0.0, 0.2435 0.8041 0.0039, 0.2382 0.8252 -0.0, 0.2382 0.8252 0.0039, 0.2301 0.8404 -0.0, 0.2301 0.8404 0.0039, 0.2182 0.8535 -0.0, 0.2182 0.8535 0.0039, 0.2046 0.8626 -0.0, 0.2046 0.8626 0.0039, 0.1899 0.8679 -0.0, 0.1899 0.8679 0.0039, 0.1749 0.7117 0.0039, 0.1749 0.7117 -0.0, 0.1933 0.7137 -0.0, 0.1933 0.7137 0.0039, 0.2076 0.719 -0.0, 0.2076 0.719 0.0039, 0.2197 0.7272 -0.0, 0.2197 0.7272 0.0039, 0.2289 0.7369 -0.0, 0.2289 0.7369 0.0039, 0.2371 0.7505 -0.0, 0.2371 0.7505 0.0039, 0.2424 0.7675 -0.0, 0.2424 0.7675 0.0039, 0.1279 0.7223 -0.0, 0.1279 0.7223 0.0039, 0.1488 0.7146 -0.0, 0.1488 0.7146 0.0039, 0.2876 0.7141 0.0039, 0.2876 0.6925 0.0039, 0.2876 0.7141 -0.0, 0.2876 0.6925 -0.0, 0.3885 0.6925 0.0039, 0.3885 0.6925 -0.0, 0.3885 0.8893 0.0039, 0.3885 0.8893 -0.0, 0.3621 0.8893 0.0039, 0.3621 0.8893 -0.0, 0.3621 0.7141 0.0039, 0.3621 0.7141 -0.0
            ]
        }
        coordIndex [
            0,1,2,-1,2,1,3,-1,1,4,3,-1,3,4,5,-1,4,6,5,-1,5,6,7,-1,6,8,7,-1,7,8,9,-1,8,10,9,-1,9,10,11,-1,10,12,11,-1,11,12,13,-1,12,14,13,-1,13,14,15,-1,14,0,15,-1,15,0,2,-1,16,8,17,-1,17,8,6,-1,18,14,16,-1,16,14,12,-1,16,12,8,-1,8,12,10,-1,18,19,14,-1,14,19,20,-1,14,20,0,-1,0,20,21,-1,0,21,22,-1,22,23,0,-1,0,23,17,-1,0,17,1,-1,1,17,6,-1,1,6,4,-1,16,17,24,-1,24,17,25,-1,18,16,26,-1,26,16,24,-1,18,26,27,-1,18,27,19,-1,19,27,28,-1,19,28,20,-1,21,20,29,-1,29,20,28,-1,21,29,30,-1,21,30,22,-1,22,30,31,-1,22,31,23,-1,17,23,25,-1,25,23,31,-1,32,33,34,-1,34,33,35,-1,33,36,35,-1,35,36,37,-1,36,38,37,-1,37,38,39,-1,40,41,42,-1,40,42,43,-1,43,42,44,-1,43,44,45,-1,45,44,46,-1,45,46,47,-1,47,46,48,-1,47,48,49,-1,49,48,50,-1,49,50,51,-1,51,50,52,-1,51,52,53,-1,53,52,54,-1,53,54,55,-1,55,54,39,-1,55,39,38,-1,32,34,56,-1,32,56,57,-1,57,56,58,-1,57,58,59,-1,59,58,60,-1,59,60,61,-1,61,60,62,-1,61,62,63,-1,63,62,64,-1,63,64,65,-1,65,64,66,-1,65,66,67,-1,67,66,41,-1,67,41,40,-1,45,47,68,-1,68,47,49,-1,68,49,69,-1,69,49,51,-1,69,51,70,-1,70,51,53,-1,70,53,71,-1,71,53,55,-1,71,55,72,-1,72,55,38,-1,72,38,73,-1,73,38,36,-1,73,36,74,-1,74,36,33,-1,74,33,75,-1,75,33,32,-1,75,32,76,-1,76,32,57,-1,76,57,77,-1,77,57,59,-1,77,59,78,-1,78,59,61,-1,78,61,79,-1,79,61,63,-1,79,63,80,-1,80,63,65,-1,80,65,81,-1,81,65,67,-1,81,67,82,-1,82,67,40,-1,82,40,83,-1,83,40,43,-1,83,43,84,-1,84,43,45,-1,84,45,68,-1,72,73,85,-1,85,73,86,-1,72,85,87,-1,72,87,71,-1,71,87,88,-1,71,88,70,-1,70,88,89,-1,70,89,69,-1,69,89,90,-1,69,90,68,-1,68,90,91,-1,68,91,84,-1,84,91,92,-1,84,92,83,-1,83,92,93,-1,83,93,82,-1,82,93,94,-1,82,94,81,-1,81,94,95,-1,81,95,80,-1,80,95,96,-1,80,96,79,-1,79,96,97,-1,79,97,78,-1,78,97,98,-1,78,98,77,-1,77,98,99,-1,77,99,76,-1,76,99,100,-1,76,100,75,-1,74,75,101,-1,101,75,100,-1,73,74,86,-1,86,74,101,-1,102,103,104,-1,104,103,105,-1,105,103,106,-1,106,103,107,-1,106,107,108,-1,107,109,108,-1,108,109,110,-1,110,109,111,-1,111,109,112,-1,111,112,113,-1,112,114,113,-1,113,114,115,-1,114,116,115,-1,115,116,117,-1,116,118,117,-1,117,118,119,-1,118,120,119,-1,119,120,121,-1,120,122,121,-1,121,122,123,-1,122,124,123,-1,123,124,125,-1,124,126,125,-1,125,126,127,-1,126,102,127,-1,127,102,104,-1,107,103,102,-1,102,126,107,-1,107,126,124,-1,107,124,109,-1,114,112,116,-1,116,112,109,-1,116,109,118,-1,118,109,124,-1,118,124,120,-1,120,124,122,-1,128,129,130,-1,130,129,131,-1,131,129,132,-1,133,134,135,-1,133,135,136,-1,136,135,137,-1,136,137,132,-1,132,137,138,-1,132,138,131,-1,139,140,141,-1,139,141,142,-1,142,141,143,-1,142,143,144,-1,144,143,145,-1,144,145,146,-1,146,145,147,-1,146,147,148,-1,148,147,149,-1,148,149,150,-1,150,149,151,-1,150,151,152,-1,152,151,133,-1,133,151,153,-1,133,153,134,-1,154,155,156,-1,156,155,157,-1,157,158,156,-1,156,158,159,-1,156,159,160,-1,160,159,161,-1,160,161,162,-1,162,161,163,-1,162,163,164,-1,164,163,165,-1,164,165,166,-1,166,165,167,-1,166,167,168,-1,168,167,140,-1,168,140,139,-1,155,154,169,-1,169,154,170,-1,169,170,171,-1,171,170,172,-1,171,172,173,-1,172,174,173,-1,173,174,175,-1,176,177,178,-1,176,178,179,-1,179,178,175,-1,179,175,174,-1,180,181,182,-1,180,182,183,-1,183,182,184,-1,183,184,185,-1,185,184,186,-1,185,186,187,-1,187,186,188,-1,187,188,189,-1,189,188,190,-1,189,190,191,-1,191,190,192,-1,191,192,193,-1,193,192,177,-1,193,177,176,-1,194,195,196,-1,194,196,197,-1,197,196,198,-1,197,198,199,-1,199,198,200,-1,199,200,201,-1,201,200,202,-1,201,202,203,-1,203,202,204,-1,203,204,205,-1,205,204,206,-1,205,206,207,-1,207,206,181,-1,207,181,180,-1,128,130,208,-1,128,208,209,-1,209,208,210,-1,209,210,211,-1,211,210,195,-1,211,195,194,-1,197,133,194,-1,194,133,136,-1,194,136,211,-1,211,136,132,-1,211,132,209,-1,209,132,129,-1,209,129,128,-1,174,172,179,-1,179,172,170,-1,179,170,176,-1,176,170,154,-1,176,154,193,-1,193,154,156,-1,193,156,191,-1,191,156,160,-1,191,160,189,-1,189,160,162,-1,189,162,187,-1,187,162,164,-1,187,164,185,-1,185,164,166,-1,185,166,183,-1,183,166,168,-1,183,168,180,-1,180,168,139,-1,180,139,207,-1,207,139,142,-1,207,142,205,-1,205,142,144,-1,205,144,203,-1,203,144,146,-1,203,146,201,-1,201,146,148,-1,201,148,199,-1,199,148,150,-1,199,150,197,-1,197,150,152,-1,197,152,133,-1,212,213,214,-1,214,213,215,-1,213,216,215,-1,215,216,217,-1,216,218,217,-1,217,218,219,-1,218,220,219,-1,219,220,221,-1,220,222,221,-1,221,222,223,-1,222,212,223,-1,223,212,214,-1,220,218,222,-1,222,218,216,-1,222,216,212,-1,212,216,213,-1,
        ]
    }
}
Shape{
    appearance Appearance {
        material  Material {
            diffuseColor 0.8509803921568627 0.8509803921568627 0.8509803921568627
            specularColor 0.4235294117647059 0.4235294117647059 0.4235294117647059
            ambientIntensity 0.851
            transparency 0.0
            shininess 0.5
        }
    }
    geometry IndexedFaceSet {
        ccw TRUE
        solid FALSE
        coord DEF co Coordinate {
            point [
                -0.2851 0.7693 -0.0, -0.351 0.7693 -0.0, -0.3145 0.8515 -0.0, -0.3213 0.8515 -0.0, -0.3164 0.8583 -0.0, -0.3196 0.8584 -0.0, -0.3176 0.8653 -0.0, -0.3183 0.8653 -0.0, -0.0845 0.8677 -0.0, -0.0845 0.7141 -0.0, -0.1135 0.8677 -0.0, -0.1124 0.7141 -0.0, -0.1332 0.716 -0.0, -0.1901 0.7928 -0.0, -0.1884 0.8124 -0.0, -0.1838 0.828 -0.0, -0.1368 0.8652 -0.0, -0.1497 0.7212 -0.0, -0.1632 0.7291 -0.0, -0.1742 0.7401 -0.0, -0.1825 0.7536 -0.0, -0.1883 0.7721 -0.0, -0.177 0.8401 -0.0, -0.1674 0.8503 -0.0, -0.153 0.8595 -0.0
            ]
        }
        coordIndex [
            0,1,2,-1,2,1,3,-1,2,3,4,-1,4,3,5,-1,4,5,6,-1,6,5,7,-1,8,9,10,-1,10,9,11,-1,10,11,12,-1,13,14,10,-1,10,14,15,-1,10,15,16,-1,12,17,10,-1,10,17,18,-1,10,18,19,-1,19,20,10,-1,10,20,21,-1,10,21,13,-1,22,23,15,-1,15,23,24,-1,15,24,16,-1,
        ]
    }
}