#VRML V2.0 utf8
# 3D model generated by kicad-lcsc-manager
# Based on easyeda2kicad.py v1.0.1

Shape{
    appearance Appearance {
        material  Material {
            diffuseColor 1.0 1.0 1.0
            specularColor 0.5019607843137255 0.5019607843137255 0.5019607843137255
            ambientIntensity 1.0
            transparency 0.0
            shininess 0.5
        }
    }
    geometry IndexedFaceSet {
        ccw TRUE
        solid FALSE
        coord DEF co Coordinate {
            point [
                -1.8898 0.0004 0.0787, -1.8898 -0.8658 0.0787, -1.9685 0.0004 0.0787, -1.9685 -0.8658 0.0787, -1.378 -1.1807 1.7953, -1.378 -1.1807 1.874, -1.4778 -1.1807 1.7854, -1.4932 -1.1807 1.8627, -1.5738 -1.1807 1.7563, -1.604 -1.1807 1.8291, -1.6623 -1.1807 1.709, -1.7061 -1.1807 1.7745, -1.7399 -1.1807 1.6454, -1.7956 -1.1807 1.701, -1.8035 -1.1807 1.5678, -1.869 -1.1807 1.6116, -1.8508 -1.1807 1.4793, -1.9236 -1.1807 1.5095, -1.8799 -1.1807 1.3833, -1.9572 -1.1807 1.3987, -1.8898 -1.1807 1.2835, -1.9685 -1.1807 1.2835, 1.3779 -1.1807 1.7953, 1.3779 -1.1807 1.874, -1.8898 0.3153 1.2835, -1.9685 0.3153 1.2835, -1.8799 0.3153 1.3833, -1.9572 0.3153 1.3987, -1.8508 0.3153 1.4793, -1.9236 0.3153 1.5095, -1.8035 0.3153 1.5678, -1.869 0.3153 1.6116, -1.7399 0.3153 1.6454, -1.7956 0.3153 1.701, -1.6623 0.3153 1.709, -1.7061 0.3153 1.7745, -1.5738 0.3153 1.7563, -1.604 0.3153 1.8291, -1.4778 0.3153 1.7854, -1.4932 0.3153 1.8627, -1.378 0.3153 1.7953, -1.378 0.3153 1.874, -1.9685 0.3153 -0.4331, -1.8898 0.3153 -0.4331, 1.8897 -1.1807 1.2835, 1.9685 -1.1807 1.2835, 1.8799 -1.1807 1.3833, 1.9571 -1.1807 1.3987, 1.8508 -1.1807 1.4793, 1.9235 -1.1807 1.5095, 1.8035 -1.1807 1.5678, 1.869 -1.1807 1.6116, 1.7398 -1.1807 1.6454, 1.7955 -1.1807 1.701, 1.6623 -1.1807 1.709, 1.706 -1.1807 1.7745, 1.5738 -1.1807 1.7563, 1.6039 -1.1807 1.8291, 1.4778 -1.1807 1.7854, 1.4931 -1.1807 1.8627, 1.9685 -1.1807 -0.4331, 1.8897 -1.1807 -0.4331, 1.3779 0.3153 1.7953, 1.3779 0.3153 1.874, 1.4778 0.3153 1.7854, 1.4931 0.3153 1.8627, 1.5738 0.3153 1.7563, 1.6039 0.3153 1.8291, 1.6623 0.3153 1.709, 1.706 0.3153 1.7745, 1.7398 0.3153 1.6454, 1.7955 0.3153 1.701, 1.8035 0.3153 1.5678, 1.869 0.3153 1.6116, 1.8508 0.3153 1.4793, 1.9235 0.3153 1.5095, 1.8799 0.3153 1.3833, 1.9571 0.3153 1.3987, 1.8897 0.3153 1.2835, 1.9685 0.3153 1.2835, -1.8898 -0.6296 0.5317, -1.8898 -0.6296 0.8467, -1.8898 -1.1577 -0.4887, -1.8898 -1.1414 -0.5013, -1.8898 -1.1807 -0.4331, -1.8898 -1.1781 -0.4535, -1.8898 -1.1702 -0.4724, -1.8898 -1.1224 -0.5091, -1.8898 -1.102 -0.5118, -1.8898 -0.9445 -0.5118, -1.8898 -0.2359 0.5317, -1.8898 -0.2359 0.8467, -1.8898 -0.9241 -0.5091, -1.8898 -0.9052 -0.5013, -1.8898 -0.8888 -0.4887, -1.8898 -0.8763 -0.4724, -1.8898 -0.8685 -0.4535, -1.8898 -0.8658 -0.4331, -1.8898 0.0004 -0.4331, -1.8898 0.0791 -0.5118, -1.8898 0.3048 -0.4724, -1.8898 0.257 -0.5091, -1.8898 0.2923 -0.4887, -1.8898 0.2759 -0.5013, -1.8898 0.2366 -0.5118, -1.8898 0.3126 -0.4535, -1.8898 0.0234 -0.4887, -1.8898 0.0109 -0.4724, -1.8898 0.003 -0.4535, -1.8898 0.0397 -0.5013, -1.8898 0.0587 -0.5091, 1.8897 -0.8658 -0.4331, 1.8897 -0.8658 0.0787, 1.8897 0.3048 -0.4724, 1.8897 0.2923 -0.4887, 1.8897 0.0004 0.0787, 1.8897 0.2759 -0.5013, 1.8897 -0.2359 0.5317, 1.8897 -0.6296 0.5317, 1.8897 -0.6296 0.8467, 1.8897 -0.2359 0.8467, 1.8897 0.3153 -0.4331, 1.8897 0.3126 -0.4535, 1.8897 -0.9052 -0.5013, 1.8897 -0.8888 -0.4887, 1.8897 -0.8685 -0.4535, 1.8897 -0.8763 -0.4724, 1.8897 -0.9241 -0.5091, 1.8897 -0.9445 -0.5118, 1.8897 -1.102 -0.5118, 1.8897 -1.1224 -0.5091, 1.8897 0.257 -0.5091, 1.8897 0.2366 -0.5118, 1.8897 0.0004 -0.4331, 1.8897 0.0791 -0.5118, 1.8897 0.0587 -0.5091, 1.8897 -1.1702 -0.4724, 1.8897 -1.1781 -0.4535, 1.8897 -1.1577 -0.4887, 1.8897 -1.1414 -0.5013, 1.8897 0.0397 -0.5013, 1.8897 0.0234 -0.4887, 1.8897 0.003 -0.4535, 1.8897 0.0109 -0.4724, 1.9685 -0.8658 0.0787, 1.9685 0.0004 0.0787, 1.9685 -0.8658 -0.4331, 1.9685 0.3153 -0.4331, 1.9685 0.0004 -0.4331, 1.9685 -1.1414 -0.5013, 1.9685 -1.1577 -0.4887, 1.9685 -1.1781 -0.4535, 1.9685 -1.1702 -0.4724, 1.9685 -1.1224 -0.5091, 1.9685 -1.102 -0.5118, 1.9685 -0.9445 -0.5118, 1.9685 -0.9241 -0.5091, 1.9685 -0.2359 0.5317, 1.9685 -0.2359 0.8467, 1.9685 -0.6296 0.8467, 1.9685 -0.6296 0.5317, 1.9685 -0.8763 -0.4724, 1.9685 -0.8685 -0.4535, 1.9685 -0.8888 -0.4887, 1.9685 -0.9052 -0.5013, 1.9685 0.257 -0.5091, 1.9685 0.2759 -0.5013, 1.9685 0.2923 -0.4887, 1.9685 0.3126 -0.4535, 1.9685 0.3048 -0.4724, 1.9685 0.0397 -0.5013, 1.9685 0.0587 -0.5091, 1.9685 0.0791 -0.5118, 1.9685 0.2366 -0.5118, 1.9685 0.0234 -0.4887, 1.9685 0.003 -0.4535, 1.9685 0.0109 -0.4724, -1.9685 -0.2359 0.5317, -1.9685 -0.2359 0.8467, -1.9685 -0.9445 -0.5118, -1.9685 -1.102 -0.5118, -1.9685 -0.8685 -0.4535, -1.9685 -0.8763 -0.4724, -1.9685 -0.8888 -0.4887, -1.9685 -0.9052 -0.5013, -1.9685 -0.9241 -0.5091, -1.9685 0.0004 -0.4331, -1.9685 -0.6296 0.5317, -1.9685 -0.6296 0.8467, -1.9685 -0.8658 -0.4331, -1.9685 -1.1224 -0.5091, -1.9685 -1.1414 -0.5013, -1.9685 -1.1577 -0.4887, -1.9685 -1.1702 -0.4724, -1.9685 -1.1781 -0.4535, -1.9685 -1.1807 -0.4331, -1.9685 0.0587 -0.5091, -1.9685 0.0397 -0.5013, -1.9685 0.0234 -0.4887, -1.9685 0.0109 -0.4724, -1.9685 0.003 -0.4535, -1.9685 0.3126 -0.4535, -1.9685 0.257 -0.5091, -1.9685 0.2366 -0.5118, -1.9685 0.0791 -0.5118, -1.9685 0.3048 -0.4724, -1.9685 0.2923 -0.4887, -1.9685 0.2759 -0.5013
            ]
        }
        coordIndex [
            0,1,2,-1,2,1,3,-1,4,5,6,-1,6,5,7,-1,6,7,8,-1,8,7,9,-1,8,9,10,-1,10,9,11,-1,10,11,12,-1,12,11,13,-1,12,13,14,-1,14,13,15,-1,14,15,16,-1,16,15,17,-1,16,17,18,-1,18,17,19,-1,18,19,20,-1,20,19,21,-1,4,22,5,-1,5,22,23,-1,24,25,26,-1,26,25,27,-1,26,27,28,-1,28,27,29,-1,28,29,30,-1,30,29,31,-1,30,31,32,-1,32,31,33,-1,32,33,34,-1,34,33,35,-1,34,35,36,-1,36,35,37,-1,36,37,38,-1,38,37,39,-1,38,39,40,-1,40,39,41,-1,42,25,43,-1,43,25,24,-1,44,45,46,-1,46,45,47,-1,46,47,48,-1,48,47,49,-1,48,49,50,-1,50,49,51,-1,50,51,52,-1,52,51,53,-1,52,53,54,-1,54,53,55,-1,54,55,56,-1,56,55,57,-1,56,57,58,-1,58,57,59,-1,58,59,22,-1,22,59,23,-1,60,45,61,-1,61,45,44,-1,62,63,64,-1,64,63,65,-1,64,65,66,-1,66,65,67,-1,66,67,68,-1,68,67,69,-1,68,69,70,-1,70,69,71,-1,70,71,72,-1,72,71,73,-1,72,73,74,-1,74,73,75,-1,74,75,76,-1,76,75,77,-1,76,77,78,-1,78,77,79,-1,62,40,63,-1,63,40,41,-1,80,81,20,-1,20,81,24,-1,1,82,83,-1,84,85,1,-1,1,85,86,-1,1,86,82,-1,83,87,1,-1,1,87,88,-1,1,88,89,-1,20,84,80,-1,80,84,1,-1,80,1,90,-1,90,1,0,-1,90,0,91,-1,92,93,89,-1,89,93,94,-1,89,94,95,-1,95,96,89,-1,89,96,97,-1,89,97,1,-1,81,91,24,-1,24,91,0,-1,24,0,43,-1,43,0,98,-1,43,98,99,-1,100,101,102,-1,102,101,103,-1,99,104,43,-1,43,104,101,-1,43,101,105,-1,105,101,100,-1,106,98,107,-1,107,98,108,-1,106,109,98,-1,98,109,110,-1,98,110,99,-1,20,24,18,-1,18,24,26,-1,18,26,16,-1,16,26,28,-1,16,28,14,-1,14,28,30,-1,14,30,12,-1,12,30,32,-1,12,32,10,-1,10,32,34,-1,10,34,8,-1,8,34,36,-1,8,36,6,-1,6,36,38,-1,6,38,4,-1,4,38,40,-1,22,4,62,-1,62,4,40,-1,22,62,58,-1,58,62,64,-1,58,64,56,-1,56,64,66,-1,56,66,54,-1,54,66,68,-1,54,68,52,-1,52,68,70,-1,52,70,50,-1,50,70,72,-1,50,72,48,-1,48,72,74,-1,48,74,46,-1,46,74,76,-1,46,76,44,-1,44,76,78,-1,111,61,112,-1,112,61,44,-1,113,114,115,-1,115,114,116,-1,117,115,118,-1,118,115,112,-1,118,112,119,-1,119,112,44,-1,119,44,120,-1,120,44,78,-1,120,78,117,-1,117,78,121,-1,117,121,115,-1,115,121,122,-1,115,122,113,-1,123,111,124,-1,124,111,125,-1,124,125,126,-1,123,127,111,-1,111,127,128,-1,111,128,61,-1,61,128,129,-1,61,129,130,-1,116,131,115,-1,115,131,132,-1,115,132,133,-1,133,132,134,-1,133,134,135,-1,136,137,138,-1,138,137,61,-1,138,61,139,-1,139,61,130,-1,135,140,133,-1,133,140,141,-1,133,141,142,-1,142,141,143,-1,144,112,145,-1,145,112,115,-1,45,60,144,-1,144,60,146,-1,147,145,148,-1,149,60,150,-1,150,60,151,-1,150,151,152,-1,149,153,60,-1,60,153,154,-1,60,154,146,-1,146,154,155,-1,146,155,156,-1,144,145,157,-1,157,145,147,-1,157,147,158,-1,158,147,79,-1,158,79,159,-1,159,79,45,-1,159,45,160,-1,160,45,144,-1,160,144,157,-1,161,162,163,-1,163,162,146,-1,163,146,164,-1,164,146,156,-1,165,166,147,-1,147,166,167,-1,147,167,168,-1,168,167,169,-1,170,171,148,-1,148,171,172,-1,148,172,147,-1,147,172,173,-1,147,173,165,-1,170,148,174,-1,174,148,175,-1,174,175,176,-1,45,79,77,-1,45,77,47,-1,47,77,75,-1,47,75,49,-1,49,75,73,-1,49,73,51,-1,51,73,71,-1,51,71,53,-1,53,71,69,-1,53,69,55,-1,55,69,67,-1,55,67,57,-1,57,67,65,-1,57,65,59,-1,59,65,63,-1,59,63,23,-1,5,23,41,-1,41,23,63,-1,5,41,39,-1,5,39,7,-1,7,39,37,-1,7,37,9,-1,9,37,35,-1,9,35,11,-1,11,35,33,-1,11,33,13,-1,13,33,31,-1,13,31,15,-1,15,31,29,-1,15,29,17,-1,17,29,27,-1,17,27,19,-1,19,27,25,-1,19,25,21,-1,177,178,25,-1,25,178,21,-1,21,179,180,-1,181,182,179,-1,182,183,179,-1,179,183,184,-1,179,184,185,-1,186,2,42,-1,25,42,177,-1,177,42,2,-1,177,2,187,-1,187,2,3,-1,187,3,188,-1,178,188,21,-1,21,188,3,-1,21,3,179,-1,179,3,189,-1,179,189,181,-1,190,191,180,-1,180,191,192,-1,180,192,193,-1,193,194,180,-1,180,194,195,-1,180,195,21,-1,186,196,197,-1,197,198,186,-1,186,198,199,-1,186,199,200,-1,201,202,42,-1,42,202,203,-1,42,203,186,-1,186,203,204,-1,186,204,196,-1,201,205,202,-1,202,205,206,-1,202,206,207,-1,84,20,195,-1,195,20,21,-1,121,78,147,-1,147,78,79,-1,111,112,146,-1,146,112,144,-1,155,154,128,-1,128,154,129,-1,173,172,132,-1,132,172,134,-1,148,145,133,-1,133,145,115,-1,89,88,179,-1,179,88,180,-1,189,3,97,-1,97,3,1,-1,98,0,186,-1,186,0,2,-1,204,203,99,-1,99,203,104,-1,89,179,185,-1,89,185,92,-1,92,185,184,-1,92,184,93,-1,93,184,183,-1,93,183,94,-1,94,183,182,-1,94,182,95,-1,95,182,181,-1,95,181,96,-1,96,181,189,-1,96,189,97,-1,180,88,87,-1,180,87,190,-1,190,87,83,-1,190,83,191,-1,191,83,82,-1,191,82,192,-1,192,82,86,-1,192,86,193,-1,193,86,85,-1,193,85,194,-1,194,85,84,-1,194,84,195,-1,98,186,200,-1,98,200,108,-1,108,200,199,-1,108,199,107,-1,107,199,198,-1,107,198,106,-1,106,198,197,-1,106,197,109,-1,109,197,196,-1,109,196,110,-1,110,196,204,-1,110,204,99,-1,42,43,105,-1,42,105,201,-1,201,105,100,-1,201,100,205,-1,205,100,102,-1,205,102,206,-1,206,102,103,-1,206,103,207,-1,207,103,101,-1,207,101,202,-1,202,101,104,-1,202,104,203,-1,173,132,131,-1,173,131,165,-1,165,131,116,-1,165,116,166,-1,166,116,114,-1,166,114,167,-1,167,114,113,-1,167,113,169,-1,169,113,122,-1,169,122,168,-1,168,122,121,-1,168,121,147,-1,134,172,171,-1,134,171,135,-1,135,171,170,-1,135,170,140,-1,140,170,174,-1,140,174,141,-1,141,174,176,-1,141,176,143,-1,143,176,175,-1,143,175,142,-1,142,175,148,-1,142,148,133,-1,111,146,162,-1,111,162,125,-1,125,162,161,-1,125,161,126,-1,126,161,163,-1,126,163,124,-1,124,163,164,-1,124,164,123,-1,123,164,156,-1,123,156,127,-1,127,156,155,-1,127,155,128,-1,129,154,153,-1,129,153,130,-1,130,153,149,-1,130,149,139,-1,139,149,150,-1,139,150,138,-1,138,150,152,-1,138,152,136,-1,136,152,151,-1,136,151,137,-1,137,151,60,-1,137,60,61,-1,178,177,91,-1,91,177,90,-1,188,178,81,-1,81,178,91,-1,187,188,80,-1,80,188,81,-1,177,187,90,-1,90,187,80,-1,160,157,118,-1,118,157,117,-1,159,160,119,-1,119,160,118,-1,158,159,120,-1,120,159,119,-1,157,158,117,-1,117,158,120,-1,
        ]
    }
}
Shape{
    appearance Appearance {
        material  Material {
            diffuseColor 1.0 1.0 0.0
            specularColor 0.5019607843137255 0.5019607843137255 0.0
            ambientIntensity 0.886
            transparency 0.0
            shininess 0.5
        }
    }
    geometry IndexedFaceSet {
        ccw TRUE
        solid FALSE
        coord DEF co Coordinate {
            point [
                0.1456 -1.2989 0.7402, 0.1456 -1.2989 0.7795, 0.1456 -0.1178 0.7402, 0.1456 -0.1178 0.7795, 0.2637 -1.2989 0.7402, 0.2637 -0.1178 0.7402, 0.2637 -1.2989 0.7795, 0.2637 -0.1178 0.7795, -0.295 -1.2989 1.1732, -0.295 -1.2989 1.2126, -0.295 -0.1178 1.1732, -0.295 -0.1178 1.2126, -0.1768 -1.2989 1.1732, -0.1768 -0.1178 1.1732, -0.1768 -1.2989 1.2126, -0.1768 -0.1178 1.2126, 0.3446 -1.2989 1.1732, 0.3446 -1.2989 1.2126, 0.3446 -0.1178 1.1732, 0.3446 -0.1178 1.2126, 0.4627 -1.2989 1.1732, 0.4627 -0.1178 1.1732, 0.4627 -1.2989 1.2126, 0.4627 -0.1178 1.2126, 1.0325 -1.2989 1.1732, 1.0325 -1.2989 1.2126, 1.0325 -0.1178 1.1732, 1.0325 -0.1178 1.2126, 1.1507 -1.2989 1.1732, 1.1507 -0.1178 1.1732, 1.1507 -1.2989 1.2126, 1.1507 -0.1178 1.2126, -1.1354 -1.2989 0.7402, -1.1354 -1.2989 0.7795, -1.1354 -0.1178 0.7402, -1.1354 -0.1178 0.7795, -1.0173 -1.2989 0.7402, -1.0173 -0.1178 0.7402, -1.0173 -1.2989 0.7795, -1.0173 -0.1178 0.7795, -0.4919 -1.2989 0.7402, -0.4919 -1.2989 0.7795, -0.4919 -0.1178 0.7402, -0.4919 -0.1178 0.7795, -0.3738 -1.2989 0.7402, -0.3738 -0.1178 0.7402, -0.3738 -1.2989 0.7795, -0.3738 -0.1178 0.7795
            ]
        }
        coordIndex [
            0,1,2,-1,2,1,3,-1,4,0,5,-1,5,0,2,-1,6,4,7,-1,7,4,5,-1,1,6,3,-1,3,6,7,-1,4,6,0,-1,0,6,1,-1,7,5,3,-1,3,5,2,-1,8,9,10,-1,10,9,11,-1,12,8,13,-1,13,8,10,-1,14,12,15,-1,15,12,13,-1,9,14,11,-1,11,14,15,-1,12,14,8,-1,8,14,9,-1,15,13,11,-1,11,13,10,-1,16,17,18,-1,18,17,19,-1,20,16,21,-1,21,16,18,-1,22,20,23,-1,23,20,21,-1,17,22,19,-1,19,22,23,-1,20,22,16,-1,16,22,17,-1,23,21,19,-1,19,21,18,-1,24,25,26,-1,26,25,27,-1,28,24,29,-1,29,24,26,-1,30,28,31,-1,31,28,29,-1,25,30,27,-1,27,30,31,-1,28,30,24,-1,24,30,25,-1,31,29,27,-1,27,29,26,-1,32,33,34,-1,34,33,35,-1,36,32,37,-1,37,32,34,-1,38,36,39,-1,39,36,37,-1,33,38,35,-1,35,38,39,-1,36,38,32,-1,32,38,33,-1,39,37,35,-1,35,37,34,-1,40,41,42,-1,42,41,43,-1,44,40,45,-1,45,40,42,-1,46,44,47,-1,47,44,45,-1,41,46,43,-1,43,46,47,-1,44,46,40,-1,40,46,41,-1,47,45,43,-1,43,45,42,-1,
        ]
    }
}
Shape{
    appearance Appearance {
        material  Material {
            diffuseColor 0.2235294117647059 0.2235294117647059 0.2235294117647059
            specularColor 0.11372549019607843 0.11372549019607843 0.11372549019607843
            ambientIntensity 0.2235
            transparency 0.0
            shininess 0.5
        }
    }
    geometry IndexedFaceSet {
        ccw TRUE
        solid FALSE
        coord DEF co Coordinate {
            point [
                -0.125 0.7484 1.4206, -0.1269 0.7484 1.4227, -0.1269 0.7484 1.4359, -0.0298 0.7484 1.6436, -0.0357 0.7484 1.6444, 0.0009 0.7484 1.6444, -0.0518 0.7484 1.6442, -0.0568 0.7484 1.6427, -0.0568 0.7484 1.6444, -0.0906 0.7484 1.4361, -0.0891 0.7484 1.4359, -0.1082 0.7484 1.4359, 0.2217 0.7484 1.6519, 0.2108 0.7484 1.6444, 0.078 0.7484 1.6444, 0.1979 0.7484 1.6356, 0.1789 0.7484 1.6136, 0.1153 0.7484 1.5395, 0.078 0.7484 1.5395, 0.1203 0.7484 1.552, 0.132 0.7484 1.5682, 0.1474 0.7484 1.5813, 0.1671 0.7484 1.5906, 0.1643 0.7484 1.5897, 0.2501 0.7484 1.6623, 0.078 0.7484 1.874, 0.3413 0.7484 1.6444, 0.329 0.7484 1.6519, 0.483 0.7484 1.874, 0.3027 0.7484 1.6619, 0.2753 0.7484 1.6652, 0.4738 0.7484 1.5323, 0.4725 0.7484 1.5395, 0.483 0.7484 1.5395, 0.47 0.7484 1.5537, 0.4609 0.7484 1.5742, 0.483 0.7484 1.6444, 0.4472 0.7484 1.5917, 0.4042 0.7484 1.6163, 0.3818 0.7484 1.6191, 0.3436 0.7484 1.643, 0.357 0.7484 1.6315, 0.3752 0.7484 1.6187, 0.3687 0.7484 1.6179, 0.4434 0.7484 1.5954, 0.4253 0.7484 1.6081, 0.4045 0.7484 1.4375, 0.4117 0.7484 1.4396, 0.483 0.7484 1.4359, 0.4323 0.7484 1.4496, 0.4501 0.7484 1.4648, 0.4631 0.7484 1.4833, 0.4712 0.7484 1.5045, 0.474 0.7484 1.5268, 0.3792 0.7484 1.4064, 0.3903 0.7484 1.4148, 0.483 0.7484 1.4042, 0.3988 0.7484 1.4252, 0.4038 0.7484 1.4359, 0.3504 0.7484 1.3987, 0.483 0.7484 1.2059, 0.3366 0.7484 1.4004, 0.078 0.7484 1.2059, 0.3269 0.7484 1.4042, 0.3526 0.7484 1.3988, 0.3661 0.7484 1.4009, 0.374 0.7484 1.4042, 0.2971 0.7484 1.4359, 0.2972 0.7484 1.4357, 0.078 0.7484 1.4042, 0.3039 0.7484 1.423, 0.3126 0.7484 1.4132, 0.324 0.7484 1.4053, 0.2244 0.7484 1.4695, 0.2205 0.7484 1.471, 0.2138 0.7484 1.5035, 0.1318 0.7484 1.4619, 0.1473 0.7484 1.4488, 0.078 0.7484 1.4359, 0.3077 0.7484 1.4938, 0.2315 0.7484 1.5337, 0.3177 0.7484 1.5029, 0.3298 0.7484 1.5094, 0.2279 0.7484 1.467, 0.1205 0.7484 1.4777, 0.1463 0.7484 1.5205, 0.149 0.7484 1.5314, 0.1534 0.7484 1.5395, 0.4367 0.7484 1.5395, 0.1134 0.7484 1.5346, 0.1108 0.7484 1.516, 0.1134 0.7484 1.4957, 0.2161 0.7484 1.4716, 0.2155 0.7484 1.4716, 0.2138 0.7484 1.4712, 0.4333 0.7484 1.5052, 0.4266 0.7484 1.4937, 0.3977 0.7484 1.4878, 0.4164 0.7484 1.4832, 0.404 0.7484 1.4756, 0.3766 0.7484 1.5067, 0.3883 0.7484 1.4986, 0.4381 0.7484 1.528, 0.4374 0.7484 1.5192, 0.364 0.7484 1.5115, 0.3504 0.7484 1.5132, 0.3435 0.7484 1.5128, 0.2337 0.7484 1.454, 0.2336 0.7484 1.4562, 0.2935 0.7484 1.4614, 0.2324 0.7484 1.4605, 0.2303 0.7484 1.4644, 0.1576 0.7484 1.4853, 0.1514 0.7484 1.4942, 0.1474 0.7484 1.5044, 0.1461 0.7484 1.5154, 0.2204 0.7484 1.4368, 0.2242 0.7484 1.4383, 0.2279 0.7484 1.4409, 0.2292 0.7484 1.4423, 0.2317 0.7484 1.4459, 0.2332 0.7484 1.4497, 0.2938 0.7484 1.4497, 0.2935 0.7484 1.4557, 0.1647 0.7484 1.4403, 0.1836 0.7484 1.4363, 0.2172 0.7484 1.4363, 0.2127 0.7484 1.471, 0.1871 0.7484 1.471, 0.1768 0.7484 1.473, 0.1668 0.7484 1.4777, 0.1584 0.7484 1.4845, 0.2073 0.7484 1.5941, 0.2202 0.7484 1.6094, 0.351 0.7484 1.5764, 0.2216 0.7484 1.6107, 0.2376 0.7484 1.6218, 0.3423 0.7484 1.5944, 0.355 0.7484 1.5786, 0.3678 0.7484 1.5832, 0.1543 0.7484 1.5412, 0.1609 0.7484 1.5485, 0.1905 0.7484 1.5599, 0.1697 0.7484 1.5547, 0.1796 0.7484 1.5585, 0.195 0.7484 1.5599, 0.1985 0.7484 1.5757, 0.4012 0.7484 1.5812, 0.4139 0.7484 1.5745, 0.3871 0.7484 1.5846, 0.4236 0.7484 1.5658, 0.4315 0.7484 1.5545, 0.3295 0.7484 1.6096, 0.2554 0.7484 1.6286, 0.3143 0.7484 1.6208, 0.2747 0.7484 1.631, 0.2957 0.7484 1.6283, 0.3812 0.7484 1.5849, 0.4364 0.7484 1.5418, -0.2698 0.7484 1.5153, -0.2795 0.7484 1.5118, -0.288 0.7484 1.5395, -0.2794 0.7484 1.4418, -0.2703 0.7484 1.4382, -0.288 0.7484 1.4359, -0.2568 0.7484 1.4366, -0.2272 0.7484 1.4359, -0.2347 0.7484 1.4366, -0.2272 0.7484 1.5395, -0.2347 0.7484 1.5167, -0.2576 0.7484 1.5167, -0.2931 0.7484 1.4538, -0.288 0.7484 1.448, -0.2879 0.7484 1.4478, -0.3459 0.7484 1.5167, -0.3764 0.7484 1.4366, -0.4343 0.7484 1.4359, -0.2957 0.7484 1.4963, -0.2986 0.7484 1.4886, -0.3349 0.7484 1.5167, -0.4343 0.7484 1.5395, -0.3568 0.7484 1.4585, -0.3235 0.7484 1.4585, -0.365 0.7484 1.4366, -0.3158 0.7484 1.4366, -0.2879 0.7484 1.5061, -0.288 0.7484 1.5059, -0.2907 0.7484 1.5033, -0.3044 0.7484 1.4366, -0.2999 0.7484 1.4777, -0.2995 0.7484 1.471, -0.2973 0.7484 1.4619, -0.2178 0.7484 1.5167, -0.2019 0.7484 1.5167, -0.2019 0.7484 1.5395, -0.1766 0.7484 1.5167, -0.2178 0.7484 1.5075, -0.2196 0.7484 1.4457, -0.2196 0.7484 1.4366, -0.2019 0.7484 1.4359, -0.2019 0.7484 1.4818, -0.2155 0.7484 1.4818, -0.2155 0.7484 1.4727, -0.2019 0.7484 1.4457, -0.2019 0.7484 1.4727, -0.1869 0.7484 1.4727, -0.1869 0.7484 1.4457, -0.2019 0.7484 1.5075, -0.1869 0.7484 1.5075, -0.1869 0.7484 1.4818, -0.2019 0.7484 1.4366, -0.1766 0.7484 1.4366, -0.1429 0.7484 1.4359, -0.1657 0.7484 1.4938, -0.137 0.7484 1.4508, -0.1382 0.7484 1.4461, -0.1385 0.7484 1.4461, -0.139 0.7484 1.4481, -0.1397 0.7484 1.4507, -0.1269 0.7484 1.4799, -0.1553 0.7484 1.4938, -0.1269 0.7484 1.5395, -0.1029 0.7484 1.4926, -0.1029 0.7484 1.4828, -0.0735 0.7484 1.4362, -0.067 0.7484 1.4386, -0.0636 0.7484 1.4359, -0.067 0.7484 1.449, -0.0959 0.7484 1.4945, -0.1082 0.7484 1.5395, -0.0671 0.7484 1.4783, -0.0675 0.7484 1.4819, -0.0636 0.7484 1.5395, -0.1052 0.7484 1.4481, -0.1039 0.7484 1.4449, -0.1021 0.7484 1.4423, -0.0686 0.7484 1.4714, -0.0675 0.7484 1.4745, -0.1023 0.7484 1.4616, -0.1041 0.7484 1.4588, -0.1052 0.7484 1.4559, -0.1056 0.7484 1.4521, -0.0699 0.7484 1.4693, -0.0687 0.7484 1.4852, -0.0705 0.7484 1.4879, -0.0735 0.7484 1.4905, -0.0764 0.7484 1.4923, -0.0819 0.7484 1.4943, -0.0893 0.7484 1.4951, -0.0992 0.7484 1.4398, -0.0961 0.7484 1.438, -0.0769 0.7484 1.4442, -0.0823 0.7484 1.4617, -0.0707 0.7484 1.4467, -0.0763 0.7484 1.4645, -0.0716 0.7484 1.4676, -0.0884 0.7484 1.4869, -0.0854 0.7484 1.4867, -0.0774 0.7484 1.4792, -0.0827 0.7484 1.486, -0.0805 0.7484 1.4848, -0.0775 0.7484 1.4779, -0.0779 0.7484 1.4764, -0.0786 0.7484 1.475, -0.0835 0.7484 1.4434, -0.0839 0.7484 1.4434, -0.0888 0.7484 1.459, -0.0891 0.7484 1.444, -0.0953 0.7484 1.4512, -0.0952 0.7484 1.4524, -0.0796 0.7484 1.4739, -0.0831 0.7484 1.4717, -0.0952 0.7484 1.4861, -0.0893 0.7484 1.469, -0.1009 0.7484 1.484, -0.0932 0.7484 1.4674, -0.0999 0.7484 1.4637, -0.0917 0.7484 1.445, -0.0926 0.7484 1.4455, -0.0937 0.7484 1.4465, -0.0789 0.7484 1.4835, -0.0781 0.7484 1.4822, -0.0776 0.7484 1.4808, -0.0946 0.7484 1.4478, -0.0951 0.7484 1.4493, -0.0948 0.7484 1.454, -0.094 0.7484 1.4553, -0.0928 0.7484 1.4566, -0.0636 0.7484 1.4042, -0.0825 0.7484 1.4352, -0.0764 0.7484 1.4359, -0.2272 0.7484 1.6242, -0.2346 0.7484 1.6437, -0.2272 0.7484 1.6444, -0.2457 0.7484 1.6437, -0.288 0.7484 1.6444, -0.2761 0.7484 1.5636, -0.2041 0.7484 1.5636, -0.2155 0.7484 1.5636, -0.2232 0.7484 1.5855, -0.2272 0.7484 1.5855, -0.1082 0.7484 1.6444, -0.1175 0.7484 1.6437, -0.1269 0.7484 1.6444, -0.1175 0.7484 1.6345, -0.1153 0.7484 1.6088, -0.1153 0.7484 1.5997, -0.1193 0.7484 1.5727, -0.1082 0.7484 1.5727, -0.1082 0.7484 1.5997, -0.0866 0.7484 1.5997, -0.0866 0.7484 1.5727, -0.1082 0.7484 1.6345, -0.1082 0.7484 1.6088, -0.0866 0.7484 1.6345, -0.0866 0.7484 1.6088, -0.0763 0.7484 1.5636, -0.1082 0.7484 1.5636, -0.1193 0.7484 1.5636, -0.0636 0.7484 1.6444, -0.0763 0.7484 1.6437, -0.1082 0.7484 1.6437, 1.9685 0.7484 1.2059, 1.9685 0.7484 0.2362, 1.9488 0.7484 0.2362, 0.4921 0.7484 1.0131, 0.689 0.7484 1.0131, 0.4921 0.7484 0.1575, 0.483 0.7484 0.0787, 0.689 0.7484 0.1575, 1.9488 0.7484 0.0787, 0.9842 0.7484 1.0131, 1.1811 0.7484 1.0131, 1.1811 0.7484 0.1575, 0.9842 0.7484 0.1575, 1.9555 0.7484 1.4042, 1.9571 0.7484 1.3987, 1.9685 0.7484 1.2835, 1.869 0.7484 1.6116, 1.9075 0.7484 1.5395, 1.9235 0.7484 1.5095, 1.9458 0.7484 1.4359, 1.842 0.7484 1.6444, 1.706 0.7484 1.7745, 1.3779 0.7484 1.874, 1.6039 0.7484 1.8291, 1.4931 0.7484 1.8627, 1.7955 0.7484 1.701, -1.4932 0.7484 1.8627, -1.378 0.7484 1.874, -1.5748 0.7484 1.6444, -0.8366 0.7484 1.6444, -1.7061 0.7484 1.7745, -1.7956 0.7484 1.701, -1.8421 0.7484 1.6444, -1.604 0.7484 1.8291, -1.5748 0.7484 1.8379, -1.5748 0.7484 1.5395, -1.9075 0.7484 1.5395, -1.869 0.7484 1.6116, -1.5748 0.7484 1.4042, -1.9555 0.7484 1.4042, -1.9459 0.7484 1.4359, -1.9685 0.7484 1.2059, -1.9685 0.7484 1.2835, -1.5748 0.7484 1.2059, -1.9572 0.7484 1.3987, -1.9685 0.7484 0.2362, -1.9488 0.7484 0.2362, -1.9488 0.7484 0.0787, -1.5748 0.7484 0.0787, -0.0603 0.7484 1.6418, -0.0603 0.7484 1.631, -0.0568 0.7484 1.5656, -0.0568 0.7484 1.5395, -0.0589 0.7484 1.5663, -0.0603 0.7484 1.5669, -0.0603 0.7484 1.5768, -0.0568 0.7484 1.6324, -0.0396 0.7484 1.5715, -0.0446 0.7484 1.5717, -0.019 0.7484 1.6262, -0.0151 0.7484 1.6206, -0.0112 0.7484 1.5997, -0.0125 0.7484 1.5917, -0.0534 0.7484 1.5736, -0.0568 0.7484 1.5752, -0.0594 0.7484 1.6314, -0.0414 0.7484 1.6357, -0.038 0.7484 1.6356, -0.0196 0.7484 1.6268, -0.0311 0.7484 1.6342, -0.0248 0.7484 1.6312, -0.0125 0.7484 1.6137, -0.0112 0.7484 1.6028, -0.0152 0.7484 1.5853, -0.019 0.7484 1.5799, -0.021 0.7484 1.578, -0.0512 0.7484 1.6345, -0.0263 0.7484 1.5744, -0.0322 0.7484 1.5723, 0.0009 0.7484 1.5395, -0.0237 0.7484 1.5646, -0.0163 0.7484 1.5683, -0.0023 0.7484 1.6168, -0.0061 0.7484 1.6257, -0.0119 0.7484 1.6332, -0.0503 0.7484 1.5634, -0.0381 0.7484 1.5623, -0.0322 0.7484 1.5626, -0.0106 0.7484 1.5732, -0.0099 0.7484 1.574, -0.0051 0.7484 1.5808, -0.0019 0.7484 1.5892, -0.0003 0.7484 1.6021, -0.0004 0.7484 1.6063, -0.0136 0.7484 1.6349, -0.0214 0.7484 1.6404, 0.0021 0.7484 1.4457, 0.0021 0.7484 1.4366, 0.0009 0.7484 1.4359, 0.0452 0.7484 1.4366, 0.0026 0.7484 1.4359, 0.0026 0.7484 1.4366, 0.0452 0.7484 1.5167, 0.0026 0.7484 1.5395, 0.004 0.7484 1.5167, 0.004 0.7484 1.5075, 0.0349 0.7484 1.5075, 0.0349 0.7484 1.4818, 0.0349 0.7484 1.4727, 0.0349 0.7484 1.4457, 0.0062 0.7484 1.4727, 0.0026 0.7484 1.4457, 0.0062 0.7484 1.4818, -0.0196 0.7484 1.4359, -0.0158 0.7484 1.4374, -0.0092 0.7484 1.444, -0.008 0.7484 1.4474, -0.0131 0.7484 1.4898, -0.0131 0.7484 1.48, -0.0568 0.7484 1.4359, -0.0534 0.7484 1.4366, -0.0434 0.7484 1.4366, -0.0384 0.7484 1.4396, -0.0349 0.7484 1.4373, -0.0311 0.7484 1.4359, -0.0124 0.7484 1.4397, -0.0113 0.7484 1.4409, -0.0075 0.7484 1.4519, -0.0081 0.7484 1.4574, -0.0095 0.7484 1.4609, -0.0115 0.7484 1.4638, -0.0386 0.7484 1.4946, -0.0429 0.7484 1.4933, -0.0462 0.7484 1.4914, -0.0489 0.7484 1.4889, -0.051 0.7484 1.4857, -0.0526 0.7484 1.4812, -0.0534 0.7484 1.4734, -0.0434 0.7484 1.4454, -0.0431 0.7484 1.4454, -0.0415 0.7484 1.443, -0.0145 0.7484 1.4665, -0.0188 0.7484 1.4687, -0.0194 0.7484 1.4841, -0.0264 0.7484 1.4706, -0.0352 0.7484 1.4866, -0.0318 0.7484 1.4869, -0.0256 0.7484 1.4863, -0.0152 0.7484 1.491, -0.0226 0.7484 1.4939, -0.0327 0.7484 1.4951, -0.0434 0.7484 1.4729, -0.043 0.7484 1.4774, -0.042 0.7484 1.4809, -0.0408 0.7484 1.483, -0.0393 0.7484 1.4846, -0.0375 0.7484 1.4858, -0.0308 0.7484 1.4358, -0.0568 0.7484 1.4042, 0.0009 0.7484 1.4042, -0.0256 0.7484 1.4352, -0.0198 0.7484 1.4359, -0.1269 0.7484 1.4529, -0.1109 0.7484 1.4938, -0.1221 0.7484 1.4938, -0.1329 0.7484 1.4359, -0.1333 0.7484 1.4367, -0.1269 0.7484 1.4227, -0.1289 0.7484 1.4263, -0.1082 0.7484 1.4042, -0.1129 0.7484 1.4105, -0.1129 0.7484 1.4194, -0.115 0.7484 1.4187, -0.1186 0.7484 1.4183, -0.1269 0.7484 1.4114, -0.1234 0.7484 1.4101, -0.1269 0.7484 1.4042, -0.1194 0.7484 1.4097, -0.1172 0.7484 1.4097, -0.121 0.7484 1.4185, -0.1232 0.7484 1.4194, -0.1398 0.7484 1.428, -0.1353 0.7484 1.4191, -0.2019 0.7484 1.4042, -0.1316 0.7484 1.4147, -0.1309 0.7484 1.4141, -0.1274 0.7484 1.4116, -0.9843 0.7484 0.1575, -0.8366 0.7484 0.0787, -1.1811 0.7484 0.1575, -1.1811 0.7484 1.0131, -0.9843 0.7484 1.0131, -0.8366 0.7484 1.2059, -0.8366 0.7484 1.4359, -0.8366 0.7484 1.5395, -1.5748 0.7484 1.4359, -1.9236 0.7484 1.5095, -0.2566 0.7484 1.5855, -0.2647 0.7484 1.5636, -0.4343 0.7484 1.6444, -0.2272 0.7484 1.4042, -0.288 0.7484 1.4042, -0.4343 0.7484 1.4042, -0.8366 0.7484 1.4042, -0.1565 0.7484 1.5636, -0.1345 0.7484 1.5636, -0.17 0.7484 1.5652, -0.1345 0.7484 1.6437, -0.1573 0.7484 1.6437, -0.2019 0.7484 1.6444, -0.1695 0.7484 1.6423, -0.1792 0.7484 1.6388, -0.1954 0.7484 1.6233, -0.1983 0.7484 1.6156, -0.1997 0.7484 1.6047, -0.1992 0.7484 1.5981, -0.197 0.7484 1.5889, -0.1928 0.7484 1.5808, -0.1876 0.7484 1.6331, -0.1904 0.7484 1.6303, -0.1876 0.7484 1.5748, -0.1792 0.7484 1.5688, -0.8366 0.7484 1.874, -0.4343 0.7484 1.874, -0.288 0.7484 1.874, -0.2272 0.7484 1.874, -0.2019 0.7484 1.874, -0.1269 0.7484 1.874, -0.1082 0.7484 1.874, -0.0636 0.7484 1.874, -0.0568 0.7484 1.874, -0.0499 0.7484 1.6444, 0.0026 0.7484 1.6444, 0.0026 0.7484 1.2059, 0.0026 0.7484 1.4042, 0.0009 0.7484 1.2059, -0.0568 0.7484 1.2059, -0.0636 0.7484 1.2059, -0.1082 0.7484 1.2059, -0.1269 0.7484 1.2059, -0.2019 0.7484 1.2059, -0.2272 0.7484 1.2059, -0.288 0.7484 1.2059, -0.4343 0.7484 1.2059, 0.0349 0.7484 1.5727, 0.003 0.7484 1.5727, 0.0349 0.7484 1.6437, 0.0452 0.7484 1.6437, 0.0452 0.7484 1.5636, 0.003 0.7484 1.5636, 0.0026 0.7484 1.874, 0.0009 0.7484 1.874, -0.0413 0.7484 1.645, 0.078 0.7484 0.0787, 0.0026 0.7484 0.0787, 0.0009 0.7484 0.0787, -0.0568 0.7484 0.0787, -0.0636 0.7484 0.0787, -0.1082 0.7484 0.0787, -0.1269 0.7484 0.0787, -0.2019 0.7484 0.0787, -0.2272 0.7484 0.0787, -0.288 0.7484 0.0787, -0.4343 0.7484 0.0787, -0.4921 0.7484 1.0131, -0.689 0.7484 1.0131, -0.689 0.7484 0.1575, -0.4921 0.7484 0.1575, 1.8897 -0.2359 0.8073, 1.8897 0.3941 1.2835, 1.8897 -0.6296 0.8073, 1.8897 -1.2595 1.2835, 1.8897 -0.6296 0.5317, 1.8897 -1.2595 0.0787, 1.8897 -0.2359 0.5317, 1.8897 0.3941 0.0787, 1.9685 0.3941 0.2362, 1.9685 0.3941 1.2835, -1.9685 0.3941 1.2835, -1.9685 0.3941 0.2362, 1.3779 0.3941 1.874, -1.378 0.3941 1.874, 1.9488 0.3941 0.0787, -1.8898 0.3941 0.0787, -1.9488 0.3941 0.0787, 1.9488 -1.2595 0.0787, 1.9488 -1.6138 0.0787, -1.9488 -1.6138 0.0787, -1.8898 -1.2595 0.0787, -1.9488 -1.2595 0.0787, 1.4744 0.1578 0.0787, 1.469 0.1171 0.0787, 1.4533 0.0791 0.0787, 1.3956 0.2942 0.0787, 1.3577 0.3099 0.0787, -1.2056 0.2692 0.0787, -1.2382 0.2942 0.0787, 1.1805 0.2366 0.0787, -1.3169 0.3153 0.0787, -1.3577 0.3099 0.0787, 1.2056 0.2692 0.0787, -1.1806 0.0791 0.0787, 1.1594 0.1578 0.0787, -1.2056 0.0465 0.0787, -1.2382 0.0215 0.0787, -1.2762 0.3099 0.0787, -1.3957 0.2942 0.0787, -1.4283 0.2692 0.0787, -1.4533 0.2366 0.0787, -1.4691 0.1986 0.0787, -1.4744 0.1578 0.0787, -1.4691 0.1171 0.0787, -1.4533 0.0791 0.0787, -1.4283 0.0465 0.0787, 1.3169 0.0004 0.0787, 1.3577 0.0057 0.0787, 1.3956 0.0215 0.0787, 1.4283 0.0465 0.0787, 1.469 0.1986 0.0787, 1.4533 0.2366 0.0787, 1.4283 0.2692 0.0787, -1.3957 0.0215 0.0787, -1.3577 0.0057 0.0787, -1.3169 0.0004 0.0787, 1.3169 0.3153 0.0787, 1.2762 0.3099 0.0787, 1.2382 0.2942 0.0787, -1.1648 0.1171 0.0787, -1.1595 0.1578 0.0787, 1.1648 0.1986 0.0787, -1.1648 0.1986 0.0787, -1.1806 0.2366 0.0787, 1.1805 0.0791 0.0787, 1.1648 0.1171 0.0787, -1.2762 0.0057 0.0787, 1.2056 0.0465 0.0787, 1.2382 0.0215 0.0787, 1.2762 0.0057 0.0787, 1.4931 0.3941 1.8627, 1.6039 0.3941 1.8291, 1.706 0.3941 1.7745, 1.7955 0.3941 1.701, 1.869 0.3941 1.6116, 1.9235 0.3941 1.5095, 1.9571 0.3941 1.3987, -1.4932 0.3941 1.8627, -1.604 0.3941 1.8291, -1.7061 0.3941 1.7745, -1.7956 0.3941 1.701, -1.869 0.3941 1.6116, -1.9236 0.3941 1.5095, -1.9572 0.3941 1.3987, 1.9488 0.3941 0.2362, -1.9488 0.3941 0.2362
            ]
        }
        coordIndex [
            0,1,2,-1,3,4,5,-1,6,7,8,-1,9,10,11,-1,12,13,14,-1,14,13,15,-1,14,15,16,-1,17,18,19,-1,19,18,14,-1,19,14,20,-1,20,14,21,-1,16,22,14,-1,14,22,23,-1,14,23,21,-1,24,12,25,-1,26,27,28,-1,28,27,29,-1,28,29,25,-1,25,29,30,-1,25,30,24,-1,31,32,33,-1,33,32,34,-1,34,35,36,-1,36,35,37,-1,38,39,36,-1,36,39,40,-1,40,39,41,-1,41,39,42,-1,41,42,43,-1,37,44,36,-1,36,44,45,-1,36,45,38,-1,46,47,48,-1,48,47,49,-1,48,49,50,-1,50,51,48,-1,48,51,52,-1,48,52,33,-1,33,52,53,-1,33,53,31,-1,54,55,56,-1,56,55,57,-1,56,57,48,-1,48,57,58,-1,48,58,46,-1,59,60,61,-1,61,60,62,-1,61,62,63,-1,59,64,60,-1,60,64,65,-1,60,65,56,-1,56,65,66,-1,56,66,54,-1,67,68,69,-1,69,68,70,-1,70,71,69,-1,69,71,72,-1,69,72,63,-1,73,74,75,-1,76,77,78,-1,79,80,81,-1,81,80,82,-1,73,75,83,-1,76,78,84,-1,85,86,80,-1,80,86,87,-1,80,87,88,-1,17,89,18,-1,18,89,90,-1,18,90,78,-1,78,90,91,-1,78,91,84,-1,74,92,75,-1,75,92,93,-1,75,93,94,-1,95,96,97,-1,97,96,98,-1,97,98,99,-1,100,88,101,-1,101,88,102,-1,101,102,97,-1,97,102,103,-1,97,103,95,-1,100,104,88,-1,88,104,105,-1,88,105,80,-1,80,105,106,-1,80,106,82,-1,107,108,109,-1,109,108,110,-1,109,110,75,-1,75,110,111,-1,75,111,83,-1,112,113,75,-1,75,113,114,-1,75,114,80,-1,80,114,115,-1,80,115,85,-1,116,117,67,-1,67,117,118,-1,67,118,119,-1,119,120,67,-1,67,120,121,-1,67,121,122,-1,122,121,107,-1,122,107,123,-1,123,107,109,-1,77,124,78,-1,78,124,125,-1,78,125,67,-1,67,125,126,-1,67,126,116,-1,94,127,75,-1,75,127,128,-1,75,128,129,-1,129,130,75,-1,75,130,131,-1,75,131,112,-1,132,133,134,-1,133,135,134,-1,134,135,136,-1,134,136,137,-1,87,134,88,-1,88,134,138,-1,88,138,139,-1,140,141,142,-1,142,141,143,-1,142,143,144,-1,140,142,87,-1,87,142,145,-1,87,145,134,-1,134,145,146,-1,134,146,132,-1,147,148,149,-1,149,148,150,-1,149,150,151,-1,137,136,152,-1,152,136,153,-1,152,153,154,-1,154,153,155,-1,154,155,156,-1,139,157,88,-1,88,157,149,-1,88,149,158,-1,158,149,151,-1,159,160,161,-1,162,163,164,-1,164,163,165,-1,164,165,166,-1,166,165,167,-1,166,167,168,-1,168,167,169,-1,168,169,161,-1,161,169,170,-1,161,170,159,-1,171,172,164,-1,164,172,173,-1,164,173,162,-1,174,175,176,-1,177,178,179,-1,180,161,174,-1,174,161,179,-1,181,182,183,-1,183,182,184,-1,160,185,161,-1,161,185,186,-1,161,186,179,-1,179,186,187,-1,179,187,177,-1,175,183,176,-1,176,183,184,-1,176,184,164,-1,164,184,188,-1,164,188,171,-1,178,189,179,-1,179,189,190,-1,179,190,188,-1,188,190,191,-1,188,191,171,-1,192,168,193,-1,193,168,194,-1,193,194,195,-1,192,196,168,-1,168,196,197,-1,168,197,166,-1,166,197,198,-1,166,198,199,-1,200,201,196,-1,196,201,197,-1,197,201,202,-1,197,202,203,-1,202,204,203,-1,203,204,205,-1,203,205,206,-1,196,207,200,-1,200,207,208,-1,200,208,209,-1,198,210,199,-1,199,210,211,-1,199,211,212,-1,212,211,213,-1,214,215,216,-1,216,217,214,-1,214,217,218,-1,214,218,219,-1,219,218,220,-1,219,220,221,-1,221,220,213,-1,221,213,195,-1,195,213,211,-1,222,223,11,-1,224,225,226,-1,226,225,227,-1,228,222,229,-1,230,231,232,-1,233,234,11,-1,11,234,235,-1,236,237,227,-1,238,239,223,-1,223,239,240,-1,223,240,11,-1,11,240,241,-1,11,241,233,-1,236,227,242,-1,231,243,232,-1,232,243,244,-1,232,244,245,-1,245,246,232,-1,232,246,247,-1,232,247,229,-1,229,247,248,-1,229,248,228,-1,235,249,11,-1,11,249,250,-1,11,250,9,-1,251,252,253,-1,253,252,254,-1,253,254,227,-1,227,254,255,-1,227,255,242,-1,256,257,258,-1,258,257,259,-1,258,259,260,-1,258,261,256,-1,256,261,262,-1,256,262,263,-1,251,264,252,-1,252,264,265,-1,252,265,266,-1,266,265,267,-1,266,268,269,-1,263,270,256,-1,256,270,271,-1,256,271,272,-1,272,271,273,-1,272,273,274,-1,274,273,275,-1,274,275,223,-1,223,275,276,-1,223,276,238,-1,267,277,266,-1,266,277,278,-1,266,278,279,-1,280,281,260,-1,260,281,282,-1,260,282,258,-1,279,283,266,-1,266,283,284,-1,266,284,268,-1,269,285,266,-1,266,285,286,-1,266,286,287,-1,288,289,290,-1,291,292,293,-1,293,292,294,-1,293,294,295,-1,295,294,296,-1,297,194,298,-1,298,194,168,-1,298,168,299,-1,299,168,300,-1,301,302,303,-1,303,302,304,-1,305,306,307,-1,307,306,308,-1,306,309,308,-1,308,309,310,-1,308,310,311,-1,304,312,313,-1,313,312,314,-1,313,314,315,-1,316,232,317,-1,317,232,229,-1,317,229,318,-1,318,229,221,-1,318,221,307,-1,319,320,301,-1,301,320,321,-1,301,321,302,-1,322,323,324,-1,325,60,326,-1,326,60,322,-1,325,327,328,-1,328,327,329,-1,328,329,330,-1,329,326,331,-1,331,326,322,-1,331,322,332,-1,332,322,324,-1,332,324,333,-1,333,324,330,-1,333,330,334,-1,334,330,329,-1,334,329,331,-1,48,335,56,-1,56,335,336,-1,56,336,60,-1,60,336,337,-1,60,337,322,-1,338,339,33,-1,33,339,340,-1,33,340,48,-1,48,340,341,-1,48,341,335,-1,34,36,33,-1,33,36,342,-1,33,342,338,-1,343,344,345,-1,345,344,346,-1,40,26,36,-1,36,26,28,-1,36,28,342,-1,342,28,344,-1,342,344,347,-1,347,344,343,-1,348,349,350,-1,350,349,351,-1,352,350,353,-1,353,350,354,-1,352,355,350,-1,350,355,356,-1,350,356,348,-1,357,358,359,-1,360,361,362,-1,363,364,365,-1,365,364,366,-1,367,363,368,-1,368,363,365,-1,368,365,369,-1,369,365,370,-1,8,7,319,-1,319,7,371,-1,319,371,372,-1,373,374,375,-1,375,374,232,-1,375,232,376,-1,376,232,377,-1,378,379,380,-1,378,381,382,-1,378,383,384,-1,380,385,378,-1,378,385,386,-1,378,386,387,-1,387,386,377,-1,387,377,372,-1,372,377,232,-1,372,232,319,-1,319,232,316,-1,319,316,320,-1,388,389,390,-1,390,389,391,-1,390,391,392,-1,382,393,378,-1,378,393,394,-1,378,394,383,-1,384,395,378,-1,378,395,396,-1,378,396,397,-1,381,378,390,-1,390,378,398,-1,390,398,388,-1,397,399,378,-1,378,399,400,-1,378,400,379,-1,401,402,403,-1,404,405,5,-1,5,405,406,-1,373,407,374,-1,374,407,408,-1,374,408,401,-1,401,408,409,-1,401,409,402,-1,403,410,401,-1,401,410,411,-1,401,411,412,-1,412,413,401,-1,401,413,414,-1,401,414,5,-1,5,414,415,-1,5,415,404,-1,406,416,5,-1,5,416,417,-1,5,417,3,-1,418,419,420,-1,421,78,422,-1,420,419,422,-1,422,419,423,-1,422,423,421,-1,78,421,18,-1,18,421,424,-1,18,424,425,-1,425,424,426,-1,425,426,427,-1,427,428,429,-1,430,431,432,-1,432,431,433,-1,432,433,434,-1,435,436,420,-1,420,437,438,-1,433,418,401,-1,401,418,420,-1,401,420,439,-1,439,420,440,-1,441,442,443,-1,444,445,443,-1,443,445,446,-1,443,446,441,-1,436,447,420,-1,420,447,448,-1,420,448,437,-1,438,449,420,-1,420,449,450,-1,420,450,440,-1,440,450,451,-1,440,451,452,-1,453,454,374,-1,374,454,455,-1,374,455,456,-1,456,457,374,-1,374,457,458,-1,374,458,459,-1,460,461,443,-1,443,461,462,-1,443,462,444,-1,452,463,440,-1,440,463,464,-1,440,464,465,-1,465,464,466,-1,467,468,466,-1,466,468,469,-1,466,469,465,-1,439,470,401,-1,401,470,471,-1,401,471,374,-1,374,471,472,-1,374,472,453,-1,473,474,466,-1,466,474,475,-1,466,475,476,-1,476,477,466,-1,466,477,478,-1,466,478,467,-1,446,479,480,-1,480,479,481,-1,481,479,482,-1,481,482,483,-1,484,485,11,-1,222,11,229,-1,229,11,485,-1,229,485,221,-1,221,485,486,-1,221,486,219,-1,11,2,484,-1,484,2,487,-1,484,487,488,-1,1,489,2,-1,2,489,490,-1,2,490,487,-1,491,492,493,-1,289,288,10,-1,10,288,491,-1,10,491,11,-1,11,491,493,-1,11,493,2,-1,2,493,494,-1,2,494,495,-1,496,497,498,-1,498,497,499,-1,498,499,491,-1,491,499,500,-1,491,500,492,-1,495,501,2,-1,2,501,502,-1,2,502,0,-1,503,504,505,-1,503,505,212,-1,504,506,505,-1,505,506,507,-1,505,507,498,-1,498,507,508,-1,498,508,496,-1,509,510,511,-1,511,510,370,-1,511,370,512,-1,512,370,365,-1,512,365,513,-1,513,365,514,-1,513,514,509,-1,509,514,510,-1,174,176,180,-1,180,176,515,-1,180,515,516,-1,516,515,517,-1,516,517,357,-1,357,517,518,-1,357,518,358,-1,519,300,520,-1,520,300,168,-1,520,168,296,-1,296,168,161,-1,296,161,295,-1,295,161,180,-1,295,180,521,-1,521,180,516,-1,521,516,351,-1,351,516,357,-1,351,357,350,-1,350,357,359,-1,350,359,354,-1,212,505,199,-1,199,505,522,-1,199,522,166,-1,166,522,523,-1,166,523,164,-1,164,523,524,-1,164,524,176,-1,176,524,525,-1,176,525,515,-1,515,525,360,-1,515,360,517,-1,517,360,362,-1,517,362,518,-1,526,527,221,-1,221,527,303,-1,221,303,307,-1,307,303,304,-1,307,304,305,-1,305,304,313,-1,195,194,221,-1,221,194,528,-1,221,528,526,-1,527,529,303,-1,303,529,530,-1,303,530,531,-1,531,530,532,-1,531,532,533,-1,534,535,531,-1,531,535,536,-1,537,538,194,-1,194,538,539,-1,533,540,531,-1,531,540,541,-1,531,541,534,-1,539,542,194,-1,194,542,543,-1,194,543,528,-1,291,293,297,-1,297,293,531,-1,297,531,194,-1,194,531,536,-1,194,536,537,-1,446,480,441,-1,441,480,288,-1,441,288,226,-1,226,288,290,-1,226,290,224,-1,237,230,227,-1,227,230,232,-1,227,232,226,-1,226,232,374,-1,226,374,441,-1,441,374,459,-1,441,459,442,-1,349,544,351,-1,351,544,545,-1,351,545,521,-1,521,545,546,-1,521,546,295,-1,295,546,547,-1,295,547,293,-1,293,547,548,-1,293,548,531,-1,531,548,549,-1,531,549,303,-1,303,549,550,-1,303,550,301,-1,301,550,551,-1,301,551,319,-1,319,551,552,-1,319,552,8,-1,8,552,553,-1,8,553,6,-1,5,554,401,-1,401,554,425,-1,401,425,433,-1,433,425,427,-1,433,427,434,-1,434,427,429,-1,63,62,69,-1,69,62,555,-1,69,555,556,-1,556,555,557,-1,556,557,481,-1,481,557,558,-1,481,558,480,-1,480,558,559,-1,480,559,288,-1,288,559,560,-1,288,560,491,-1,491,560,561,-1,491,561,498,-1,498,561,562,-1,498,562,505,-1,505,562,563,-1,505,563,522,-1,522,563,564,-1,522,564,523,-1,523,564,565,-1,523,565,524,-1,524,565,514,-1,524,514,525,-1,525,514,365,-1,525,365,360,-1,360,365,366,-1,360,366,361,-1,67,69,78,-1,78,69,556,-1,78,556,422,-1,422,556,481,-1,422,481,420,-1,420,481,483,-1,420,483,435,-1,566,567,568,-1,568,567,554,-1,568,554,569,-1,569,554,14,-1,569,14,570,-1,570,14,18,-1,570,18,571,-1,571,18,425,-1,571,425,567,-1,567,425,554,-1,12,14,25,-1,25,14,554,-1,25,554,572,-1,572,554,5,-1,572,5,573,-1,573,5,4,-1,573,4,552,-1,552,4,574,-1,552,574,553,-1,325,328,60,-1,60,328,575,-1,60,575,62,-1,62,575,576,-1,62,576,555,-1,555,576,577,-1,555,577,557,-1,557,577,578,-1,557,578,558,-1,558,578,579,-1,558,579,559,-1,559,579,580,-1,559,580,560,-1,560,580,581,-1,560,581,561,-1,561,581,582,-1,561,582,562,-1,562,582,583,-1,562,583,563,-1,563,583,584,-1,563,584,564,-1,564,584,585,-1,564,585,565,-1,565,585,586,-1,565,586,514,-1,514,586,587,-1,514,587,510,-1,510,587,588,-1,510,588,585,-1,585,588,589,-1,585,589,586,-1,590,591,592,-1,592,591,593,-1,592,593,594,-1,594,593,595,-1,594,595,596,-1,596,595,597,-1,596,597,590,-1,590,597,591,-1,323,337,598,-1,598,337,599,-1,364,367,600,-1,600,367,601,-1,602,344,603,-1,603,344,349,-1,330,604,597,-1,605,606,369,-1,607,608,595,-1,595,608,609,-1,595,609,610,-1,610,609,611,-1,612,597,613,-1,613,597,614,-1,330,615,616,-1,617,618,619,-1,369,620,621,-1,619,618,622,-1,623,624,625,-1,625,624,626,-1,620,369,627,-1,627,369,330,-1,627,330,618,-1,621,628,369,-1,369,628,629,-1,369,629,630,-1,630,631,369,-1,369,631,632,-1,369,632,605,-1,605,632,633,-1,605,633,610,-1,610,633,634,-1,610,634,635,-1,636,637,595,-1,595,637,638,-1,595,638,597,-1,597,638,639,-1,597,639,614,-1,612,640,597,-1,597,640,641,-1,597,641,330,-1,330,641,642,-1,330,642,615,-1,635,643,610,-1,610,643,644,-1,610,644,645,-1,616,646,330,-1,330,646,647,-1,330,647,618,-1,618,647,648,-1,618,648,622,-1,623,649,624,-1,624,649,650,-1,624,650,651,-1,651,650,652,-1,651,652,619,-1,619,652,653,-1,619,653,617,-1,654,610,655,-1,655,610,645,-1,655,645,624,-1,624,645,656,-1,624,656,626,-1,654,657,610,-1,610,657,658,-1,610,658,595,-1,595,658,659,-1,595,659,636,-1,344,602,660,-1,344,660,346,-1,346,660,661,-1,346,661,345,-1,345,661,662,-1,345,662,343,-1,343,662,663,-1,343,663,347,-1,347,663,664,-1,347,664,338,-1,338,664,665,-1,338,665,340,-1,340,665,666,-1,340,666,336,-1,336,666,599,-1,336,599,337,-1,603,349,348,-1,603,348,667,-1,667,348,355,-1,667,355,668,-1,668,355,352,-1,668,352,669,-1,669,352,353,-1,669,353,670,-1,670,353,359,-1,670,359,671,-1,671,359,518,-1,671,518,672,-1,672,518,366,-1,672,366,673,-1,673,366,364,-1,673,364,600,-1,330,324,604,-1,604,324,674,-1,324,323,674,-1,674,323,598,-1,367,368,601,-1,601,368,675,-1,368,369,675,-1,675,369,606,-1,
        ]
    }
}
Shape{
    appearance Appearance {
        material  Material {
            diffuseColor 0.5019607843137255 0.5019607843137255 0.5019607843137255
            specularColor 0.25098039215686274 0.25098039215686274 0.25098039215686274
            ambientIntensity 0.502
            transparency 0.0
            shininess 0.5
        }
    }
    geometry IndexedFaceSet {
        ccw TRUE
        solid FALSE
        coord DEF co Coordinate {
            point [
                1.1378 -0.1178 0.5906, 1.2376 -0.1178 0.6037, 1.1988 -0.1178 0.7795, -1.3169 -0.1178 1.0551, -1.3129 -0.1178 1.0857, -1.472 -0.1178 1.1693, -1.3011 -0.1178 1.1142, -1.4106 -0.1178 1.2492, -1.2824 -0.1178 1.1386, -1.3307 -0.1178 1.3105, -1.2579 -0.1178 1.1574, -1.2377 -0.1178 1.3491, -1.1378 -0.1178 0.5906, -1.1988 -0.1178 0.7795, -1.2377 -0.1178 0.6037, -1.2294 -0.1178 0.7836, -1.3307 -0.1178 0.6422, -1.2579 -0.1178 0.7954, -1.4106 -0.1178 0.7036, -1.2824 -0.1178 0.8141, -1.472 -0.1178 0.7835, 1.3169 -0.1178 0.8976, 1.3129 -0.1178 0.8671, 1.4719 -0.1178 0.7835, 1.3011 -0.1178 0.8386, 1.4106 -0.1178 0.7036, 1.2823 -0.1178 0.8141, 1.3307 -0.1178 0.6422, 1.2579 -0.1178 0.7954, 1.2294 -0.1178 0.7836, -1.3011 -0.1178 0.8386, -1.3129 -0.1178 0.8671, -1.5105 -0.1178 0.8765, -1.3169 -0.1178 0.8976, -1.5236 -0.1178 0.9764, -1.5105 -0.1178 1.0762, -1.2294 -0.1178 1.1692, -1.1988 -0.1178 1.1732, -1.1378 -0.1178 1.3622, 1.4719 -0.1178 1.1693, 1.3129 -0.1178 1.0857, 1.5105 -0.1178 1.0762, 1.3169 -0.1178 1.0551, 1.5236 -0.1178 0.9764, 1.5105 -0.1178 0.8765, 1.1378 -0.1178 1.3622, 1.1988 -0.1178 1.1732, 1.2376 -0.1178 1.3491, 1.2294 -0.1178 1.1692, 1.3307 -0.1178 1.3105, 1.2579 -0.1178 1.1574, 1.4106 -0.1178 1.2492, 1.2823 -0.1178 1.1386, 1.3011 -0.1178 1.1142
            ]
        }
        coordIndex [
            0,1,2,-1,3,4,5,-1,5,4,6,-1,5,6,7,-1,7,6,8,-1,7,8,9,-1,9,8,10,-1,9,10,11,-1,0,2,12,-1,12,2,13,-1,12,13,14,-1,14,13,15,-1,14,15,16,-1,16,15,17,-1,16,17,18,-1,18,17,19,-1,18,19,20,-1,21,22,23,-1,23,22,24,-1,23,24,25,-1,25,24,26,-1,25,26,27,-1,27,26,28,-1,27,28,1,-1,1,28,29,-1,1,29,2,-1,19,30,20,-1,20,30,31,-1,20,31,32,-1,32,31,33,-1,32,33,34,-1,34,33,3,-1,34,3,35,-1,35,3,5,-1,10,36,11,-1,11,36,37,-1,11,37,38,-1,39,40,41,-1,41,40,42,-1,41,42,43,-1,43,42,21,-1,43,21,44,-1,44,21,23,-1,38,37,45,-1,45,37,46,-1,45,46,47,-1,47,46,48,-1,47,48,49,-1,49,48,50,-1,49,50,51,-1,51,50,52,-1,51,52,39,-1,39,52,53,-1,39,53,40,-1,
        ]
    }
}
Shape{
    appearance Appearance {
        material  Material {
            diffuseColor 0.2235294117647059 0.2235294117647059 0.2235294117647059
            specularColor 0.11372549019607843 0.11372549019607843 0.11372549019607843
            ambientIntensity 0.2235
            transparency 0.0
            shininess 0.5
        }
    }
    geometry IndexedFaceSet {
        ccw TRUE
        solid FALSE
        coord DEF co Coordinate {
            point [
                1.9685 -1.2595 1.2835, 1.9685 -1.6138 1.2835, 1.9685 -1.2595 0.2362, 1.9685 -1.6138 0.2362, -1.9685 -1.2595 0.2362, -1.9685 -1.6138 0.2362, -1.9685 -1.2595 1.2835, -1.9685 -1.6138 1.2835, -1.378 -1.6138 1.874, 1.3779 -1.6138 1.874, -1.378 -1.2595 1.874, 1.3779 -1.2595 1.874, 1.4931 -1.6138 1.8627, 1.4931 -1.2595 1.8627, 1.6039 -1.6138 1.8291, 1.6039 -1.2595 1.8291, 1.706 -1.6138 1.7745, 1.706 -1.2595 1.7745, 1.7955 -1.6138 1.701, 1.7955 -1.2595 1.701, 1.869 -1.6138 1.6116, 1.869 -1.2595 1.6116, 1.9235 -1.6138 1.5095, 1.9235 -1.2595 1.5095, 1.9571 -1.6138 1.3987, 1.9571 -1.2595 1.3987, -1.4932 -1.2595 1.8627, -1.4932 -1.6138 1.8627, -1.604 -1.2595 1.8291, -1.604 -1.6138 1.8291, -1.7061 -1.2595 1.7745, -1.7061 -1.6138 1.7745, -1.7956 -1.2595 1.701, -1.7956 -1.6138 1.701, -1.869 -1.2595 1.6116, -1.869 -1.6138 1.6116, -1.9236 -1.2595 1.5095, -1.9236 -1.6138 1.5095, -1.9572 -1.2595 1.3987, -1.9572 -1.6138 1.3987, 1.3564 -1.6138 0.5223, 1.2499 -1.6138 0.4851, 1.9488 -1.6138 0.0787, 1.1378 -1.6138 0.4724, -1.9488 -1.6138 0.0787, -1.1378 -1.6138 0.4724, -1.25 -1.6138 0.4851, -1.3565 -1.6138 0.5223, -1.452 -1.6138 0.5824, -1.9488 -1.6138 0.2362, -1.5318 -1.6138 0.6622, -1.5918 -1.6138 0.7577, -1.6291 -1.6138 0.8642, 1.5918 -1.6138 0.7577, 1.9488 -1.6138 0.2362, 1.5318 -1.6138 0.6622, 1.452 -1.6138 0.5824, -1.6418 -1.6138 0.9764, -1.6291 -1.6138 1.0885, -1.5918 -1.6138 1.195, -1.5318 -1.6138 1.2906, -1.452 -1.6138 1.3704, 1.2499 -1.6138 1.4677, 1.3564 -1.6138 1.4304, 1.5318 -1.6138 1.2906, 1.452 -1.6138 1.3704, 1.5918 -1.6138 1.195, 1.6291 -1.6138 1.0885, 1.6417 -1.6138 0.9764, 1.6291 -1.6138 0.8642, -1.3565 -1.6138 1.4304, -1.25 -1.6138 1.4677, -1.1378 -1.6138 1.4803, 1.1378 -1.6138 1.4803
            ]
        }
        coordIndex [
            0,1,2,-1,2,1,3,-1,4,5,6,-1,6,5,7,-1,8,9,10,-1,10,9,11,-1,11,9,12,-1,11,12,13,-1,13,12,14,-1,13,14,15,-1,15,14,16,-1,15,16,17,-1,17,16,18,-1,17,18,19,-1,19,18,20,-1,19,20,21,-1,21,20,22,-1,21,22,23,-1,23,22,24,-1,23,24,25,-1,25,24,1,-1,25,1,0,-1,8,10,26,-1,8,26,27,-1,27,26,28,-1,27,28,29,-1,29,28,30,-1,29,30,31,-1,31,30,32,-1,31,32,33,-1,33,32,34,-1,33,34,35,-1,35,34,36,-1,35,36,37,-1,37,36,38,-1,37,38,39,-1,39,38,6,-1,39,6,7,-1,40,41,42,-1,42,41,43,-1,42,43,44,-1,44,43,45,-1,44,45,46,-1,46,47,44,-1,44,47,48,-1,44,48,49,-1,49,48,50,-1,49,50,5,-1,50,51,5,-1,5,51,52,-1,5,52,7,-1,3,53,54,-1,54,53,55,-1,54,55,42,-1,42,55,56,-1,42,56,40,-1,52,57,7,-1,7,57,58,-1,7,58,39,-1,39,58,59,-1,39,59,37,-1,37,59,60,-1,37,60,35,-1,35,60,33,-1,33,60,61,-1,33,61,31,-1,9,62,12,-1,12,62,63,-1,64,18,65,-1,65,18,16,-1,65,16,63,-1,63,16,14,-1,63,14,12,-1,1,24,66,-1,66,24,22,-1,66,22,64,-1,64,22,20,-1,64,20,18,-1,66,67,1,-1,1,67,68,-1,1,68,3,-1,3,68,69,-1,3,69,53,-1,31,61,29,-1,29,61,70,-1,29,70,27,-1,27,70,71,-1,27,71,8,-1,8,71,72,-1,8,72,9,-1,9,72,73,-1,9,73,62,-1,
        ]
    }
}
Shape{
    appearance Appearance {
        material  Material {
            diffuseColor 1.0 1.0 1.0
            specularColor 0.5019607843137255 0.5019607843137255 0.5019607843137255
            ambientIntensity 1.0
            transparency 0.0
            shininess 0.5
        }
    }
    geometry IndexedFaceSet {
        ccw TRUE
        solid FALSE
        coord DEF co Coordinate {
            point [
                -1.1378 -1.6138 0.4724, -1.1378 -2.0469 0.4724, -1.25 -2.0469 0.4851, -1.25 -1.6138 0.4851, -1.3565 -2.0469 0.5223, -1.3565 -1.6138 0.5223, -1.452 -2.0469 0.5824, -1.452 -1.6138 0.5824, -1.5318 -2.0469 0.6622, -1.5318 -1.6138 0.6622, -1.5918 -2.0469 0.7577, -1.5918 -1.6138 0.7577, -1.6291 -2.0469 0.8642, -1.6291 -1.6138 0.8642, -1.6418 -2.0469 0.9764, -1.6418 -1.6138 0.9764, -1.6291 -2.0469 1.0885, -1.6291 -1.6138 1.0885, -1.5918 -2.0469 1.195, -1.5918 -1.6138 1.195, -1.5318 -2.0469 1.2906, -1.5318 -1.6138 1.2906, -1.452 -2.0469 1.3704, -1.452 -1.6138 1.3704, -1.3565 -2.0469 1.4304, -1.3565 -1.6138 1.4304, -1.25 -2.0469 1.4677, -1.25 -1.6138 1.4677, -1.1378 -2.0469 1.4803, -1.1378 -1.6138 1.4803, 1.1378 -2.0469 1.4803, 1.1378 -1.6138 1.4803, 1.2499 -2.0469 1.4677, 1.2499 -1.6138 1.4677, 1.3564 -2.0469 1.4304, 1.3564 -1.6138 1.4304, 1.452 -2.0469 1.3704, 1.452 -1.6138 1.3704, 1.5318 -2.0469 1.2906, 1.5318 -1.6138 1.2906, 1.5918 -2.0469 1.195, 1.5918 -1.6138 1.195, 1.6291 -2.0469 1.0885, 1.6291 -1.6138 1.0885, 1.6417 -2.0469 0.9764, 1.6417 -1.6138 0.9764, 1.6291 -2.0469 0.8642, 1.6291 -1.6138 0.8642, 1.5918 -2.0469 0.7577, 1.5918 -1.6138 0.7577, 1.5318 -2.0469 0.6622, 1.5318 -1.6138 0.6622, 1.452 -2.0469 0.5824, 1.452 -1.6138 0.5824, 1.3564 -2.0469 0.5223, 1.3564 -1.6138 0.5223, 1.2499 -2.0469 0.4851, 1.2499 -1.6138 0.4851, 1.1378 -2.0469 0.4724, 1.1378 -1.6138 0.4724, -1.5599 -2.0863 0.9251, -1.5907 -2.0863 0.873, -1.5354 -2.0863 0.8256, -1.5564 -2.0863 0.7748, -1.4877 -2.0863 0.7348, -1.501 -2.0863 0.6867, -1.4198 -2.0863 0.6581, -1.4275 -2.0863 0.6132, -1.3354 -2.0863 0.5999, -1.3394 -2.0863 0.5578, -1.2396 -2.0863 0.5635, -1.2412 -2.0863 0.5235, -1.1378 -2.0863 0.5512, -1.1378 -2.0863 0.5118, 1.1378 -2.0863 0.5512, 1.1378 -2.0863 0.5118, 1.2395 -2.0863 0.5635, 1.2412 -2.0863 0.5235, 1.3354 -2.0863 0.5999, 1.3393 -2.0863 0.5578, 1.4197 -2.0863 0.6581, 1.4274 -2.0863 0.6132, 1.4877 -2.0863 0.7348, 1.501 -2.0863 0.6867, 1.5353 -2.0863 0.8256, 1.5563 -2.0863 0.7748, 1.5599 -2.0863 0.9251, 1.5907 -2.0863 0.873, 1.5599 -2.0863 1.0276, 1.6023 -2.0863 0.9764, 1.5907 -2.0863 1.0798, 1.5353 -2.0863 1.1272, 1.5563 -2.0863 1.1779, 1.4877 -2.0863 1.2179, 1.501 -2.0863 1.266, 1.4197 -2.0863 1.2946, 1.4274 -2.0863 1.3396, 1.3354 -2.0863 1.3529, 1.3393 -2.0863 1.3949, 1.2395 -2.0863 1.3892, 1.2412 -2.0863 1.4293, 1.1378 -2.0863 1.4016, 1.1378 -2.0863 1.4409, -1.1378 -2.0863 1.4016, -1.1378 -2.0863 1.4409, -1.2396 -2.0863 1.3892, -1.2412 -2.0863 1.4293, -1.3354 -2.0863 1.3529, -1.3394 -2.0863 1.3949, -1.4198 -2.0863 1.2946, -1.4275 -2.0863 1.3396, -1.4877 -2.0863 1.2179, -1.501 -2.0863 1.266, -1.5354 -2.0863 1.1272, -1.5564 -2.0863 1.1779, -1.5599 -2.0863 1.0276, -1.5907 -2.0863 1.0798, -1.6024 -2.0863 0.9764, -1.1378 -2.0469 1.3622, -1.2301 -2.0469 1.351, -1.1378 -0.1178 1.3622, -1.2377 -0.1178 1.3491, -1.2374 -2.0469 1.3483, -1.3171 -2.0469 1.318, -1.3307 -0.1178 1.3105, -1.3298 -2.0469 1.3092, -1.3937 -2.0469 1.2652, -1.4106 -0.1178 1.2492, -1.4091 -2.0469 1.2478, -1.4553 -2.0469 1.1956, -1.472 -0.1178 1.1693, -1.4697 -2.0469 1.1681, -1.4986 -2.0469 1.1132, -1.5105 -0.1178 1.0762, -1.5078 -2.0469 1.0756, -1.5208 -2.0469 1.0229, -1.5236 -0.1178 0.9764, -1.5208 -2.0469 0.9764, -1.5208 -2.0469 0.9299, -1.5105 -0.1178 0.8765, -1.5078 -2.0469 0.8772, -1.4986 -2.0469 0.8396, -1.472 -0.1178 0.7835, -1.4697 -2.0469 0.7846, -1.4553 -2.0469 0.7572, -1.4106 -0.1178 0.7036, -1.4091 -2.0469 0.705, -1.3937 -2.0469 0.6876, -1.3307 -0.1178 0.6422, -1.3298 -2.0469 0.6435, -1.3171 -2.0469 0.6347, -1.2377 -0.1178 0.6037, -1.2374 -2.0469 0.6045, -1.1378 -0.1178 0.5906, -1.2301 -2.0469 0.6018, -1.1378 -2.0469 0.5906, 1.1378 -2.0469 1.3622, 1.1378 -0.1178 1.3622, 1.1378 -2.0469 0.5906, 1.2301 -2.0469 0.6018, 1.1378 -0.1178 0.5906, 1.2376 -0.1178 0.6037, 1.2373 -2.0469 0.6045, 1.3171 -2.0469 0.6347, 1.3307 -0.1178 0.6422, 1.3298 -2.0469 0.6435, 1.3936 -2.0469 0.6876, 1.4106 -0.1178 0.7036, 1.409 -2.0469 0.705, 1.4553 -2.0469 0.7572, 1.4719 -0.1178 0.7835, 1.4697 -2.0469 0.7846, 1.4985 -2.0469 0.8396, 1.5105 -0.1178 0.8765, 1.5078 -2.0469 0.8772, 1.5208 -2.0469 0.9299, 1.5236 -0.1178 0.9764, 1.5208 -2.0469 0.9764, 1.5208 -2.0469 1.0229, 1.5105 -0.1178 1.0762, 1.5078 -2.0469 1.0756, 1.4985 -2.0469 1.1132, 1.4719 -0.1178 1.1693, 1.4697 -2.0469 1.1681, 1.4553 -2.0469 1.1956, 1.4106 -0.1178 1.2492, 1.409 -2.0469 1.2478, 1.3936 -2.0469 1.2652, 1.3307 -0.1178 1.3105, 1.3298 -2.0469 1.3092, 1.3171 -2.0469 1.318, 1.2376 -0.1178 1.3491, 1.2373 -2.0469 1.3483, 1.2301 -2.0469 1.351
            ]
        }
        coordIndex [
            0,1,2,-1,0,2,3,-1,3,2,4,-1,3,4,5,-1,5,4,6,-1,5,6,7,-1,7,6,8,-1,7,8,9,-1,9,8,10,-1,9,10,11,-1,11,10,12,-1,11,12,13,-1,13,12,14,-1,13,14,15,-1,15,14,16,-1,15,16,17,-1,17,16,18,-1,17,18,19,-1,19,18,20,-1,19,20,21,-1,21,20,22,-1,21,22,23,-1,23,22,24,-1,23,24,25,-1,25,24,26,-1,25,26,27,-1,27,26,28,-1,27,28,29,-1,30,31,28,-1,28,31,29,-1,31,30,32,-1,31,32,33,-1,33,32,34,-1,33,34,35,-1,35,34,36,-1,35,36,37,-1,37,36,38,-1,37,38,39,-1,39,38,40,-1,39,40,41,-1,41,40,42,-1,41,42,43,-1,43,42,44,-1,43,44,45,-1,45,44,46,-1,45,46,47,-1,47,46,48,-1,47,48,49,-1,49,48,50,-1,49,50,51,-1,51,50,52,-1,51,52,53,-1,53,52,54,-1,53,54,55,-1,55,54,56,-1,55,56,57,-1,57,56,58,-1,57,58,59,-1,1,0,58,-1,58,0,59,-1,60,61,62,-1,62,61,63,-1,62,63,64,-1,64,63,65,-1,64,65,66,-1,66,65,67,-1,66,67,68,-1,68,67,69,-1,68,69,70,-1,70,69,71,-1,70,71,72,-1,72,71,73,-1,72,73,74,-1,74,73,75,-1,74,75,76,-1,76,75,77,-1,76,77,78,-1,78,77,79,-1,78,79,80,-1,80,79,81,-1,80,81,82,-1,82,81,83,-1,82,83,84,-1,84,83,85,-1,84,85,86,-1,86,85,87,-1,86,87,88,-1,87,89,88,-1,88,89,90,-1,88,90,91,-1,91,90,92,-1,91,92,93,-1,93,92,94,-1,93,94,95,-1,95,94,96,-1,95,96,97,-1,97,96,98,-1,97,98,99,-1,99,98,100,-1,99,100,101,-1,101,100,102,-1,101,102,103,-1,103,102,104,-1,103,104,105,-1,105,104,106,-1,105,106,107,-1,107,106,108,-1,107,108,109,-1,109,108,110,-1,109,110,111,-1,111,110,112,-1,111,112,113,-1,113,112,114,-1,113,114,115,-1,115,114,116,-1,115,116,60,-1,60,116,117,-1,60,117,61,-1,118,119,120,-1,120,119,121,-1,119,122,121,-1,121,122,123,-1,121,123,124,-1,123,125,124,-1,124,125,126,-1,124,126,127,-1,126,128,127,-1,127,128,129,-1,127,129,130,-1,129,131,130,-1,130,131,132,-1,130,132,133,-1,132,134,133,-1,133,134,135,-1,133,135,136,-1,135,137,136,-1,136,137,138,-1,136,138,139,-1,138,140,139,-1,139,140,141,-1,139,141,142,-1,141,143,142,-1,142,143,144,-1,142,144,145,-1,144,146,145,-1,145,146,147,-1,145,147,148,-1,147,149,148,-1,148,149,150,-1,148,150,151,-1,151,150,152,-1,151,152,153,-1,153,152,154,-1,153,154,155,-1,118,120,156,-1,156,120,157,-1,158,159,160,-1,160,159,161,-1,159,162,161,-1,161,162,163,-1,161,163,164,-1,163,165,164,-1,164,165,166,-1,164,166,167,-1,166,168,167,-1,167,168,169,-1,167,169,170,-1,169,171,170,-1,170,171,172,-1,170,172,173,-1,172,174,173,-1,173,174,175,-1,173,175,176,-1,175,177,176,-1,176,177,178,-1,176,178,179,-1,178,180,179,-1,179,180,181,-1,179,181,182,-1,181,183,182,-1,182,183,184,-1,182,184,185,-1,184,186,185,-1,185,186,187,-1,185,187,188,-1,187,189,188,-1,188,189,190,-1,188,190,191,-1,191,190,192,-1,191,192,157,-1,157,192,193,-1,157,193,156,-1,158,160,155,-1,155,160,153,-1,
        ]
    }
}
Shape{
    appearance Appearance {
        material  Material {
            diffuseColor 0.2235294117647059 0.2235294117647059 0.2235294117647059
            specularColor 0.11372549019607843 0.11372549019607843 0.11372549019607843
            ambientIntensity 0.2235
            transparency 0.0
            shininess 0.5
        }
    }
    geometry IndexedFaceSet {
        ccw TRUE
        solid FALSE
        coord DEF co Coordinate {
            point [
                1.1988 -1.6532 0.7795, 1.1988 -0.1178 0.7795, 1.2294 -0.1178 0.7836, 1.2294 -1.6532 0.7836, 1.2579 -0.1178 0.7954, 1.2579 -1.6532 0.7954, 1.2823 -0.1178 0.8141, 1.2823 -1.6532 0.8141, 1.3011 -0.1178 0.8386, 1.3011 -1.6532 0.8386, 1.3129 -0.1178 0.8671, 1.3129 -1.6532 0.8671, 1.3169 -0.1178 0.8976, 1.3169 -1.6532 0.8976, 1.3169 -1.6532 1.0551, 1.3169 -0.1178 1.0551, 1.3129 -0.1178 1.0857, 1.3129 -1.6532 1.0857, 1.3011 -0.1178 1.1142, 1.3011 -1.6532 1.1142, 1.2823 -0.1178 1.1386, 1.2823 -1.6532 1.1386, 1.2579 -0.1178 1.1574, 1.2579 -1.6532 1.1574, 1.2294 -0.1178 1.1692, 1.2294 -1.6532 1.1692, 1.1988 -0.1178 1.1732, 1.1988 -1.6532 1.1732, -1.1988 -1.6532 1.1732, -1.1988 -0.1178 1.1732, -1.2294 -0.1178 1.1692, -1.2294 -1.6532 1.1692, -1.2579 -0.1178 1.1574, -1.2579 -1.6532 1.1574, -1.2824 -0.1178 1.1386, -1.2824 -1.6532 1.1386, -1.3011 -0.1178 1.1142, -1.3011 -1.6532 1.1142, -1.3129 -0.1178 1.0857, -1.3129 -1.6532 1.0857, -1.3169 -0.1178 1.0551, -1.3169 -1.6532 1.0551, -1.3169 -1.6532 0.8976, -1.3169 -0.1178 0.8976, -1.3129 -0.1178 0.8671, -1.3129 -1.6532 0.8671, -1.3011 -0.1178 0.8386, -1.3011 -1.6532 0.8386, -1.2824 -0.1178 0.8141, -1.2824 -1.6532 0.8141, -1.2579 -0.1178 0.7954, -1.2579 -1.6532 0.7954, -1.2294 -0.1178 0.7836, -1.2294 -1.6532 0.7836, -1.1988 -0.1178 0.7795, -1.1988 -1.6532 0.7795, -1.2382 -1.6926 0.8294, -1.2192 -1.6926 0.8216, -1.2545 -1.6926 0.842, -1.1988 -1.6926 0.8189, -1.267 -1.6926 0.8583, 1.1988 -1.6926 0.8189, 1.2775 -1.6926 0.8976, 1.2382 -1.6926 1.1233, 1.2775 -1.6926 1.0551, 1.2545 -1.6926 1.1108, 1.2749 -1.6926 1.0755, 1.267 -1.6926 1.0945, -1.267 -1.6926 1.0945, -1.1988 -1.6926 1.1339, -1.2545 -1.6926 1.1108, -1.2192 -1.6926 1.1312, -1.2382 -1.6926 1.1233, -1.2776 -1.6926 1.0551, -1.2776 -1.6926 0.8976, -1.2749 -1.6926 0.8773, 1.2382 -1.6926 0.8294, 1.2545 -1.6926 0.842, 1.267 -1.6926 0.8583, 1.2192 -1.6926 1.1312, 1.1988 -1.6926 1.1339, -1.2749 -1.6926 1.0755, 1.2192 -1.6926 0.8216, 1.2749 -1.6926 0.8773
            ]
        }
        coordIndex [
            0,1,2,-1,0,2,3,-1,3,2,4,-1,3,4,5,-1,5,4,6,-1,5,6,7,-1,7,6,8,-1,7,8,9,-1,9,8,10,-1,9,10,11,-1,11,10,12,-1,11,12,13,-1,13,12,14,-1,14,12,15,-1,14,15,16,-1,14,16,17,-1,17,16,18,-1,17,18,19,-1,19,18,20,-1,19,20,21,-1,21,20,22,-1,21,22,23,-1,23,22,24,-1,23,24,25,-1,25,24,26,-1,25,26,27,-1,27,26,28,-1,28,26,29,-1,28,29,30,-1,28,30,31,-1,31,30,32,-1,31,32,33,-1,33,32,34,-1,33,34,35,-1,35,34,36,-1,35,36,37,-1,37,36,38,-1,37,38,39,-1,39,38,40,-1,39,40,41,-1,41,40,42,-1,42,40,43,-1,42,43,44,-1,42,44,45,-1,45,44,46,-1,45,46,47,-1,47,46,48,-1,47,48,49,-1,49,48,50,-1,49,50,51,-1,51,50,52,-1,51,52,53,-1,53,52,54,-1,53,54,55,-1,55,54,0,-1,0,54,1,-1,56,57,58,-1,58,57,59,-1,58,59,60,-1,59,61,62,-1,63,64,65,-1,65,64,66,-1,65,66,67,-1,68,69,70,-1,70,69,71,-1,70,71,72,-1,64,73,62,-1,62,73,74,-1,62,74,59,-1,59,74,75,-1,59,75,60,-1,76,77,78,-1,63,79,64,-1,64,79,80,-1,64,80,73,-1,73,80,69,-1,73,69,81,-1,81,69,68,-1,61,82,62,-1,62,82,76,-1,62,76,83,-1,83,76,78,-1,28,69,27,-1,27,69,80,-1,69,28,31,-1,69,31,71,-1,71,31,33,-1,71,33,72,-1,72,33,35,-1,72,35,70,-1,70,35,37,-1,70,37,68,-1,68,37,39,-1,68,39,81,-1,81,39,41,-1,81,41,73,-1,64,14,17,-1,64,17,66,-1,66,17,19,-1,66,19,67,-1,67,19,21,-1,67,21,65,-1,65,21,23,-1,65,23,63,-1,63,23,25,-1,63,25,79,-1,79,25,27,-1,79,27,80,-1,42,74,41,-1,41,74,73,-1,62,13,64,-1,64,13,14,-1,74,42,45,-1,74,45,75,-1,75,45,47,-1,75,47,60,-1,60,47,49,-1,60,49,58,-1,58,49,51,-1,58,51,56,-1,56,51,53,-1,56,53,57,-1,57,53,55,-1,57,55,59,-1,61,0,3,-1,61,3,82,-1,82,3,5,-1,82,5,76,-1,76,5,7,-1,76,7,77,-1,77,7,9,-1,77,9,78,-1,78,9,11,-1,78,11,83,-1,83,11,13,-1,83,13,62,-1,0,61,55,-1,55,61,59,-1,
        ]
    }
}
Shape{
    appearance Appearance {
        material  Material {
            diffuseColor 1.0 1.0 1.0
            specularColor 0.5019607843137255 0.5019607843137255 0.5019607843137255
            ambientIntensity 1.0
            transparency 0.0
            shininess 0.5
        }
    }
    geometry IndexedFaceSet {
        ccw TRUE
        solid FALSE
        coord DEF co Coordinate {
            point [
                1.1378 -2.0469 0.4724, 1.1378 -2.0863 0.5118, -1.1378 -2.0469 0.4724, -1.1378 -2.0863 0.5118, 1.2499 -2.0469 0.4851, 1.2412 -2.0863 0.5235, 1.3564 -2.0469 0.5223, 1.3393 -2.0863 0.5578, 1.452 -2.0469 0.5824, 1.4274 -2.0863 0.6132, 1.5318 -2.0469 0.6622, 1.501 -2.0863 0.6867, 1.5918 -2.0469 0.7577, 1.5563 -2.0863 0.7748, 1.6291 -2.0469 0.8642, 1.5907 -2.0863 0.873, 1.6417 -2.0469 0.9764, 1.6023 -2.0863 0.9764, 1.6291 -2.0469 1.0885, 1.5907 -2.0863 1.0798, 1.5918 -2.0469 1.195, 1.5563 -2.0863 1.1779, 1.5318 -2.0469 1.2906, 1.501 -2.0863 1.266, 1.452 -2.0469 1.3704, 1.4274 -2.0863 1.3396, 1.3564 -2.0469 1.4304, 1.3393 -2.0863 1.3949, 1.2499 -2.0469 1.4677, 1.2412 -2.0863 1.4293, 1.1378 -2.0469 1.4803, 1.1378 -2.0863 1.4409, -1.1378 -2.0863 1.4409, -1.1378 -2.0469 1.4803, -1.25 -2.0469 1.4677, -1.2412 -2.0863 1.4293, -1.3565 -2.0469 1.4304, -1.3394 -2.0863 1.3949, -1.452 -2.0469 1.3704, -1.4275 -2.0863 1.3396, -1.5318 -2.0469 1.2906, -1.501 -2.0863 1.266, -1.5918 -2.0469 1.195, -1.5564 -2.0863 1.1779, -1.6291 -2.0469 1.0885, -1.5907 -2.0863 1.0798, -1.6418 -2.0469 0.9764, -1.6024 -2.0863 0.9764, -1.6291 -2.0469 0.8642, -1.5907 -2.0863 0.873, -1.5918 -2.0469 0.7577, -1.5564 -2.0863 0.7748, -1.5318 -2.0469 0.6622, -1.501 -2.0863 0.6867, -1.452 -2.0469 0.5824, -1.4275 -2.0863 0.6132, -1.3565 -2.0469 0.5223, -1.3394 -2.0863 0.5578, -1.25 -2.0469 0.4851, -1.2412 -2.0863 0.5235, -1.2396 -2.0863 0.5635, -1.1378 -2.0863 0.5512, -1.1378 -2.0469 0.5906, -1.2301 -2.0469 0.6018, -1.2374 -2.0469 0.6045, -1.3354 -2.0863 0.5999, -1.3171 -2.0469 0.6347, -1.3298 -2.0469 0.6435, -1.4198 -2.0863 0.6581, -1.3937 -2.0469 0.6876, -1.4091 -2.0469 0.705, -1.4877 -2.0863 0.7348, -1.4553 -2.0469 0.7572, -1.4697 -2.0469 0.7846, -1.5354 -2.0863 0.8256, -1.4986 -2.0469 0.8396, -1.5078 -2.0469 0.8772, -1.5599 -2.0863 0.9251, -1.5208 -2.0469 0.9299, -1.5208 -2.0469 0.9764, -1.5599 -2.0863 1.0276, -1.5208 -2.0469 1.0229, -1.5354 -2.0863 1.1272, -1.5078 -2.0469 1.0756, -1.4986 -2.0469 1.1132, -1.4877 -2.0863 1.2179, -1.4697 -2.0469 1.1681, -1.4553 -2.0469 1.1956, -1.4091 -2.0469 1.2478, -1.4198 -2.0863 1.2946, -1.3937 -2.0469 1.2652, -1.3298 -2.0469 1.3092, -1.3354 -2.0863 1.3529, -1.1378 -2.0469 1.3622, -1.1378 -2.0863 1.4016, -1.2301 -2.0469 1.351, -1.2396 -2.0863 1.3892, -1.2374 -2.0469 1.3483, -1.3171 -2.0469 1.318, 1.1378 -2.0863 0.5512, 1.1378 -2.0469 0.5906, 1.1378 -2.0469 1.3622, 1.1378 -2.0863 1.4016, 1.2395 -2.0863 1.3892, 1.2301 -2.0469 1.351, 1.2373 -2.0469 1.3483, 1.3354 -2.0863 1.3529, 1.3171 -2.0469 1.318, 1.3298 -2.0469 1.3092, 1.4197 -2.0863 1.2946, 1.3936 -2.0469 1.2652, 1.409 -2.0469 1.2478, 1.4877 -2.0863 1.2179, 1.4553 -2.0469 1.1956, 1.4697 -2.0469 1.1681, 1.5353 -2.0863 1.1272, 1.4985 -2.0469 1.1132, 1.5078 -2.0469 1.0756, 1.5599 -2.0863 1.0276, 1.5208 -2.0469 1.0229, 1.5599 -2.0863 0.9251, 1.5208 -2.0469 0.9764, 1.5208 -2.0469 0.9299, 1.5353 -2.0863 0.8256, 1.5078 -2.0469 0.8772, 1.4985 -2.0469 0.8396, 1.4877 -2.0863 0.7348, 1.4697 -2.0469 0.7846, 1.4553 -2.0469 0.7572, 1.409 -2.0469 0.705, 1.4197 -2.0863 0.6581, 1.3936 -2.0469 0.6876, 1.3298 -2.0469 0.6435, 1.3354 -2.0863 0.5999, 1.2301 -2.0469 0.6018, 1.2395 -2.0863 0.5635, 1.2373 -2.0469 0.6045, 1.3171 -2.0469 0.6347
            ]
        }
        coordIndex [
            0,1,2,-1,2,1,3,-1,1,0,4,-1,1,4,5,-1,5,4,6,-1,5,6,7,-1,7,6,8,-1,7,8,9,-1,9,8,10,-1,9,10,11,-1,11,10,12,-1,11,12,13,-1,13,12,14,-1,13,14,15,-1,15,14,16,-1,15,16,17,-1,17,16,18,-1,17,18,19,-1,19,18,20,-1,19,20,21,-1,21,20,22,-1,21,22,23,-1,23,22,24,-1,23,24,25,-1,25,24,26,-1,25,26,27,-1,27,26,28,-1,27,28,29,-1,29,28,30,-1,29,30,31,-1,32,33,34,-1,32,34,35,-1,35,34,36,-1,35,36,37,-1,37,36,38,-1,37,38,39,-1,39,38,40,-1,39,40,41,-1,41,40,42,-1,41,42,43,-1,43,42,44,-1,43,44,45,-1,45,44,46,-1,45,46,47,-1,47,46,48,-1,47,48,49,-1,49,48,50,-1,49,50,51,-1,51,50,52,-1,51,52,53,-1,53,52,54,-1,53,54,55,-1,55,54,56,-1,55,56,57,-1,57,56,58,-1,57,58,59,-1,59,58,2,-1,59,2,3,-1,33,32,30,-1,30,32,31,-1,60,61,62,-1,62,63,60,-1,60,63,64,-1,60,64,65,-1,64,66,65,-1,65,66,67,-1,65,67,68,-1,67,69,68,-1,68,69,70,-1,68,70,71,-1,70,72,71,-1,71,72,73,-1,71,73,74,-1,73,75,74,-1,74,75,76,-1,74,76,77,-1,76,78,77,-1,77,78,79,-1,77,79,80,-1,80,79,81,-1,80,81,82,-1,81,83,82,-1,82,83,84,-1,82,84,85,-1,85,84,86,-1,86,87,85,-1,85,87,88,-1,85,88,89,-1,88,90,89,-1,89,90,91,-1,89,91,92,-1,93,94,95,-1,95,94,96,-1,95,96,97,-1,97,96,92,-1,97,92,98,-1,98,92,91,-1,99,100,61,-1,61,100,62,-1,101,102,93,-1,93,102,94,-1,103,102,101,-1,101,104,103,-1,103,104,105,-1,103,105,106,-1,105,107,106,-1,106,107,108,-1,106,108,109,-1,108,110,109,-1,109,110,111,-1,109,111,112,-1,111,113,112,-1,112,113,114,-1,112,114,115,-1,114,116,115,-1,115,116,117,-1,115,117,118,-1,118,117,119,-1,118,119,120,-1,119,121,120,-1,120,121,122,-1,120,122,123,-1,122,124,123,-1,123,124,125,-1,123,125,126,-1,126,125,127,-1,127,128,126,-1,126,128,129,-1,126,129,130,-1,129,131,130,-1,130,131,132,-1,130,132,133,-1,100,99,134,-1,134,99,135,-1,134,135,136,-1,136,135,133,-1,136,133,137,-1,137,133,132,-1,
        ]
    }
}
Shape{
    appearance Appearance {
        material  Material {
            diffuseColor 0.2235294117647059 0.2235294117647059 0.2235294117647059
            specularColor 0.11372549019607843 0.11372549019607843 0.11372549019607843
            ambientIntensity 0.2235
            transparency 0.0
            shininess 0.5
        }
    }
    geometry IndexedFaceSet {
        ccw TRUE
        solid FALSE
        coord DEF co Coordinate {
            point [
                1.9488 -1.2595 0.2362, 1.9488 -1.6138 0.2362, 1.9488 -1.2595 0.0787, 1.9488 -1.6138 0.0787, 1.9685 -1.2595 0.2362, 1.9685 -1.6138 0.2362, -1.9488 -1.2595 0.2362, -1.9488 -1.6138 0.2362, -1.9685 -1.2595 0.2362, -1.9685 -1.6138 0.2362, -1.9488 -1.2595 0.0787, -1.9488 -1.6138 0.0787, 1.8897 0.3941 1.2835, 1.8897 0.3941 0.0787, 1.9488 0.3941 0.2362, 1.9488 0.3941 0.0787, -1.9488 0.3941 0.0787, -1.8898 0.3941 0.0787, -1.9488 0.3941 0.2362, -1.8898 0.3941 1.2835, -1.9685 0.3941 0.2362, -1.9685 0.3941 1.2835, -1.9572 0.3941 1.3987, -1.877 0.3941 1.3974, -1.9236 0.3941 1.5095, -1.8391 0.3941 1.5055, -1.869 0.3941 1.6116, -1.7781 0.3941 1.6026, 1.697 0.3941 1.6836, 1.706 0.3941 1.7745, 1.6 0.3941 1.7446, 1.6039 0.3941 1.8291, 1.4918 0.3941 1.7824, 1.4931 0.3941 1.8627, 1.3779 0.3941 1.7953, 1.3779 0.3941 1.874, -1.378 0.3941 1.7953, -1.378 0.3941 1.874, -1.4919 0.3941 1.7824, -1.4932 0.3941 1.8627, -1.6 0.3941 1.7446, -1.604 0.3941 1.8291, -1.6971 0.3941 1.6836, -1.7061 0.3941 1.7745, -1.7956 0.3941 1.701, 1.9685 0.3941 0.2362, 1.9685 0.3941 1.2835, 1.8769 0.3941 1.3974, 1.9571 0.3941 1.3987, 1.8391 0.3941 1.5055, 1.9235 0.3941 1.5095, 1.7781 0.3941 1.6026, 1.869 0.3941 1.6116, 1.7955 0.3941 1.701, -1.8898 -1.2595 1.2835, -1.8898 -1.2595 0.0787, 1.8897 -1.2595 0.0787, 1.8897 -1.2595 1.2835, 1.697 -1.2595 1.6836, 1.7955 -1.2595 1.701, 1.7781 -1.2595 1.6026, 1.869 -1.2595 1.6116, 1.8391 -1.2595 1.5055, 1.9235 -1.2595 1.5095, 1.8769 -1.2595 1.3974, 1.9571 -1.2595 1.3987, 1.9685 -1.2595 1.2835, -1.9685 -1.2595 1.2835, -1.877 -1.2595 1.3974, -1.9572 -1.2595 1.3987, -1.8391 -1.2595 1.5055, -1.9236 -1.2595 1.5095, -1.7781 -1.2595 1.6026, -1.869 -1.2595 1.6116, -1.6971 -1.2595 1.6836, -1.7956 -1.2595 1.701, -1.7061 -1.2595 1.7745, -1.6 -1.2595 1.7446, -1.604 -1.2595 1.8291, -1.4919 -1.2595 1.7824, -1.4932 -1.2595 1.8627, -1.378 -1.2595 1.7953, -1.378 -1.2595 1.874, 1.3779 -1.2595 1.7953, 1.3779 -1.2595 1.874, 1.4918 -1.2595 1.7824, 1.4931 -1.2595 1.8627, 1.6 -1.2595 1.7446, 1.6039 -1.2595 1.8291, 1.706 -1.2595 1.7745, -1.8898 -0.2359 0.5317, -1.8898 -0.6296 0.5317, -1.8898 -0.6296 0.8073, -1.8898 -0.2359 0.8073, 1.9685 -0.2359 0.5317, 1.9685 -0.6296 0.5317, 1.8897 -0.2359 0.5317, 1.8897 -0.6296 0.5317, 1.9685 -0.2359 0.584, 1.8897 -0.2359 0.8073, 1.9291 -0.2359 0.8073, 1.9291 -0.6296 0.8073, 1.8897 -0.6296 0.8073, 1.9685 -0.6296 0.584, -1.9685 -0.6296 0.5317, -1.9685 -0.2359 0.5317, -1.9685 -0.6296 0.584, -1.9292 -0.6296 0.8073, -1.9292 -0.2359 0.8073, -1.9685 -0.2359 0.584, 1.4744 0.1578 0.0787, 1.469 0.1986 -0.0787, 1.469 0.1986 0.0787, 1.4533 0.2366 -0.0787, 1.4533 0.2366 0.0787, 1.4283 0.2692 -0.0787, 1.4283 0.2692 0.0787, 1.3956 0.2942 -0.0787, 1.3956 0.2942 0.0787, 1.3577 0.3099 -0.0787, 1.3577 0.3099 0.0787, 1.3169 0.3153 -0.0787, 1.3169 0.3153 0.0787, 1.2762 0.3099 -0.0787, 1.2762 0.3099 0.0787, 1.2382 0.2942 -0.0787, 1.2382 0.2942 0.0787, 1.2056 0.2692 -0.0787, 1.2056 0.2692 0.0787, 1.1805 0.2366 -0.0787, 1.1805 0.2366 0.0787, 1.1648 0.1986 -0.0787, 1.1648 0.1986 0.0787, 1.1594 0.1578 -0.0787, 1.1594 0.1578 0.0787, 1.1648 0.1171 -0.0787, 1.1648 0.1171 0.0787, 1.1805 0.0791 -0.0787, 1.1805 0.0791 0.0787, 1.2056 0.0465 -0.0787, 1.2056 0.0465 0.0787, 1.2382 0.0215 -0.0787, 1.2382 0.0215 0.0787, 1.2762 0.0057 -0.0787, 1.2762 0.0057 0.0787, 1.3169 0.0004 -0.0787, 1.3169 0.0004 0.0787, 1.3577 0.0057 -0.0787, 1.3577 0.0057 0.0787, 1.3956 0.0215 -0.0787, 1.3956 0.0215 0.0787, 1.4283 0.0465 -0.0787, 1.4283 0.0465 0.0787, 1.4533 0.0791 -0.0787, 1.4533 0.0791 0.0787, 1.469 0.1171 -0.0787, 1.469 0.1171 0.0787, 1.4744 0.1578 -0.0787, 1.2487 0.1185 -0.1575, 1.2409 0.1375 -0.1575, 1.3169 0.1578 -0.1575, 1.2382 0.1578 -0.1575, 1.2409 0.1782 -0.1575, 1.2965 0.0818 -0.1575, 1.2775 0.0896 -0.1575, 1.2612 0.1022 -0.1575, 1.3563 0.0896 -0.1575, 1.3373 0.0818 -0.1575, 1.3169 0.0791 -0.1575, 1.393 0.1375 -0.1575, 1.3851 0.1185 -0.1575, 1.3726 0.1022 -0.1575, 1.3851 0.1972 -0.1575, 1.393 0.1782 -0.1575, 1.3956 0.1578 -0.1575, 1.3373 0.2339 -0.1575, 1.3563 0.226 -0.1575, 1.3726 0.2135 -0.1575, 1.2775 0.226 -0.1575, 1.2965 0.2339 -0.1575, 1.3169 0.2366 -0.1575, 1.2487 0.1972 -0.1575, 1.2612 0.2135 -0.1575, -1.1595 0.1578 0.0787, -1.1648 0.1986 -0.0787, -1.1648 0.1986 0.0787, -1.1806 0.2366 -0.0787, -1.1806 0.2366 0.0787, -1.2056 0.2692 -0.0787, -1.2056 0.2692 0.0787, -1.2382 0.2942 -0.0787, -1.2382 0.2942 0.0787, -1.2762 0.3099 -0.0787, -1.2762 0.3099 0.0787, -1.3169 0.3153 -0.0787, -1.3169 0.3153 0.0787, -1.3577 0.3099 -0.0787, -1.3577 0.3099 0.0787, -1.3957 0.2942 -0.0787, -1.3957 0.2942 0.0787, -1.4283 0.2692 -0.0787, -1.4283 0.2692 0.0787, -1.4533 0.2366 -0.0787, -1.4533 0.2366 0.0787, -1.4691 0.1986 -0.0787, -1.4691 0.1986 0.0787, -1.4744 0.1578 -0.0787, -1.4744 0.1578 0.0787, -1.4691 0.1171 -0.0787, -1.4691 0.1171 0.0787, -1.4533 0.0791 -0.0787, -1.4533 0.0791 0.0787, -1.4283 0.0465 -0.0787, -1.4283 0.0465 0.0787, -1.3957 0.0215 -0.0787, -1.3957 0.0215 0.0787, -1.3577 0.0057 -0.0787, -1.3577 0.0057 0.0787, -1.3169 0.0004 -0.0787, -1.3169 0.0004 0.0787, -1.2762 0.0057 -0.0787, -1.2762 0.0057 0.0787, -1.2382 0.0215 -0.0787, -1.2382 0.0215 0.0787, -1.2056 0.0465 -0.0787, -1.2056 0.0465 0.0787, -1.1806 0.0791 -0.0787, -1.1806 0.0791 0.0787, -1.1648 0.1171 -0.0787, -1.1648 0.1171 0.0787, -1.1595 0.1578 -0.0787, -1.2488 0.1972 -0.1575, -1.2409 0.1782 -0.1575, -1.3169 0.1578 -0.1575, -1.2382 0.1578 -0.1575, -1.2409 0.1375 -0.1575, -1.2966 0.2339 -0.1575, -1.2776 0.226 -0.1575, -1.2613 0.2135 -0.1575, -1.3563 0.226 -0.1575, -1.3373 0.2339 -0.1575, -1.3169 0.2366 -0.1575, -1.393 0.1782 -0.1575, -1.3851 0.1972 -0.1575, -1.3726 0.2135 -0.1575, -1.3851 0.1185 -0.1575, -1.393 0.1375 -0.1575, -1.3957 0.1578 -0.1575, -1.3373 0.0818 -0.1575, -1.3563 0.0896 -0.1575, -1.3726 0.1022 -0.1575, -1.2776 0.0896 -0.1575, -1.2966 0.0818 -0.1575, -1.3169 0.0791 -0.1575, -1.2488 0.1185 -0.1575, -1.2613 0.1022 -0.1575, -1.1674 0.1979 -0.0991, -1.1829 0.2352 -0.0991, -1.2075 0.2673 -0.0991, -1.2396 0.2919 -0.0991, -1.2769 0.3074 -0.0991, -1.3169 0.3126 -0.0991, -1.357 0.3074 -0.0991, -1.3943 0.2919 -0.0991, -1.4264 0.2673 -0.0991, -1.451 0.2352 -0.0991, -1.4665 0.1979 -0.0991, -1.4717 0.1578 -0.0991, -1.4665 0.1178 -0.0991, -1.451 0.0804 -0.0991, -1.4264 0.0484 -0.0991, -1.3943 0.0238 -0.0991, -1.357 0.0083 -0.0991, -1.3169 0.003 -0.0991, -1.2769 0.0083 -0.0991, -1.2396 0.0238 -0.0991, -1.2075 0.0484 -0.0991, -1.1829 0.0804 -0.0991, -1.1674 0.1178 -0.0991, -1.1622 0.1578 -0.0991, -1.175 0.1959 -0.1181, -1.1897 0.2313 -0.1181, -1.2131 0.2617 -0.1181, -1.2435 0.2851 -0.1181, -1.2789 0.2998 -0.1181, -1.3169 0.3048 -0.1181, -1.355 0.2998 -0.1181, -1.3904 0.2851 -0.1181, -1.4208 0.2617 -0.1181, -1.4442 0.2313 -0.1181, -1.4589 0.1959 -0.1181, -1.4639 0.1578 -0.1181, -1.4589 0.1198 -0.1181, -1.4442 0.0844 -0.1181, -1.4208 0.0539 -0.1181, -1.3904 0.0306 -0.1181, -1.355 0.0159 -0.1181, -1.3169 0.0109 -0.1181, -1.2789 0.0159 -0.1181, -1.2435 0.0306 -0.1181, -1.2131 0.0539 -0.1181, -1.1897 0.0844 -0.1181, -1.175 0.1198 -0.1181, -1.17 0.1578 -0.1181, -1.1871 0.1926 -0.1344, -1.2005 0.225 -0.1344, -1.2219 0.2529 -0.1344, -1.2497 0.2742 -0.1344, -1.2822 0.2877 -0.1344, -1.3169 0.2923 -0.1344, -1.3517 0.2877 -0.1344, -1.3842 0.2742 -0.1344, -1.412 0.2529 -0.1344, -1.4334 0.225 -0.1344, -1.4468 0.1926 -0.1344, -1.4514 0.1578 -0.1344, -1.4468 0.123 -0.1344, -1.4334 0.0906 -0.1344, -1.412 0.0628 -0.1344, -1.3842 0.0414 -0.1344, -1.3517 0.028 -0.1344, -1.3169 0.0234 -0.1344, -1.2822 0.028 -0.1344, -1.2497 0.0414 -0.1344, -1.2219 0.0628 -0.1344, -1.2005 0.0906 -0.1344, -1.1871 0.123 -0.1344, -1.1825 0.1578 -0.1344, -1.2029 0.1884 -0.1469, -1.2147 0.2169 -0.1469, -1.2334 0.2414 -0.1469, -1.2579 0.2601 -0.1469, -1.2864 0.2719 -0.1469, -1.3169 0.2759 -0.1469, -1.3475 0.2719 -0.1469, -1.376 0.2601 -0.1469, -1.4005 0.2414 -0.1469, -1.4192 0.2169 -0.1469, -1.431 0.1884 -0.1469, -1.4351 0.1578 -0.1469, -1.431 0.1273 -0.1469, -1.4192 0.0988 -0.1469, -1.4005 0.0743 -0.1469, -1.376 0.0555 -0.1469, -1.3475 0.0437 -0.1469, -1.3169 0.0397 -0.1469, -1.2864 0.0437 -0.1469, -1.2579 0.0555 -0.1469, -1.2334 0.0743 -0.1469, -1.2147 0.0988 -0.1469, -1.2029 0.1273 -0.1469, -1.1988 0.1578 -0.1469, -1.2212 0.1835 -0.1548, -1.2311 0.2074 -0.1548, -1.2469 0.2279 -0.1548, -1.2674 0.2437 -0.1548, -1.2913 0.2536 -0.1548, -1.3169 0.257 -0.1548, -1.3426 0.2536 -0.1548, -1.3665 0.2437 -0.1548, -1.387 0.2279 -0.1548, -1.4028 0.2074 -0.1548, -1.4127 0.1835 -0.1548, -1.4161 0.1578 -0.1548, -1.4127 0.1322 -0.1548, -1.4028 0.1083 -0.1548, -1.387 0.0877 -0.1548, -1.3665 0.072 -0.1548, -1.3426 0.0621 -0.1548, -1.3169 0.0587 -0.1548, -1.2913 0.0621 -0.1548, -1.2674 0.072 -0.1548, -1.2469 0.0877 -0.1548, -1.2311 0.1083 -0.1548, -1.2212 0.1322 -0.1548, -1.2178 0.1578 -0.1548, 1.2212 0.1835 -0.1548, 1.2311 0.2074 -0.1548, 1.2468 0.2279 -0.1548, 1.2673 0.2437 -0.1548, 1.2913 0.2536 -0.1548, 1.3169 0.257 -0.1548, 1.3426 0.2536 -0.1548, 1.3665 0.2437 -0.1548, 1.387 0.2279 -0.1548, 1.4027 0.2074 -0.1548, 1.4127 0.1835 -0.1548, 1.416 0.1578 -0.1548, 1.4127 0.1322 -0.1548, 1.4027 0.1083 -0.1548, 1.387 0.0877 -0.1548, 1.3665 0.072 -0.1548, 1.3426 0.0621 -0.1548, 1.3169 0.0587 -0.1548, 1.2913 0.0621 -0.1548, 1.2673 0.072 -0.1548, 1.2468 0.0877 -0.1548, 1.2311 0.1083 -0.1548, 1.2212 0.1322 -0.1548, 1.2178 0.1578 -0.1548, 1.2028 0.1884 -0.1469, 1.2146 0.2169 -0.1469, 1.2334 0.2414 -0.1469, 1.2579 0.2601 -0.1469, 1.2863 0.2719 -0.1469, 1.3169 0.2759 -0.1469, 1.3475 0.2719 -0.1469, 1.376 0.2601 -0.1469, 1.4004 0.2414 -0.1469, 1.4192 0.2169 -0.1469, 1.431 0.1884 -0.1469, 1.435 0.1578 -0.1469, 1.431 0.1273 -0.1469, 1.4192 0.0988 -0.1469, 1.4004 0.0743 -0.1469, 1.376 0.0555 -0.1469, 1.3475 0.0437 -0.1469, 1.3169 0.0397 -0.1469, 1.2863 0.0437 -0.1469, 1.2579 0.0555 -0.1469, 1.2334 0.0743 -0.1469, 1.2146 0.0988 -0.1469, 1.2028 0.1273 -0.1469, 1.1988 0.1578 -0.1469, 1.1871 0.1926 -0.1344, 1.2005 0.225 -0.1344, 1.2219 0.2529 -0.1344, 1.2497 0.2742 -0.1344, 1.2821 0.2877 -0.1344, 1.3169 0.2923 -0.1344, 1.3517 0.2877 -0.1344, 1.3841 0.2742 -0.1344, 1.412 0.2529 -0.1344, 1.4333 0.225 -0.1344, 1.4467 0.1926 -0.1344, 1.4513 0.1578 -0.1344, 1.4467 0.123 -0.1344, 1.4333 0.0906 -0.1344, 1.412 0.0628 -0.1344, 1.3841 0.0414 -0.1344, 1.3517 0.028 -0.1344, 1.3169 0.0234 -0.1344, 1.2821 0.028 -0.1344, 1.2497 0.0414 -0.1344, 1.2219 0.0628 -0.1344, 1.2005 0.0906 -0.1344, 1.1871 0.123 -0.1344, 1.1825 0.1578 -0.1344, 1.175 0.1959 -0.1181, 1.1897 0.2313 -0.1181, 1.213 0.2617 -0.1181, 1.2434 0.2851 -0.1181, 1.2789 0.2998 -0.1181, 1.3169 0.3048 -0.1181, 1.3549 0.2998 -0.1181, 1.3904 0.2851 -0.1181, 1.4208 0.2617 -0.1181, 1.4442 0.2313 -0.1181, 1.4588 0.1959 -0.1181, 1.4638 0.1578 -0.1181, 1.4588 0.1198 -0.1181, 1.4442 0.0844 -0.1181, 1.4208 0.0539 -0.1181, 1.3904 0.0306 -0.1181, 1.3549 0.0159 -0.1181, 1.3169 0.0109 -0.1181, 1.2789 0.0159 -0.1181, 1.2434 0.0306 -0.1181, 1.213 0.0539 -0.1181, 1.1897 0.0844 -0.1181, 1.175 0.1198 -0.1181, 1.17 0.1578 -0.1181, 1.1674 0.1979 -0.0991, 1.1829 0.2352 -0.0991, 1.2075 0.2673 -0.0991, 1.2395 0.2919 -0.0991, 1.2768 0.3074 -0.0991, 1.3169 0.3126 -0.0991, 1.357 0.3074 -0.0991, 1.3943 0.2919 -0.0991, 1.4264 0.2673 -0.0991, 1.451 0.2352 -0.0991, 1.4664 0.1979 -0.0991, 1.4717 0.1578 -0.0991, 1.4664 0.1178 -0.0991, 1.451 0.0804 -0.0991, 1.4264 0.0484 -0.0991, 1.3943 0.0238 -0.0991, 1.357 0.0083 -0.0991, 1.3169 0.003 -0.0991, 1.2768 0.0083 -0.0991, 1.2395 0.0238 -0.0991, 1.2075 0.0484 -0.0991, 1.1829 0.0804 -0.0991, 1.1674 0.1178 -0.0991, 1.1621 0.1578 -0.0991
            ]
        }
        coordIndex [
            0,1,2,-1,2,1,3,-1,4,5,0,-1,0,5,1,-1,6,7,8,-1,8,7,9,-1,10,11,6,-1,6,11,7,-1,12,13,14,-1,14,13,15,-1,16,17,18,-1,18,17,19,-1,20,18,21,-1,21,18,19,-1,21,19,22,-1,22,19,23,-1,22,23,24,-1,24,23,25,-1,24,25,26,-1,26,25,27,-1,28,29,30,-1,30,29,31,-1,30,31,32,-1,32,31,33,-1,32,33,34,-1,34,33,35,-1,34,35,36,-1,36,35,37,-1,36,37,38,-1,38,37,39,-1,38,39,40,-1,40,39,41,-1,40,41,42,-1,42,41,43,-1,42,43,27,-1,27,43,44,-1,27,44,26,-1,14,45,12,-1,12,45,46,-1,12,46,47,-1,47,46,48,-1,47,48,49,-1,49,48,50,-1,49,50,51,-1,51,50,52,-1,51,52,28,-1,28,52,53,-1,28,53,29,-1,54,55,6,-1,6,55,10,-1,2,56,0,-1,0,56,57,-1,58,59,60,-1,60,59,61,-1,60,61,62,-1,62,61,63,-1,62,63,64,-1,64,63,65,-1,64,65,57,-1,57,65,66,-1,57,66,0,-1,0,66,4,-1,6,8,54,-1,54,8,67,-1,54,67,68,-1,68,67,69,-1,68,69,70,-1,70,69,71,-1,70,71,72,-1,72,71,73,-1,72,73,74,-1,73,75,74,-1,74,75,76,-1,74,76,77,-1,77,76,78,-1,77,78,79,-1,79,78,80,-1,79,80,81,-1,81,80,82,-1,81,82,83,-1,83,82,84,-1,83,84,85,-1,85,84,86,-1,85,86,87,-1,87,86,88,-1,87,88,58,-1,58,88,89,-1,58,89,59,-1,34,83,85,-1,34,85,32,-1,32,85,87,-1,32,87,30,-1,30,87,58,-1,30,58,28,-1,28,58,60,-1,28,60,51,-1,51,60,62,-1,51,62,49,-1,49,62,64,-1,49,64,47,-1,47,64,57,-1,47,57,12,-1,34,36,83,-1,83,36,81,-1,19,54,68,-1,19,68,23,-1,23,68,70,-1,23,70,25,-1,25,70,72,-1,25,72,27,-1,27,72,74,-1,27,74,42,-1,42,74,77,-1,42,77,40,-1,40,77,79,-1,40,79,38,-1,38,79,81,-1,38,81,36,-1,90,17,91,-1,91,17,55,-1,91,55,92,-1,92,55,54,-1,92,54,93,-1,93,54,19,-1,93,19,90,-1,90,19,17,-1,94,95,96,-1,96,95,97,-1,94,96,98,-1,98,96,99,-1,98,99,100,-1,100,99,101,-1,101,99,102,-1,101,102,103,-1,103,102,97,-1,103,97,95,-1,103,95,98,-1,98,95,94,-1,101,103,100,-1,100,103,98,-1,104,105,91,-1,91,105,90,-1,104,91,106,-1,106,91,92,-1,106,92,107,-1,107,92,108,-1,108,92,93,-1,108,93,109,-1,109,93,90,-1,109,90,105,-1,109,105,106,-1,106,105,104,-1,106,107,109,-1,109,107,108,-1,110,111,112,-1,112,111,113,-1,112,113,114,-1,114,113,115,-1,114,115,116,-1,116,115,117,-1,116,117,118,-1,118,117,119,-1,118,119,120,-1,120,119,121,-1,120,121,122,-1,122,121,123,-1,122,123,124,-1,124,123,125,-1,124,125,126,-1,126,125,127,-1,126,127,128,-1,128,127,129,-1,128,129,130,-1,130,129,131,-1,130,131,132,-1,132,131,133,-1,132,133,134,-1,134,133,135,-1,134,135,136,-1,136,135,137,-1,136,137,138,-1,138,137,139,-1,138,139,140,-1,140,139,141,-1,140,141,142,-1,142,141,143,-1,142,143,144,-1,144,143,145,-1,144,145,146,-1,146,145,147,-1,146,147,148,-1,148,147,149,-1,148,149,150,-1,150,149,151,-1,150,151,152,-1,152,151,153,-1,152,153,154,-1,154,153,155,-1,154,155,156,-1,156,155,157,-1,156,157,110,-1,110,157,111,-1,158,159,160,-1,160,159,161,-1,160,161,162,-1,163,164,160,-1,160,164,165,-1,160,165,158,-1,166,167,160,-1,160,167,168,-1,160,168,163,-1,169,170,160,-1,160,170,171,-1,160,171,166,-1,172,173,160,-1,160,173,174,-1,160,174,169,-1,175,176,160,-1,160,176,177,-1,160,177,172,-1,178,179,160,-1,160,179,180,-1,160,180,175,-1,162,181,160,-1,160,181,182,-1,160,182,178,-1,183,184,185,-1,185,184,186,-1,185,186,187,-1,187,186,188,-1,187,188,189,-1,189,188,190,-1,189,190,191,-1,191,190,192,-1,191,192,193,-1,193,192,194,-1,193,194,195,-1,195,194,196,-1,195,196,197,-1,197,196,198,-1,197,198,199,-1,199,198,200,-1,199,200,201,-1,201,200,202,-1,201,202,203,-1,203,202,204,-1,203,204,205,-1,205,204,206,-1,205,206,207,-1,207,206,208,-1,207,208,209,-1,209,208,210,-1,209,210,211,-1,211,210,212,-1,211,212,213,-1,213,212,214,-1,213,214,215,-1,215,214,216,-1,215,216,217,-1,217,216,218,-1,217,218,219,-1,219,218,220,-1,219,220,221,-1,221,220,222,-1,221,222,223,-1,223,222,224,-1,223,224,225,-1,225,224,226,-1,225,226,227,-1,227,226,228,-1,227,228,229,-1,229,228,230,-1,229,230,183,-1,183,230,184,-1,231,232,233,-1,233,232,234,-1,233,234,235,-1,236,237,233,-1,233,237,238,-1,233,238,231,-1,239,240,233,-1,233,240,241,-1,233,241,236,-1,242,243,233,-1,233,243,244,-1,233,244,239,-1,245,246,233,-1,233,246,247,-1,233,247,242,-1,248,249,233,-1,233,249,250,-1,233,250,245,-1,251,252,233,-1,233,252,253,-1,233,253,248,-1,235,254,233,-1,233,254,255,-1,233,255,251,-1,230,256,184,-1,184,256,257,-1,184,257,186,-1,186,257,258,-1,186,258,188,-1,188,258,259,-1,188,259,190,-1,190,259,260,-1,190,260,192,-1,192,260,261,-1,192,261,194,-1,194,261,262,-1,194,262,196,-1,196,262,263,-1,196,263,198,-1,198,263,264,-1,198,264,200,-1,200,264,265,-1,200,265,202,-1,202,265,266,-1,202,266,204,-1,204,266,267,-1,204,267,206,-1,206,267,268,-1,206,268,208,-1,208,268,269,-1,208,269,210,-1,210,269,270,-1,210,270,212,-1,212,270,271,-1,212,271,214,-1,214,271,272,-1,214,272,216,-1,216,272,273,-1,216,273,218,-1,218,273,274,-1,218,274,220,-1,220,274,275,-1,220,275,222,-1,222,275,276,-1,222,276,224,-1,224,276,277,-1,224,277,226,-1,226,277,278,-1,226,278,228,-1,228,278,279,-1,228,279,230,-1,230,279,256,-1,279,280,256,-1,256,280,281,-1,256,281,257,-1,257,281,282,-1,257,282,258,-1,258,282,283,-1,258,283,259,-1,259,283,284,-1,259,284,260,-1,260,284,285,-1,260,285,261,-1,261,285,286,-1,261,286,262,-1,262,286,287,-1,262,287,263,-1,263,287,288,-1,263,288,264,-1,264,288,289,-1,264,289,265,-1,265,289,290,-1,265,290,266,-1,266,290,291,-1,266,291,267,-1,267,291,292,-1,267,292,268,-1,268,292,293,-1,268,293,269,-1,269,293,294,-1,269,294,270,-1,270,294,295,-1,270,295,271,-1,271,295,296,-1,271,296,272,-1,272,296,297,-1,272,297,273,-1,273,297,298,-1,273,298,274,-1,274,298,299,-1,274,299,275,-1,275,299,300,-1,275,300,276,-1,276,300,301,-1,276,301,277,-1,277,301,302,-1,277,302,278,-1,278,302,303,-1,278,303,279,-1,279,303,280,-1,303,304,280,-1,280,304,305,-1,280,305,281,-1,281,305,306,-1,281,306,282,-1,282,306,307,-1,282,307,283,-1,283,307,308,-1,283,308,284,-1,284,308,309,-1,284,309,285,-1,285,309,310,-1,285,310,286,-1,286,310,311,-1,286,311,287,-1,287,311,312,-1,287,312,288,-1,288,312,313,-1,288,313,289,-1,289,313,314,-1,289,314,290,-1,290,314,315,-1,290,315,291,-1,291,315,316,-1,291,316,292,-1,292,316,317,-1,292,317,293,-1,293,317,318,-1,293,318,294,-1,294,318,319,-1,294,319,295,-1,295,319,320,-1,295,320,296,-1,296,320,321,-1,296,321,297,-1,297,321,322,-1,297,322,298,-1,298,322,323,-1,298,323,299,-1,299,323,324,-1,299,324,300,-1,300,324,325,-1,300,325,301,-1,301,325,326,-1,301,326,302,-1,302,326,327,-1,302,327,303,-1,303,327,304,-1,327,328,304,-1,304,328,329,-1,304,329,305,-1,305,329,330,-1,305,330,306,-1,306,330,331,-1,306,331,307,-1,307,331,332,-1,307,332,308,-1,308,332,333,-1,308,333,309,-1,309,333,334,-1,309,334,310,-1,310,334,335,-1,310,335,311,-1,311,335,336,-1,311,336,312,-1,312,336,337,-1,312,337,313,-1,313,337,338,-1,313,338,314,-1,314,338,339,-1,314,339,315,-1,315,339,340,-1,315,340,316,-1,316,340,341,-1,316,341,317,-1,317,341,342,-1,317,342,318,-1,318,342,343,-1,318,343,319,-1,319,343,344,-1,319,344,320,-1,320,344,345,-1,320,345,321,-1,321,345,346,-1,321,346,322,-1,322,346,347,-1,322,347,323,-1,323,347,348,-1,323,348,324,-1,324,348,349,-1,324,349,325,-1,325,349,350,-1,325,350,326,-1,326,350,351,-1,326,351,327,-1,327,351,328,-1,351,352,328,-1,328,352,353,-1,328,353,329,-1,329,353,354,-1,329,354,330,-1,330,354,355,-1,330,355,331,-1,331,355,356,-1,331,356,332,-1,332,356,357,-1,332,357,333,-1,333,357,358,-1,333,358,334,-1,334,358,359,-1,334,359,335,-1,335,359,360,-1,335,360,336,-1,336,360,361,-1,336,361,337,-1,337,361,362,-1,337,362,338,-1,338,362,363,-1,338,363,339,-1,339,363,364,-1,339,364,340,-1,340,364,365,-1,340,365,341,-1,341,365,366,-1,341,366,342,-1,342,366,367,-1,342,367,343,-1,343,367,368,-1,343,368,344,-1,344,368,369,-1,344,369,345,-1,345,369,370,-1,345,370,346,-1,346,370,371,-1,346,371,347,-1,347,371,372,-1,347,372,348,-1,348,372,373,-1,348,373,349,-1,349,373,374,-1,349,374,350,-1,350,374,375,-1,350,375,351,-1,351,375,352,-1,375,232,352,-1,352,232,231,-1,352,231,353,-1,353,231,238,-1,353,238,354,-1,354,238,237,-1,354,237,355,-1,355,237,236,-1,355,236,356,-1,356,236,241,-1,356,241,357,-1,357,241,240,-1,357,240,358,-1,358,240,239,-1,358,239,359,-1,359,239,244,-1,359,244,360,-1,360,244,243,-1,360,243,361,-1,361,243,242,-1,361,242,362,-1,362,242,247,-1,362,247,363,-1,363,247,246,-1,363,246,364,-1,364,246,245,-1,364,245,365,-1,365,245,250,-1,365,250,366,-1,366,250,249,-1,366,249,367,-1,367,249,248,-1,367,248,368,-1,368,248,253,-1,368,253,369,-1,369,253,252,-1,369,252,370,-1,370,252,251,-1,370,251,371,-1,371,251,255,-1,371,255,372,-1,372,255,254,-1,372,254,373,-1,373,254,235,-1,373,235,374,-1,374,235,234,-1,374,234,375,-1,375,234,232,-1,161,376,162,-1,162,376,377,-1,162,377,181,-1,181,377,378,-1,181,378,182,-1,182,378,379,-1,182,379,178,-1,178,379,380,-1,178,380,179,-1,179,380,381,-1,179,381,180,-1,180,381,382,-1,180,382,175,-1,175,382,383,-1,175,383,176,-1,176,383,384,-1,176,384,177,-1,177,384,385,-1,177,385,172,-1,172,385,386,-1,172,386,173,-1,173,386,387,-1,173,387,174,-1,174,387,388,-1,174,388,169,-1,169,388,389,-1,169,389,170,-1,170,389,390,-1,170,390,171,-1,171,390,391,-1,171,391,166,-1,166,391,392,-1,166,392,167,-1,167,392,393,-1,167,393,168,-1,168,393,394,-1,168,394,163,-1,163,394,395,-1,163,395,164,-1,164,395,396,-1,164,396,165,-1,165,396,397,-1,165,397,158,-1,158,397,398,-1,158,398,159,-1,159,398,399,-1,159,399,161,-1,161,399,376,-1,399,400,376,-1,376,400,401,-1,376,401,377,-1,377,401,402,-1,377,402,378,-1,378,402,403,-1,378,403,379,-1,379,403,404,-1,379,404,380,-1,380,404,405,-1,380,405,381,-1,381,405,406,-1,381,406,382,-1,382,406,407,-1,382,407,383,-1,383,407,408,-1,383,408,384,-1,384,408,409,-1,384,409,385,-1,385,409,410,-1,385,410,386,-1,386,410,411,-1,386,411,387,-1,387,411,412,-1,387,412,388,-1,388,412,413,-1,388,413,389,-1,389,413,414,-1,389,414,390,-1,390,414,415,-1,390,415,391,-1,391,415,416,-1,391,416,392,-1,392,416,417,-1,392,417,393,-1,393,417,418,-1,393,418,394,-1,394,418,419,-1,394,419,395,-1,395,419,420,-1,395,420,396,-1,396,420,421,-1,396,421,397,-1,397,421,422,-1,397,422,398,-1,398,422,423,-1,398,423,399,-1,399,423,400,-1,423,424,400,-1,400,424,425,-1,400,425,401,-1,401,425,426,-1,401,426,402,-1,402,426,427,-1,402,427,403,-1,403,427,428,-1,403,428,404,-1,404,428,429,-1,404,429,405,-1,405,429,430,-1,405,430,406,-1,406,430,431,-1,406,431,407,-1,407,431,432,-1,407,432,408,-1,408,432,433,-1,408,433,409,-1,409,433,434,-1,409,434,410,-1,410,434,435,-1,410,435,411,-1,411,435,436,-1,411,436,412,-1,412,436,437,-1,412,437,413,-1,413,437,438,-1,413,438,414,-1,414,438,439,-1,414,439,415,-1,415,439,440,-1,415,440,416,-1,416,440,441,-1,416,441,417,-1,417,441,442,-1,417,442,418,-1,418,442,443,-1,418,443,419,-1,419,443,444,-1,419,444,420,-1,420,444,445,-1,420,445,421,-1,421,445,446,-1,421,446,422,-1,422,446,447,-1,422,447,423,-1,423,447,424,-1,447,448,424,-1,424,448,449,-1,424,449,425,-1,425,449,450,-1,425,450,426,-1,426,450,451,-1,426,451,427,-1,427,451,452,-1,427,452,428,-1,428,452,453,-1,428,453,429,-1,429,453,454,-1,429,454,430,-1,430,454,455,-1,430,455,431,-1,431,455,456,-1,431,456,432,-1,432,456,457,-1,432,457,433,-1,433,457,458,-1,433,458,434,-1,434,458,459,-1,434,459,435,-1,435,459,460,-1,435,460,436,-1,436,460,461,-1,436,461,437,-1,437,461,462,-1,437,462,438,-1,438,462,463,-1,438,463,439,-1,439,463,464,-1,439,464,440,-1,440,464,465,-1,440,465,441,-1,441,465,466,-1,441,466,442,-1,442,466,467,-1,442,467,443,-1,443,467,468,-1,443,468,444,-1,444,468,469,-1,444,469,445,-1,445,469,470,-1,445,470,446,-1,446,470,471,-1,446,471,447,-1,447,471,448,-1,471,472,448,-1,448,472,473,-1,448,473,449,-1,449,473,474,-1,449,474,450,-1,450,474,475,-1,450,475,451,-1,451,475,476,-1,451,476,452,-1,452,476,477,-1,452,477,453,-1,453,477,478,-1,453,478,454,-1,454,478,479,-1,454,479,455,-1,455,479,480,-1,455,480,456,-1,456,480,481,-1,456,481,457,-1,457,481,482,-1,457,482,458,-1,458,482,483,-1,458,483,459,-1,459,483,484,-1,459,484,460,-1,460,484,485,-1,460,485,461,-1,461,485,486,-1,461,486,462,-1,462,486,487,-1,462,487,463,-1,463,487,488,-1,463,488,464,-1,464,488,489,-1,464,489,465,-1,465,489,490,-1,465,490,466,-1,466,490,491,-1,466,491,467,-1,467,491,492,-1,467,492,468,-1,468,492,493,-1,468,493,469,-1,469,493,494,-1,469,494,470,-1,470,494,495,-1,470,495,471,-1,471,495,472,-1,495,131,472,-1,472,131,129,-1,472,129,473,-1,473,129,127,-1,473,127,474,-1,474,127,125,-1,474,125,475,-1,475,125,123,-1,475,123,476,-1,476,123,121,-1,476,121,477,-1,477,121,119,-1,477,119,478,-1,478,119,117,-1,478,117,479,-1,479,117,115,-1,479,115,480,-1,480,115,113,-1,480,113,481,-1,481,113,111,-1,481,111,482,-1,482,111,157,-1,482,157,483,-1,483,157,155,-1,483,155,484,-1,484,155,153,-1,484,153,485,-1,485,153,151,-1,485,151,486,-1,486,151,149,-1,486,149,487,-1,487,149,147,-1,487,147,488,-1,488,147,145,-1,488,145,489,-1,489,145,143,-1,489,143,490,-1,490,143,141,-1,490,141,491,-1,491,141,139,-1,491,139,492,-1,492,139,137,-1,492,137,493,-1,493,137,135,-1,493,135,494,-1,494,135,133,-1,494,133,495,-1,495,133,131,-1,
        ]
    }
}
Shape{
    appearance Appearance {
        material  Material {
            diffuseColor 0.7529411764705882 0.7529411764705882 0.7529411764705882
            specularColor 0.3764705882352941 0.3764705882352941 0.3764705882352941
            ambientIntensity 0.7529
            transparency 0.0
            shininess 0.5
        }
    }
    geometry IndexedFaceSet {
        ccw TRUE
        solid FALSE
        coord DEF co Coordinate {
            point [
                0.689 0.7878 0.9449, 0.4921 0.7878 0.9449, 0.4921 0.786 0.9613, 0.689 0.786 0.9613, 0.4921 0.7809 0.9769, 0.689 0.7809 0.9769, 0.4921 0.7727 0.9912, 0.689 0.7727 0.9912, 0.4921 0.7617 1.0034, 0.689 0.7617 1.0034, 0.4921 0.7484 1.0131, 0.689 0.7484 1.0131, 0.689 0.7878 0.1575, 0.689 0.7484 0.1575, 0.689 0.7918 0.1269, 0.689 0.7538 0.1167, 0.689 0.8036 0.0984, 0.689 0.7695 0.0787, 0.689 0.8224 0.074, 0.689 0.7945 0.0461, 0.689 0.8468 0.0552, 0.689 0.8271 0.0211, 0.689 0.8753 0.0434, 0.689 0.8651 0.0054, 0.689 0.9059 0.0394, 0.689 0.9059 -0.0, 0.689 1.2602 0.0394, 0.689 1.2602 -0.0, 0.4921 1.2602 0.0394, 0.4921 1.2602 -0.0, 0.4921 0.9059 0.0394, 0.4921 0.9059 -0.0, 0.4921 0.8753 0.0434, 0.4921 0.8651 0.0054, 0.4921 0.8468 0.0552, 0.4921 0.8271 0.0211, 0.4921 0.8224 0.074, 0.4921 0.7945 0.0461, 0.4921 0.8036 0.0984, 0.4921 0.7695 0.0787, 0.4921 0.7918 0.1269, 0.4921 0.7538 0.1167, 0.4921 0.7878 0.1575, 0.4921 0.7484 0.1575, 1.1811 0.7878 0.9449, 0.9842 0.7878 0.9449, 0.9842 0.786 0.9613, 1.1811 0.786 0.9613, 0.9842 0.7809 0.9769, 1.1811 0.7809 0.9769, 0.9842 0.7727 0.9912, 1.1811 0.7727 0.9912, 0.9842 0.7617 1.0034, 1.1811 0.7617 1.0034, 0.9842 0.7484 1.0131, 1.1811 0.7484 1.0131, 1.1811 0.7878 0.1575, 1.1811 0.7484 0.1575, 1.1811 0.7918 0.1269, 1.1811 0.7538 0.1167, 1.1811 0.8036 0.0984, 1.1811 0.7695 0.0787, 1.1811 0.8224 0.074, 1.1811 0.7945 0.0461, 1.1811 0.8468 0.0552, 1.1811 0.8271 0.0211, 1.1811 0.8753 0.0434, 1.1811 0.8651 0.0054, 1.1811 0.9059 0.0394, 1.1811 0.9059 -0.0, 1.1811 1.2602 0.0394, 1.1811 1.2602 -0.0, 0.9842 1.2602 0.0394, 0.9842 1.2602 -0.0, 0.9842 0.9059 0.0394, 0.9842 0.9059 -0.0, 0.9842 0.8753 0.0434, 0.9842 0.8651 0.0054, 0.9842 0.8468 0.0552, 0.9842 0.8271 0.0211, 0.9842 0.8224 0.074, 0.9842 0.7945 0.0461, 0.9842 0.8036 0.0984, 0.9842 0.7695 0.0787, 0.9842 0.7918 0.1269, 0.9842 0.7538 0.1167, 0.9842 0.7878 0.1575, 0.9842 0.7484 0.1575, -0.689 0.7484 1.0131, -0.4921 0.7484 1.0131, -0.4921 0.7617 1.0034, -0.689 0.7617 1.0034, -0.4921 0.7727 0.9912, -0.689 0.7727 0.9912, -0.4921 0.7809 0.9769, -0.689 0.7809 0.9769, -0.4921 0.786 0.9613, -0.689 0.786 0.9613, -0.4921 0.7878 0.9449, -0.689 0.7878 0.9449, -0.689 1.2602 0.0394, -0.689 1.2602 -0.0, -0.689 0.9059 0.0394, -0.689 0.9059 -0.0, -0.689 0.8753 0.0434, -0.689 0.8651 0.0054, -0.689 0.8468 0.0552, -0.689 0.8271 0.0211, -0.689 0.8224 0.074, -0.689 0.7945 0.0461, -0.689 0.8036 0.0984, -0.689 0.7695 0.0787, -0.689 0.7918 0.1269, -0.689 0.7538 0.1167, -0.689 0.7878 0.1575, -0.689 0.7484 0.1575, -0.4921 1.2602 -0.0, -0.4921 1.2602 0.0394, -0.4921 0.9059 -0.0, -0.4921 0.9059 0.0394, -0.4921 0.8651 0.0054, -0.4921 0.8753 0.0434, -0.4921 0.8271 0.0211, -0.4921 0.8468 0.0552, -0.4921 0.7945 0.0461, -0.4921 0.8224 0.074, -0.4921 0.7695 0.0787, -0.4921 0.8036 0.0984, -0.4921 0.7538 0.1167, -0.4921 0.7918 0.1269, -0.4921 0.7484 0.1575, -0.4921 0.7878 0.1575, -1.1811 0.7484 1.0131, -0.9843 0.7484 1.0131, -0.9843 0.7617 1.0034, -1.1811 0.7617 1.0034, -0.9843 0.7727 0.9912, -1.1811 0.7727 0.9912, -0.9843 0.7809 0.9769, -1.1811 0.7809 0.9769, -0.9843 0.786 0.9613, -1.1811 0.786 0.9613, -0.9843 0.7878 0.9449, -1.1811 0.7878 0.9449, -1.1811 1.2602 0.0394, -1.1811 1.2602 -0.0, -1.1811 0.9059 0.0394, -1.1811 0.9059 -0.0, -1.1811 0.8753 0.0434, -1.1811 0.8651 0.0054, -1.1811 0.8468 0.0552, -1.1811 0.8271 0.0211, -1.1811 0.8224 0.074, -1.1811 0.7945 0.0461, -1.1811 0.8036 0.0984, -1.1811 0.7695 0.0787, -1.1811 0.7918 0.1269, -1.1811 0.7538 0.1167, -1.1811 0.7878 0.1575, -1.1811 0.7484 0.1575, -0.9843 1.2602 -0.0, -0.9843 1.2602 0.0394, -0.9843 0.9059 -0.0, -0.9843 0.9059 0.0394, -0.9843 0.8651 0.0054, -0.9843 0.8753 0.0434, -0.9843 0.8271 0.0211, -0.9843 0.8468 0.0552, -0.9843 0.7945 0.0461, -0.9843 0.8224 0.074, -0.9843 0.7695 0.0787, -0.9843 0.8036 0.0984, -0.9843 0.7538 0.1167, -0.9843 0.7918 0.1269, -0.9843 0.7484 0.1575, -0.9843 0.7878 0.1575
            ]
        }
        coordIndex [
            0,1,2,-1,0,2,3,-1,3,2,4,-1,3,4,5,-1,5,4,6,-1,5,6,7,-1,7,6,8,-1,7,8,9,-1,9,8,10,-1,9,10,11,-1,0,11,12,-1,12,11,13,-1,12,13,14,-1,14,13,15,-1,14,15,16,-1,16,15,17,-1,16,17,18,-1,18,17,19,-1,18,19,20,-1,20,19,21,-1,20,21,22,-1,22,21,23,-1,22,23,24,-1,24,23,25,-1,24,25,26,-1,26,25,27,-1,0,3,11,-1,11,3,5,-1,11,5,9,-1,9,5,7,-1,6,4,8,-1,8,4,10,-1,28,29,30,-1,30,29,31,-1,30,31,32,-1,32,31,33,-1,32,33,34,-1,34,33,35,-1,34,35,36,-1,36,35,37,-1,36,37,38,-1,38,37,39,-1,38,39,40,-1,40,39,41,-1,40,41,42,-1,42,41,43,-1,42,43,1,-1,1,43,10,-1,1,10,2,-1,2,10,4,-1,27,25,29,-1,29,25,31,-1,26,27,28,-1,28,27,29,-1,24,26,30,-1,30,26,28,-1,24,30,22,-1,22,30,32,-1,22,32,20,-1,20,32,34,-1,20,34,18,-1,18,34,36,-1,18,36,16,-1,16,36,38,-1,16,38,14,-1,14,38,40,-1,14,40,12,-1,12,40,42,-1,0,12,1,-1,1,12,42,-1,13,43,41,-1,13,41,15,-1,15,41,39,-1,15,39,17,-1,17,39,37,-1,17,37,19,-1,19,37,35,-1,19,35,21,-1,21,35,33,-1,21,33,23,-1,23,33,31,-1,23,31,25,-1,44,45,46,-1,44,46,47,-1,47,46,48,-1,47,48,49,-1,49,48,50,-1,49,50,51,-1,51,50,52,-1,51,52,53,-1,53,52,54,-1,53,54,55,-1,44,55,56,-1,56,55,57,-1,56,57,58,-1,58,57,59,-1,58,59,60,-1,60,59,61,-1,60,61,62,-1,62,61,63,-1,62,63,64,-1,64,63,65,-1,64,65,66,-1,66,65,67,-1,66,67,68,-1,68,67,69,-1,68,69,70,-1,70,69,71,-1,44,47,55,-1,55,47,49,-1,55,49,53,-1,53,49,51,-1,50,48,52,-1,52,48,54,-1,72,73,74,-1,74,73,75,-1,74,75,76,-1,76,75,77,-1,76,77,78,-1,78,77,79,-1,78,79,80,-1,80,79,81,-1,80,81,82,-1,82,81,83,-1,82,83,84,-1,84,83,85,-1,84,85,86,-1,86,85,87,-1,86,87,45,-1,45,87,54,-1,45,54,46,-1,46,54,48,-1,71,69,73,-1,73,69,75,-1,70,71,72,-1,72,71,73,-1,68,70,74,-1,74,70,72,-1,68,74,66,-1,66,74,76,-1,66,76,64,-1,64,76,78,-1,64,78,62,-1,62,78,80,-1,62,80,60,-1,60,80,82,-1,60,82,58,-1,58,82,84,-1,58,84,56,-1,56,84,86,-1,44,56,45,-1,45,56,86,-1,57,87,85,-1,57,85,59,-1,59,85,83,-1,59,83,61,-1,61,83,81,-1,61,81,63,-1,63,81,79,-1,63,79,65,-1,65,79,77,-1,65,77,67,-1,67,77,75,-1,67,75,69,-1,88,89,90,-1,88,90,91,-1,91,90,92,-1,91,92,93,-1,93,92,94,-1,93,94,95,-1,95,94,96,-1,95,96,97,-1,97,96,98,-1,97,98,99,-1,93,95,91,-1,91,95,88,-1,100,101,102,-1,102,101,103,-1,102,103,104,-1,104,103,105,-1,104,105,106,-1,106,105,107,-1,106,107,108,-1,108,107,109,-1,108,109,110,-1,110,109,111,-1,110,111,112,-1,112,111,113,-1,112,113,114,-1,114,113,115,-1,114,115,99,-1,99,115,88,-1,99,88,97,-1,97,88,95,-1,116,117,118,-1,118,117,119,-1,118,119,120,-1,120,119,121,-1,120,121,122,-1,122,121,123,-1,122,123,124,-1,124,123,125,-1,124,125,126,-1,126,125,127,-1,126,127,128,-1,128,127,129,-1,128,129,130,-1,130,129,131,-1,130,131,89,-1,89,131,98,-1,98,96,89,-1,89,96,94,-1,89,94,90,-1,90,94,92,-1,103,101,118,-1,118,101,116,-1,103,118,120,-1,103,120,105,-1,105,120,122,-1,105,122,107,-1,107,122,124,-1,107,124,109,-1,109,124,126,-1,109,126,111,-1,111,126,128,-1,111,128,113,-1,113,128,130,-1,113,130,115,-1,114,99,131,-1,131,99,98,-1,114,131,112,-1,112,131,129,-1,112,129,110,-1,110,129,127,-1,110,127,108,-1,108,127,125,-1,108,125,106,-1,106,125,123,-1,106,123,104,-1,104,123,121,-1,104,121,102,-1,102,121,119,-1,100,102,117,-1,117,102,119,-1,101,100,116,-1,116,100,117,-1,132,133,134,-1,132,134,135,-1,135,134,136,-1,135,136,137,-1,137,136,138,-1,137,138,139,-1,139,138,140,-1,139,140,141,-1,141,140,142,-1,141,142,143,-1,137,139,135,-1,135,139,132,-1,144,145,146,-1,146,145,147,-1,146,147,148,-1,148,147,149,-1,148,149,150,-1,150,149,151,-1,150,151,152,-1,152,151,153,-1,152,153,154,-1,154,153,155,-1,154,155,156,-1,156,155,157,-1,156,157,158,-1,158,157,159,-1,158,159,143,-1,143,159,132,-1,143,132,141,-1,141,132,139,-1,160,161,162,-1,162,161,163,-1,162,163,164,-1,164,163,165,-1,164,165,166,-1,166,165,167,-1,166,167,168,-1,168,167,169,-1,168,169,170,-1,170,169,171,-1,170,171,172,-1,172,171,173,-1,172,173,174,-1,174,173,175,-1,174,175,133,-1,133,175,142,-1,142,140,133,-1,133,140,138,-1,133,138,134,-1,134,138,136,-1,147,145,162,-1,162,145,160,-1,147,162,164,-1,147,164,149,-1,149,164,166,-1,149,166,151,-1,151,166,168,-1,151,168,153,-1,153,168,170,-1,153,170,155,-1,155,170,172,-1,155,172,157,-1,157,172,174,-1,157,174,159,-1,158,143,175,-1,175,143,142,-1,158,175,156,-1,156,175,173,-1,156,173,154,-1,154,173,171,-1,154,171,152,-1,152,171,169,-1,152,169,150,-1,150,169,167,-1,150,167,148,-1,148,167,165,-1,148,165,146,-1,146,165,163,-1,144,146,161,-1,161,146,163,-1,145,144,160,-1,160,144,161,-1,
        ]
    }
}
Shape{
    appearance Appearance {
        material  Material {
            diffuseColor 1.0 1.0 1.0
            specularColor 0.5019607843137255 0.5019607843137255 0.5019607843137255
            ambientIntensity 1.0
            transparency 0.0
            shininess 0.5
        }
    }
    geometry IndexedFaceSet {
        ccw TRUE
        solid FALSE
        coord DEF co Coordinate {
            point [
                0.003 0.7523 1.5727, 0.003 0.7523 1.5636, 0.003 0.7484 1.5727, 0.003 0.7484 1.5636, 0.0349 0.7523 1.5727, 0.0349 0.7484 1.5727, 0.0349 0.7523 1.6437, 0.0349 0.7484 1.6437, 0.0452 0.7523 1.6437, 0.0452 0.7484 1.6437, 0.0452 0.7523 1.5636, 0.0452 0.7484 1.5636, -0.0603 0.7484 1.5669, -0.0603 0.7523 1.5669, -0.0589 0.7523 1.5663, -0.0381 0.7523 1.5623, -0.0381 0.7484 1.5623, -0.0503 0.7484 1.5634, -0.0503 0.7523 1.5634, -0.0568 0.7484 1.5656, -0.0589 0.7484 1.5663, -0.0603 0.7523 1.5768, -0.0603 0.7484 1.5768, -0.0534 0.7523 1.5736, -0.0568 0.7484 1.5752, -0.0534 0.7484 1.5736, -0.0446 0.7484 1.5717, -0.0446 0.7523 1.5717, -0.0396 0.7484 1.5715, -0.0396 0.7523 1.5715, -0.0322 0.7484 1.5723, -0.0322 0.7523 1.5723, -0.0263 0.7484 1.5744, -0.0263 0.7523 1.5744, -0.021 0.7484 1.578, -0.021 0.7523 1.578, -0.019 0.7484 1.5799, -0.019 0.7523 1.5799, -0.0152 0.7484 1.5853, -0.0152 0.7523 1.5853, -0.0125 0.7484 1.5917, -0.0125 0.7523 1.5917, -0.0112 0.7484 1.5997, -0.0112 0.7523 1.5997, -0.0112 0.7484 1.6028, -0.0112 0.7523 1.6028, -0.0125 0.7484 1.6137, -0.0125 0.7523 1.6137, -0.0151 0.7484 1.6206, -0.0151 0.7523 1.6206, -0.019 0.7484 1.6262, -0.019 0.7523 1.6262, -0.0196 0.7484 1.6268, -0.0196 0.7523 1.6268, -0.0248 0.7484 1.6312, -0.0248 0.7523 1.6312, -0.0311 0.7484 1.6342, -0.0311 0.7523 1.6342, -0.038 0.7484 1.6356, -0.038 0.7523 1.6356, -0.0414 0.7484 1.6357, -0.0414 0.7523 1.6357, -0.0512 0.7484 1.6345, -0.0568 0.7484 1.6324, -0.0594 0.7523 1.6314, -0.0512 0.7523 1.6345, -0.0594 0.7484 1.6314, -0.0603 0.7484 1.631, -0.0603 0.7523 1.631, -0.0603 0.7523 1.6418, -0.0603 0.7484 1.6418, -0.0568 0.7484 1.6427, -0.0518 0.7523 1.6442, -0.0413 0.7484 1.645, -0.0413 0.7523 1.645, -0.0499 0.7484 1.6444, -0.0518 0.7484 1.6442, -0.0357 0.7484 1.6444, -0.0298 0.7523 1.6436, -0.0298 0.7484 1.6436, -0.0214 0.7484 1.6404, -0.0214 0.7523 1.6404, -0.0136 0.7484 1.6349, -0.0136 0.7523 1.6349, -0.0119 0.7484 1.6332, -0.0119 0.7523 1.6332, -0.0061 0.7484 1.6257, -0.0061 0.7523 1.6257, -0.0023 0.7484 1.6168, -0.0023 0.7523 1.6168, -0.0004 0.7484 1.6063, -0.0004 0.7523 1.6063, -0.0003 0.7484 1.6021, -0.0003 0.7523 1.6021, -0.0019 0.7484 1.5892, -0.0019 0.7523 1.5892, -0.0051 0.7484 1.5808, -0.0051 0.7523 1.5808, -0.0099 0.7484 1.574, -0.0099 0.7523 1.574, -0.0106 0.7484 1.5732, -0.0106 0.7523 1.5732, -0.0163 0.7484 1.5683, -0.0163 0.7523 1.5683, -0.0237 0.7484 1.5646, -0.0237 0.7523 1.5646, -0.0322 0.7484 1.5626, -0.0322 0.7523 1.5626, -0.1193 0.7523 1.5727, -0.1193 0.7523 1.5636, -0.1193 0.7484 1.5727, -0.1193 0.7484 1.5636, -0.0866 0.7484 1.5727, -0.0866 0.7523 1.5727, -0.1082 0.7484 1.5727, -0.0866 0.7523 1.5997, -0.0866 0.7484 1.5997, -0.1153 0.7523 1.5997, -0.1082 0.7484 1.5997, -0.1153 0.7484 1.5997, -0.1153 0.7523 1.6088, -0.1153 0.7484 1.6088, -0.0866 0.7484 1.6088, -0.0866 0.7523 1.6088, -0.1082 0.7484 1.6088, -0.0866 0.7523 1.6345, -0.0866 0.7484 1.6345, -0.1175 0.7523 1.6345, -0.1082 0.7484 1.6345, -0.1175 0.7484 1.6345, -0.1175 0.7523 1.6437, -0.1175 0.7484 1.6437, -0.0763 0.7484 1.6437, -0.0763 0.7523 1.6437, -0.1082 0.7484 1.6437, -0.0763 0.7523 1.5636, -0.0763 0.7484 1.5636, -0.1082 0.7484 1.5636, -0.1843 0.7523 1.5861, -0.1802 0.7523 1.5811, -0.1876 0.7523 1.5748, -0.1792 0.7523 1.5802, -0.1792 0.7523 1.5688, -0.1741 0.7523 1.5766, -0.17 0.7523 1.5652, -0.1674 0.7523 1.574, -0.1565 0.7523 1.5636, -0.1564 0.7523 1.5727, -0.1345 0.7523 1.5636, -0.1448 0.7523 1.5727, -0.1345 0.7523 1.6437, -0.1448 0.7523 1.6345, -0.1573 0.7523 1.6437, -0.1569 0.7523 1.6345, -0.1695 0.7523 1.6423, -0.1675 0.7523 1.6333, -0.1792 0.7523 1.6388, -0.1744 0.7523 1.6307, -0.1876 0.7523 1.6331, -0.18 0.7523 1.6269, -0.1904 0.7523 1.6303, -0.183 0.7523 1.6239, -0.1954 0.7523 1.6233, -0.1859 0.7523 1.6192, -0.1983 0.7523 1.6156, -0.188 0.7523 1.6129, -0.1997 0.7523 1.6047, -0.1888 0.7523 1.6044, -0.1992 0.7523 1.5981, -0.1885 0.7523 1.5994, -0.197 0.7523 1.5889, -0.187 0.7523 1.5921, -0.1928 0.7523 1.5808, -0.1565 0.7484 1.5636, -0.1345 0.7484 1.5636, -0.17 0.7484 1.5652, -0.1792 0.7484 1.5688, -0.1876 0.7484 1.5748, -0.1928 0.7484 1.5808, -0.197 0.7484 1.5889, -0.1992 0.7484 1.5981, -0.1997 0.7484 1.6047, -0.1983 0.7484 1.6156, -0.1954 0.7484 1.6233, -0.1904 0.7484 1.6303, -0.1876 0.7484 1.6331, -0.1792 0.7484 1.6388, -0.1695 0.7484 1.6423, -0.1573 0.7484 1.6437, -0.1345 0.7484 1.6437, -0.1569 0.7484 1.6345, -0.1448 0.7484 1.6345, -0.1448 0.7484 1.5727, -0.1564 0.7484 1.5727, -0.1802 0.7484 1.5811, -0.1792 0.7484 1.5802, -0.1741 0.7484 1.5766, -0.1674 0.7484 1.574, -0.1888 0.7484 1.6044, -0.1885 0.7484 1.5994, -0.187 0.7484 1.5921, -0.1843 0.7484 1.5861, -0.18 0.7484 1.6269, -0.183 0.7484 1.6239, -0.1859 0.7484 1.6192, -0.188 0.7484 1.6129, -0.1675 0.7484 1.6333, -0.1744 0.7484 1.6307
            ]
        }
        coordIndex [
            0,1,2,-1,2,1,3,-1,4,0,5,-1,5,0,2,-1,6,4,7,-1,7,4,5,-1,8,6,9,-1,9,6,7,-1,10,8,11,-1,11,8,9,-1,1,10,3,-1,3,10,11,-1,6,8,4,-1,4,8,10,-1,4,10,0,-1,0,10,1,-1,12,13,14,-1,15,16,17,-1,15,17,18,-1,18,17,19,-1,18,19,14,-1,14,19,20,-1,14,20,12,-1,21,13,22,-1,22,13,12,-1,21,22,23,-1,23,22,24,-1,24,25,23,-1,23,25,26,-1,23,26,27,-1,27,26,28,-1,27,28,29,-1,29,28,30,-1,29,30,31,-1,31,30,32,-1,31,32,33,-1,33,32,34,-1,33,34,35,-1,35,34,36,-1,35,36,37,-1,37,36,38,-1,37,38,39,-1,39,38,40,-1,39,40,41,-1,41,40,42,-1,41,42,43,-1,43,42,44,-1,43,44,45,-1,45,44,46,-1,45,46,47,-1,47,46,48,-1,47,48,49,-1,49,48,50,-1,49,50,51,-1,51,50,52,-1,51,52,53,-1,53,52,54,-1,53,54,55,-1,55,54,56,-1,55,56,57,-1,57,56,58,-1,57,58,59,-1,59,58,60,-1,59,60,61,-1,61,60,62,-1,63,64,62,-1,62,64,65,-1,62,65,61,-1,63,66,64,-1,64,66,67,-1,64,67,68,-1,69,68,70,-1,70,68,67,-1,69,70,71,-1,69,71,72,-1,73,74,75,-1,75,74,72,-1,75,72,76,-1,76,72,71,-1,74,73,77,-1,74,77,78,-1,77,79,78,-1,78,79,80,-1,78,80,81,-1,81,80,82,-1,81,82,83,-1,83,82,84,-1,83,84,85,-1,85,84,86,-1,85,86,87,-1,87,86,88,-1,87,88,89,-1,89,88,90,-1,89,90,91,-1,91,90,92,-1,91,92,93,-1,93,92,94,-1,93,94,95,-1,95,94,96,-1,95,96,97,-1,97,96,98,-1,97,98,99,-1,99,98,100,-1,99,100,101,-1,101,100,102,-1,101,102,103,-1,103,102,104,-1,103,104,105,-1,105,104,106,-1,105,106,107,-1,107,106,16,-1,107,16,15,-1,47,49,87,-1,55,57,78,-1,87,49,85,-1,78,57,74,-1,78,81,55,-1,55,81,83,-1,55,83,53,-1,53,83,85,-1,53,85,51,-1,51,85,49,-1,57,59,74,-1,74,59,61,-1,74,61,72,-1,72,61,65,-1,72,65,69,-1,69,65,64,-1,69,64,68,-1,93,45,91,-1,91,45,47,-1,91,47,89,-1,89,47,87,-1,13,21,14,-1,14,21,23,-1,14,23,18,-1,18,23,27,-1,18,27,15,-1,15,27,29,-1,15,29,107,-1,107,29,31,-1,107,31,105,-1,105,31,33,-1,105,33,103,-1,103,33,35,-1,103,35,101,-1,101,35,37,-1,101,37,99,-1,99,37,39,-1,99,39,97,-1,97,39,95,-1,95,39,41,-1,95,41,93,-1,93,41,43,-1,93,43,45,-1,108,109,110,-1,110,109,111,-1,112,113,114,-1,114,113,108,-1,114,108,110,-1,115,113,116,-1,116,113,112,-1,115,116,117,-1,117,116,118,-1,117,118,119,-1,120,117,121,-1,121,117,119,-1,122,123,124,-1,124,123,120,-1,124,120,121,-1,125,123,126,-1,126,123,122,-1,125,126,127,-1,127,126,128,-1,127,128,129,-1,130,127,131,-1,131,127,129,-1,132,133,134,-1,134,133,130,-1,134,130,131,-1,135,133,136,-1,136,133,132,-1,135,136,109,-1,109,136,137,-1,109,137,111,-1,135,109,108,-1,108,113,135,-1,135,113,115,-1,135,115,133,-1,127,130,125,-1,125,130,133,-1,125,133,123,-1,123,133,115,-1,123,115,120,-1,120,115,117,-1,138,139,140,-1,140,139,141,-1,140,141,142,-1,142,141,143,-1,142,143,144,-1,144,143,145,-1,144,145,146,-1,146,145,147,-1,146,147,148,-1,148,147,149,-1,148,149,150,-1,150,149,151,-1,150,151,152,-1,152,151,153,-1,152,153,154,-1,154,153,155,-1,154,155,156,-1,156,155,157,-1,156,157,158,-1,158,157,159,-1,158,159,160,-1,160,159,161,-1,160,161,162,-1,162,161,163,-1,162,163,164,-1,164,163,165,-1,164,165,166,-1,166,165,167,-1,166,167,168,-1,168,167,169,-1,168,169,170,-1,170,169,171,-1,170,171,172,-1,172,171,138,-1,172,138,140,-1,146,148,173,-1,173,148,174,-1,146,173,175,-1,146,175,144,-1,144,175,176,-1,144,176,142,-1,142,176,177,-1,142,177,140,-1,140,177,178,-1,140,178,172,-1,172,178,179,-1,172,179,170,-1,170,179,180,-1,170,180,168,-1,168,180,181,-1,168,181,166,-1,166,181,182,-1,166,182,164,-1,164,182,183,-1,164,183,162,-1,162,183,184,-1,162,184,160,-1,160,184,185,-1,160,185,158,-1,158,185,186,-1,158,186,156,-1,156,186,187,-1,156,187,154,-1,154,187,188,-1,154,188,152,-1,150,152,189,-1,189,152,188,-1,148,150,174,-1,174,150,189,-1,153,151,190,-1,190,151,191,-1,151,149,191,-1,191,149,192,-1,149,147,192,-1,192,147,193,-1,139,194,195,-1,139,195,141,-1,141,195,196,-1,141,196,143,-1,143,196,197,-1,143,197,145,-1,145,197,193,-1,145,193,147,-1,167,198,199,-1,167,199,169,-1,169,199,200,-1,169,200,171,-1,171,200,201,-1,171,201,138,-1,138,201,194,-1,138,194,139,-1,159,202,203,-1,159,203,161,-1,161,203,204,-1,161,204,163,-1,163,204,205,-1,163,205,165,-1,165,205,198,-1,165,198,167,-1,153,190,206,-1,153,206,155,-1,155,206,207,-1,155,207,157,-1,157,207,202,-1,157,202,159,-1,
        ]
    }
}
Shape{
    appearance Appearance {
        material  Material {
            diffuseColor 0.2235294117647059 0.2235294117647059 0.2235294117647059
            specularColor 0.11372549019607843 0.11372549019607843 0.11372549019607843
            ambientIntensity 0.2235
            transparency 0.0
            shininess 0.5
        }
    }
    geometry IndexedFaceSet {
        ccw TRUE
        solid FALSE
        coord DEF co Coordinate {
            point [
                -0.1448 0.7484 1.6345, -0.1448 0.7484 1.5727, -0.1569 0.7484 1.6345, -0.1564 0.7484 1.5727, -0.1674 0.7484 1.574, -0.1741 0.7484 1.5766, -0.1792 0.7484 1.5802, -0.1888 0.7484 1.6044, -0.18 0.7484 1.6269, -0.1744 0.7484 1.6307, -0.1802 0.7484 1.5811, -0.1843 0.7484 1.5861, -0.187 0.7484 1.5921, -0.183 0.7484 1.6239, -0.188 0.7484 1.6129, -0.1859 0.7484 1.6192, -0.1885 0.7484 1.5994, -0.1675 0.7484 1.6333
            ]
        }
        coordIndex [
            0,1,2,-1,2,1,3,-1,3,4,2,-1,2,4,5,-1,2,5,6,-1,7,8,9,-1,6,10,2,-1,2,10,11,-1,2,11,12,-1,8,7,13,-1,13,7,14,-1,13,14,15,-1,12,16,2,-1,2,16,7,-1,2,7,17,-1,17,7,9,-1,
        ]
    }
}
Shape{
    appearance Appearance {
        material  Material {
            diffuseColor 1.0 1.0 1.0
            specularColor 0.5019607843137255 0.5019607843137255 0.5019607843137255
            ambientIntensity 1.0
            transparency 0.0
            shininess 0.5
        }
    }
    geometry IndexedFaceSet {
        ccw TRUE
        solid FALSE
        coord DEF co Coordinate {
            point [
                -0.2265 0.7523 1.5946, -0.2385 0.7523 1.6278, -0.2346 0.7523 1.6437, -0.2041 0.7523 1.5636, -0.2155 0.7523 1.5636, -0.2232 0.7523 1.5855, -0.2392 0.7523 1.6302, -0.2398 0.7523 1.6335, -0.2457 0.7523 1.6437, -0.24 0.7523 1.6335, -0.2407 0.7523 1.6301, -0.2413 0.7523 1.6278, -0.2534 0.7523 1.5946, -0.2761 0.7523 1.5636, -0.2647 0.7523 1.5636, -0.2566 0.7523 1.5855, -0.2457 0.7484 1.6437, -0.2761 0.7484 1.5636, -0.2346 0.7484 1.6437, -0.2041 0.7484 1.5636, -0.2272 0.7484 1.6242, -0.2155 0.7484 1.5636, -0.2232 0.7484 1.5855, -0.2566 0.7484 1.5855, -0.2272 0.7484 1.5855, -0.2647 0.7484 1.5636, -0.2265 0.7484 1.5946, -0.2534 0.7484 1.5946, -0.2413 0.7484 1.6278, -0.24 0.7484 1.6335, -0.2407 0.7484 1.6301, -0.2398 0.7484 1.6335, -0.2385 0.7484 1.6278, -0.2392 0.7484 1.6302
            ]
        }
        coordIndex [
            0,1,2,-1,3,4,5,-1,1,6,2,-1,2,6,7,-1,2,7,8,-1,8,7,9,-1,8,9,10,-1,10,11,8,-1,8,11,12,-1,8,12,13,-1,14,13,15,-1,15,13,12,-1,15,12,5,-1,5,12,0,-1,5,0,3,-1,3,0,2,-1,8,13,16,-1,16,13,17,-1,2,8,18,-1,18,8,16,-1,19,3,20,-1,20,3,2,-1,20,2,18,-1,4,3,21,-1,21,3,19,-1,5,4,22,-1,22,4,21,-1,23,15,24,-1,24,15,5,-1,24,5,22,-1,14,15,25,-1,25,15,23,-1,13,14,17,-1,17,14,25,-1,0,12,26,-1,26,12,27,-1,12,11,27,-1,27,11,28,-1,9,29,30,-1,9,30,10,-1,10,30,28,-1,10,28,11,-1,9,7,29,-1,29,7,31,-1,1,32,33,-1,1,33,6,-1,6,33,31,-1,6,31,7,-1,1,0,32,-1,32,0,26,-1,
        ]
    }
}
Shape{
    appearance Appearance {
        material  Material {
            diffuseColor 0.2235294117647059 0.2235294117647059 0.2235294117647059
            specularColor 0.11372549019607843 0.11372549019607843 0.11372549019607843
            ambientIntensity 0.2235
            transparency 0.0
            shininess 0.5
        }
    }
    geometry IndexedFaceSet {
        ccw TRUE
        solid FALSE
        coord DEF co Coordinate {
            point [
                -0.24 0.7484 1.6335, -0.2398 0.7484 1.6335, -0.2407 0.7484 1.6301, -0.2392 0.7484 1.6302, -0.2413 0.7484 1.6278, -0.2385 0.7484 1.6278, -0.2534 0.7484 1.5946, -0.2265 0.7484 1.5946
            ]
        }
        coordIndex [
            0,1,2,-1,2,1,3,-1,2,3,4,-1,4,3,5,-1,4,5,6,-1,6,5,7,-1,
        ]
    }
}
Shape{
    appearance Appearance {
        material  Material {
            diffuseColor 1.0 1.0 1.0
            specularColor 0.5019607843137255 0.5019607843137255 0.5019607843137255
            ambientIntensity 1.0
            transparency 0.0
            shininess 0.5
        }
    }
    geometry IndexedFaceSet {
        ccw TRUE
        solid FALSE
        coord DEF co Coordinate {
            point [
                0.0021 0.7523 1.4457, 0.0021 0.7523 1.4366, 0.0021 0.7484 1.4457, 0.0021 0.7484 1.4366, 0.0349 0.7484 1.4457, 0.0349 0.7523 1.4457, 0.0026 0.7484 1.4457, 0.0349 0.7523 1.4727, 0.0349 0.7484 1.4727, 0.0062 0.7523 1.4727, 0.0062 0.7484 1.4727, 0.0062 0.7523 1.4818, 0.0062 0.7484 1.4818, 0.0349 0.7523 1.4818, 0.0349 0.7484 1.4818, 0.0349 0.7523 1.5075, 0.0349 0.7484 1.5075, 0.004 0.7523 1.5075, 0.004 0.7484 1.5075, 0.004 0.7523 1.5167, 0.004 0.7484 1.5167, 0.0452 0.7523 1.5167, 0.0452 0.7484 1.5167, 0.0452 0.7523 1.4366, 0.0452 0.7484 1.4366, 0.0026 0.7484 1.4366, -0.0434 0.7523 1.4366, -0.0534 0.7523 1.4366, -0.0434 0.7523 1.4454, -0.0534 0.7523 1.4734, -0.0434 0.7523 1.4729, -0.0216 0.7523 1.461, -0.0239 0.7523 1.4621, -0.0431 0.7523 1.4454, -0.0378 0.7523 1.4469, -0.0415 0.7523 1.443, -0.035 0.7523 1.445, -0.03 0.7523 1.4635, -0.0434 0.7523 1.4653, -0.0434 0.7523 1.4598, -0.0434 0.7523 1.4591, -0.0427 0.7523 1.4547, -0.0413 0.7523 1.4511, -0.0391 0.7523 1.4481, -0.043 0.7523 1.4774, -0.0526 0.7523 1.4812, -0.042 0.7523 1.4809, -0.051 0.7523 1.4857, -0.0408 0.7523 1.483, -0.0489 0.7523 1.4889, -0.0393 0.7523 1.4846, -0.0462 0.7523 1.4914, -0.0375 0.7523 1.4858, -0.0429 0.7523 1.4933, -0.0352 0.7523 1.4866, -0.0386 0.7523 1.4946, -0.0318 0.7523 1.4869, -0.0327 0.7523 1.4951, -0.0256 0.7523 1.4863, -0.0226 0.7523 1.4939, -0.0194 0.7523 1.4841, -0.0152 0.7523 1.491, -0.0131 0.7523 1.48, -0.0131 0.7523 1.4898, -0.0197 0.7523 1.4469, -0.0124 0.7523 1.4397, -0.0205 0.7523 1.446, -0.0158 0.7523 1.4374, -0.0225 0.7523 1.4447, -0.0196 0.7523 1.4359, -0.0248 0.7523 1.4439, -0.0256 0.7523 1.4352, -0.0282 0.7523 1.4435, -0.0308 0.7523 1.4358, -0.032 0.7523 1.4439, -0.0349 0.7523 1.4373, -0.0384 0.7523 1.4396, -0.0264 0.7523 1.4706, -0.0188 0.7523 1.4687, -0.0203 0.7523 1.46, -0.0145 0.7523 1.4665, -0.0191 0.7523 1.4585, -0.0115 0.7523 1.4638, -0.0182 0.7523 1.4566, -0.0095 0.7523 1.4609, -0.0177 0.7523 1.4543, -0.0081 0.7523 1.4574, -0.0176 0.7523 1.4527, -0.0075 0.7523 1.4519, -0.0179 0.7523 1.4504, -0.008 0.7523 1.4474, -0.0186 0.7523 1.4486, -0.0092 0.7523 1.444, -0.0113 0.7523 1.4409, -0.0327 0.7484 1.4951, -0.0226 0.7484 1.4939, -0.0152 0.7484 1.491, -0.0131 0.7484 1.4898, -0.0131 0.7484 1.48, -0.0194 0.7484 1.4841, -0.0256 0.7484 1.4863, -0.0318 0.7484 1.4869, -0.0352 0.7484 1.4866, -0.0375 0.7484 1.4858, -0.0393 0.7484 1.4846, -0.0408 0.7484 1.483, -0.042 0.7484 1.4809, -0.043 0.7484 1.4774, -0.0434 0.7484 1.4729, -0.0264 0.7484 1.4706, -0.0188 0.7484 1.4687, -0.0145 0.7484 1.4665, -0.0115 0.7484 1.4638, -0.0095 0.7484 1.4609, -0.0081 0.7484 1.4574, -0.0075 0.7484 1.4519, -0.008 0.7484 1.4474, -0.0092 0.7484 1.444, -0.0113 0.7484 1.4409, -0.0124 0.7484 1.4397, -0.0256 0.7484 1.4352, -0.0198 0.7484 1.4359, -0.0196 0.7484 1.4359, -0.0158 0.7484 1.4374, -0.0308 0.7484 1.4358, -0.0311 0.7484 1.4359, -0.0349 0.7484 1.4373, -0.0384 0.7484 1.4396, -0.0415 0.7484 1.443, -0.0431 0.7484 1.4454, -0.0434 0.7484 1.4454, -0.0434 0.7484 1.4366, -0.0534 0.7484 1.4366, -0.0534 0.7484 1.4734, -0.0526 0.7484 1.4812, -0.051 0.7484 1.4857, -0.0489 0.7484 1.4889, -0.0462 0.7484 1.4914, -0.0429 0.7484 1.4933, -0.0386 0.7484 1.4946, -0.0203 0.7484 1.46, -0.0216 0.7484 1.461, -0.0239 0.7484 1.4621, -0.03 0.7484 1.4635, -0.0176 0.7484 1.4527, -0.0177 0.7484 1.4543, -0.0182 0.7484 1.4566, -0.0191 0.7484 1.4585, -0.0205 0.7484 1.446, -0.0197 0.7484 1.4469, -0.0186 0.7484 1.4486, -0.0179 0.7484 1.4504, -0.0282 0.7484 1.4435, -0.0248 0.7484 1.4439, -0.0225 0.7484 1.4447, -0.0391 0.7484 1.4481, -0.0378 0.7484 1.4469, -0.035 0.7484 1.445, -0.032 0.7484 1.4439, -0.0434 0.7484 1.4598, -0.0434 0.7484 1.4591, -0.0427 0.7484 1.4547, -0.0413 0.7484 1.4511, -0.0434 0.7484 1.4653
            ]
        }
        coordIndex [
            0,1,2,-1,2,1,3,-1,4,5,6,-1,6,5,0,-1,6,0,2,-1,7,5,8,-1,8,5,4,-1,9,7,10,-1,10,7,8,-1,11,9,12,-1,12,9,10,-1,13,11,14,-1,14,11,12,-1,15,13,16,-1,16,13,14,-1,17,15,18,-1,18,15,16,-1,19,17,20,-1,20,17,18,-1,21,19,22,-1,22,19,20,-1,23,21,24,-1,24,21,22,-1,3,1,25,-1,25,1,23,-1,25,23,24,-1,23,1,0,-1,0,5,23,-1,23,5,7,-1,23,7,21,-1,17,19,15,-1,15,19,21,-1,15,21,13,-1,13,21,7,-1,13,7,11,-1,11,7,9,-1,26,27,28,-1,28,27,29,-1,30,31,32,-1,33,34,35,-1,35,34,36,-1,37,38,29,-1,29,38,39,-1,39,40,29,-1,29,40,41,-1,29,41,28,-1,28,41,42,-1,28,42,33,-1,33,42,43,-1,33,43,34,-1,32,37,30,-1,30,37,29,-1,30,29,44,-1,44,29,45,-1,44,45,46,-1,46,45,47,-1,46,47,48,-1,48,47,49,-1,48,49,50,-1,50,49,51,-1,50,51,52,-1,52,51,53,-1,52,53,54,-1,54,53,55,-1,54,55,56,-1,56,55,57,-1,56,57,58,-1,58,57,59,-1,58,59,60,-1,60,59,61,-1,60,61,62,-1,62,61,63,-1,64,65,66,-1,66,65,67,-1,66,67,68,-1,68,67,69,-1,68,69,70,-1,70,69,71,-1,70,71,72,-1,72,71,73,-1,72,73,74,-1,74,73,75,-1,74,75,36,-1,36,75,76,-1,36,76,35,-1,30,77,31,-1,31,77,78,-1,31,78,79,-1,79,78,80,-1,79,80,81,-1,81,80,82,-1,81,82,83,-1,83,82,84,-1,83,84,85,-1,85,84,86,-1,85,86,87,-1,87,86,88,-1,87,88,89,-1,89,88,90,-1,89,90,91,-1,91,90,92,-1,91,92,64,-1,64,92,93,-1,64,93,65,-1,57,94,95,-1,57,95,59,-1,59,95,96,-1,59,96,61,-1,61,96,97,-1,61,97,63,-1,62,63,98,-1,98,63,97,-1,62,98,99,-1,62,99,60,-1,60,99,100,-1,60,100,58,-1,58,100,101,-1,58,101,56,-1,56,101,102,-1,56,102,54,-1,54,102,103,-1,54,103,52,-1,52,103,104,-1,52,104,50,-1,50,104,105,-1,50,105,48,-1,48,105,106,-1,48,106,46,-1,46,106,107,-1,46,107,44,-1,44,107,108,-1,44,108,30,-1,77,30,109,-1,109,30,108,-1,77,109,110,-1,77,110,78,-1,78,110,111,-1,78,111,80,-1,80,111,112,-1,80,112,82,-1,82,112,113,-1,82,113,84,-1,84,113,114,-1,84,114,86,-1,86,114,115,-1,86,115,88,-1,88,115,116,-1,88,116,90,-1,90,116,117,-1,90,117,92,-1,92,117,118,-1,92,118,93,-1,93,118,119,-1,93,119,65,-1,120,71,121,-1,121,71,69,-1,121,69,122,-1,122,69,67,-1,122,67,123,-1,123,67,65,-1,123,65,119,-1,71,120,124,-1,71,124,73,-1,73,124,125,-1,73,125,75,-1,125,126,75,-1,75,126,127,-1,75,127,76,-1,76,127,128,-1,76,128,35,-1,35,128,129,-1,35,129,33,-1,28,33,130,-1,130,33,129,-1,26,28,131,-1,131,28,130,-1,27,26,132,-1,132,26,131,-1,29,27,133,-1,133,27,132,-1,29,133,134,-1,29,134,45,-1,45,134,135,-1,45,135,47,-1,47,135,136,-1,47,136,49,-1,49,136,137,-1,49,137,51,-1,51,137,138,-1,51,138,53,-1,53,138,139,-1,53,139,55,-1,55,139,94,-1,55,94,57,-1,79,140,141,-1,79,141,31,-1,31,141,142,-1,31,142,32,-1,32,142,143,-1,32,143,37,-1,87,144,145,-1,87,145,85,-1,85,145,146,-1,85,146,83,-1,83,146,147,-1,83,147,81,-1,81,147,140,-1,81,140,79,-1,66,148,149,-1,66,149,64,-1,64,149,150,-1,64,150,91,-1,91,150,151,-1,91,151,89,-1,89,151,144,-1,89,144,87,-1,72,152,153,-1,72,153,70,-1,70,153,154,-1,70,154,68,-1,68,154,148,-1,68,148,66,-1,43,155,156,-1,43,156,34,-1,34,156,157,-1,34,157,36,-1,36,157,158,-1,36,158,74,-1,74,158,152,-1,74,152,72,-1,39,159,160,-1,39,160,40,-1,40,160,161,-1,40,161,41,-1,41,161,162,-1,41,162,42,-1,42,162,155,-1,42,155,43,-1,39,38,159,-1,159,38,163,-1,38,37,163,-1,163,37,143,-1,
        ]
    }
}
Shape{
    appearance Appearance {
        material  Material {
            diffuseColor 0.2235294117647059 0.2235294117647059 0.2235294117647059
            specularColor 0.11372549019607843 0.11372549019607843 0.11372549019607843
            ambientIntensity 0.2235
            transparency 0.0
            shininess 0.5
        }
    }
    geometry IndexedFaceSet {
        ccw TRUE
        solid FALSE
        coord DEF co Coordinate {
            point [
                -0.0434 0.7484 1.4591, -0.0434 0.7484 1.4598, -0.0203 0.7484 1.46, -0.0434 0.7484 1.4653, -0.03 0.7484 1.4635, -0.0239 0.7484 1.4621, -0.0216 0.7484 1.461, -0.0427 0.7484 1.4547, -0.0191 0.7484 1.4585, -0.0413 0.7484 1.4511, -0.0197 0.7484 1.4469, -0.0205 0.7484 1.446, -0.0378 0.7484 1.4469, -0.0186 0.7484 1.4486, -0.035 0.7484 1.445, -0.032 0.7484 1.4439, -0.0282 0.7484 1.4435, -0.0182 0.7484 1.4566, -0.0177 0.7484 1.4543, -0.0391 0.7484 1.4481, -0.0176 0.7484 1.4527, -0.0179 0.7484 1.4504, -0.0225 0.7484 1.4447, -0.0248 0.7484 1.4439
            ]
        }
        coordIndex [
            0,1,2,-1,1,3,4,-1,4,5,1,-1,1,5,6,-1,1,6,2,-1,0,2,7,-1,7,2,8,-1,7,8,9,-1,10,11,12,-1,10,12,13,-1,14,12,15,-1,15,12,16,-1,8,17,9,-1,9,17,18,-1,9,18,19,-1,19,18,20,-1,19,20,12,-1,12,20,21,-1,12,21,13,-1,11,22,12,-1,12,22,23,-1,12,23,16,-1,
        ]
    }
}
Shape{
    appearance Appearance {
        material  Material {
            diffuseColor 1.0 1.0 1.0
            specularColor 0.5019607843137255 0.5019607843137255 0.5019607843137255
            ambientIntensity 1.0
            transparency 0.0
            shininess 0.5
        }
    }
    geometry IndexedFaceSet {
        ccw TRUE
        solid FALSE
        coord DEF co Coordinate {
            point [
                -0.0835 0.7523 1.4434, -0.0835 0.7484 1.4434, -0.0769 0.7484 1.4442, -0.0769 0.7523 1.4442, -0.0707 0.7484 1.4467, -0.0707 0.7523 1.4467, -0.067 0.7484 1.449, -0.067 0.7523 1.449, -0.067 0.7523 1.4386, -0.067 0.7484 1.4386, -0.0825 0.7484 1.4352, -0.0825 0.7523 1.4352, -0.0764 0.7484 1.4359, -0.0735 0.7523 1.4362, -0.0735 0.7484 1.4362, -0.0891 0.7484 1.4359, -0.0906 0.7523 1.4361, -0.0906 0.7484 1.4361, -0.0961 0.7484 1.438, -0.0961 0.7523 1.438, -0.0992 0.7484 1.4398, -0.0992 0.7523 1.4398, -0.1021 0.7484 1.4423, -0.1021 0.7523 1.4423, -0.1039 0.7484 1.4449, -0.1039 0.7523 1.4449, -0.1052 0.7484 1.4481, -0.1052 0.7523 1.4481, -0.1056 0.7484 1.4521, -0.1056 0.7523 1.4521, -0.1052 0.7484 1.4559, -0.1052 0.7523 1.4559, -0.1041 0.7484 1.4588, -0.1041 0.7523 1.4588, -0.1023 0.7484 1.4616, -0.1023 0.7523 1.4616, -0.0999 0.7484 1.4637, -0.0999 0.7523 1.4637, -0.0932 0.7484 1.4674, -0.0932 0.7523 1.4674, -0.0893 0.7484 1.469, -0.0893 0.7523 1.469, -0.0831 0.7484 1.4717, -0.0831 0.7523 1.4717, -0.0796 0.7484 1.4739, -0.0796 0.7523 1.4739, -0.0786 0.7484 1.475, -0.0786 0.7523 1.475, -0.0779 0.7484 1.4764, -0.0779 0.7523 1.4764, -0.0775 0.7484 1.4779, -0.0775 0.7523 1.4779, -0.0774 0.7484 1.4792, -0.0774 0.7523 1.4792, -0.0776 0.7484 1.4808, -0.0776 0.7523 1.4808, -0.0781 0.7484 1.4822, -0.0781 0.7523 1.4822, -0.0789 0.7484 1.4835, -0.0789 0.7523 1.4835, -0.0805 0.7484 1.4848, -0.0805 0.7523 1.4848, -0.0827 0.7484 1.486, -0.0827 0.7523 1.486, -0.0854 0.7484 1.4867, -0.0854 0.7523 1.4867, -0.0884 0.7484 1.4869, -0.0884 0.7523 1.4869, -0.0952 0.7484 1.4861, -0.0952 0.7523 1.4861, -0.1009 0.7484 1.484, -0.1009 0.7523 1.484, -0.1029 0.7484 1.4828, -0.1029 0.7523 1.4828, -0.1029 0.7523 1.4926, -0.1029 0.7484 1.4926, -0.0959 0.7484 1.4945, -0.0959 0.7523 1.4945, -0.0893 0.7484 1.4951, -0.0893 0.7523 1.4951, -0.0819 0.7484 1.4943, -0.0819 0.7523 1.4943, -0.0764 0.7484 1.4923, -0.0764 0.7523 1.4923, -0.0735 0.7484 1.4905, -0.0735 0.7523 1.4905, -0.0705 0.7484 1.4879, -0.0705 0.7523 1.4879, -0.0687 0.7484 1.4852, -0.0687 0.7523 1.4852, -0.0675 0.7484 1.4819, -0.0675 0.7523 1.4819, -0.0671 0.7484 1.4783, -0.0671 0.7523 1.4783, -0.0675 0.7484 1.4745, -0.0675 0.7523 1.4745, -0.0686 0.7484 1.4714, -0.0686 0.7523 1.4714, -0.0699 0.7484 1.4693, -0.0699 0.7523 1.4693, -0.0716 0.7484 1.4676, -0.0716 0.7523 1.4676, -0.0763 0.7484 1.4645, -0.0763 0.7523 1.4645, -0.0823 0.7484 1.4617, -0.0823 0.7523 1.4617, -0.0888 0.7484 1.459, -0.0888 0.7523 1.459, -0.0928 0.7484 1.4566, -0.0928 0.7523 1.4566, -0.094 0.7484 1.4553, -0.094 0.7523 1.4553, -0.0948 0.7484 1.454, -0.0948 0.7523 1.454, -0.0952 0.7484 1.4524, -0.0952 0.7523 1.4524, -0.0953 0.7484 1.4512, -0.0953 0.7523 1.4512, -0.0951 0.7484 1.4493, -0.0951 0.7523 1.4493, -0.0946 0.7484 1.4478, -0.0946 0.7523 1.4478, -0.0937 0.7484 1.4465, -0.0937 0.7523 1.4465, -0.0926 0.7484 1.4455, -0.0926 0.7523 1.4455, -0.0917 0.7484 1.445, -0.0917 0.7523 1.445, -0.0891 0.7484 1.444, -0.0891 0.7523 1.444, -0.0839 0.7484 1.4434, -0.0839 0.7523 1.4434, -0.1553 0.7523 1.4938, -0.1657 0.7523 1.4938, -0.1553 0.7484 1.4938, -0.1657 0.7484 1.4938, -0.1397 0.7523 1.4507, -0.1397 0.7484 1.4507, -0.139 0.7484 1.4481, -0.139 0.7523 1.4481, -0.1385 0.7484 1.4461, -0.1385 0.7523 1.4461, -0.1382 0.7523 1.4461, -0.1382 0.7484 1.4461, -0.137 0.7523 1.4508, -0.137 0.7484 1.4508, -0.1221 0.7484 1.4938, -0.1221 0.7523 1.4938, -0.1269 0.7484 1.4799, -0.1109 0.7523 1.4938, -0.1109 0.7484 1.4938, -0.1333 0.7484 1.4367, -0.1333 0.7523 1.4367, -0.1269 0.7484 1.4529, -0.1289 0.7484 1.4263, -0.1289 0.7523 1.4263, -0.1329 0.7484 1.4359, -0.1269 0.7484 1.4227, -0.1269 0.7523 1.4227, -0.1269 0.7484 1.4227, -0.125 0.7523 1.4206, -0.125 0.7484 1.4206, -0.1232 0.7484 1.4194, -0.1232 0.7523 1.4194, -0.121 0.7484 1.4185, -0.121 0.7523 1.4185, -0.1186 0.7484 1.4183, -0.1186 0.7523 1.4183, -0.115 0.7484 1.4187, -0.115 0.7523 1.4187, -0.1129 0.7484 1.4194, -0.1129 0.7523 1.4194, -0.1129 0.7523 1.4105, -0.1129 0.7484 1.4105, -0.1172 0.7484 1.4097, -0.1172 0.7523 1.4097, -0.1194 0.7484 1.4097, -0.1194 0.7523 1.4097, -0.1234 0.7484 1.4101, -0.1234 0.7523 1.4101, -0.1269 0.7484 1.4114, -0.1274 0.7523 1.4116, -0.1274 0.7484 1.4116, -0.1309 0.7484 1.4141, -0.1309 0.7523 1.4141, -0.1316 0.7484 1.4147, -0.1316 0.7523 1.4147, -0.1353 0.7484 1.4191, -0.1353 0.7523 1.4191, -0.1398 0.7484 1.428, -0.1398 0.7523 1.428, -0.1429 0.7484 1.4359, -0.2196 0.7523 1.4457, -0.2196 0.7523 1.4366, -0.2196 0.7484 1.4457, -0.2196 0.7484 1.4366, -0.1869 0.7484 1.4457, -0.1869 0.7523 1.4457, -0.2019 0.7484 1.4457, -0.1869 0.7523 1.4727, -0.1869 0.7484 1.4727, -0.2155 0.7484 1.4727, -0.2155 0.7523 1.4727, -0.2019 0.7484 1.4727, -0.2155 0.7523 1.4818, -0.2155 0.7484 1.4818, -0.1869 0.7484 1.4818, -0.1869 0.7523 1.4818, -0.2019 0.7484 1.4818, -0.1869 0.7523 1.5075, -0.1869 0.7484 1.5075, -0.2178 0.7484 1.5075, -0.2178 0.7523 1.5075, -0.2019 0.7484 1.5075, -0.2178 0.7523 1.5167, -0.2178 0.7484 1.5167, -0.1766 0.7484 1.5167, -0.1766 0.7523 1.5167, -0.2019 0.7484 1.5167, -0.1766 0.7523 1.4366, -0.1766 0.7484 1.4366, -0.2019 0.7484 1.4366, -0.2845 0.7523 1.4591, -0.2805 0.7523 1.4541, -0.2879 0.7523 1.4478, -0.2795 0.7523 1.4532, -0.2794 0.7523 1.4418, -0.2743 0.7523 1.4496, -0.2703 0.7523 1.4382, -0.2677 0.7523 1.447, -0.2568 0.7523 1.4366, -0.2567 0.7523 1.4457, -0.2347 0.7523 1.4366, -0.2451 0.7523 1.4457, -0.2347 0.7523 1.5167, -0.2451 0.7523 1.5075, -0.2576 0.7523 1.5167, -0.2572 0.7523 1.5075, -0.2698 0.7523 1.5153, -0.2678 0.7523 1.5062, -0.2795 0.7523 1.5118, -0.2747 0.7523 1.5037, -0.2879 0.7523 1.5061, -0.2803 0.7523 1.4999, -0.2907 0.7523 1.5033, -0.2832 0.7523 1.4969, -0.2957 0.7523 1.4963, -0.2862 0.7523 1.4921, -0.2986 0.7523 1.4886, -0.2882 0.7523 1.4859, -0.2999 0.7523 1.4777, -0.2891 0.7523 1.4774, -0.2995 0.7523 1.471, -0.2888 0.7523 1.4724, -0.2973 0.7523 1.4619, -0.2873 0.7523 1.465, -0.2931 0.7523 1.4538, -0.2568 0.7484 1.4366, -0.2347 0.7484 1.4366, -0.2703 0.7484 1.4382, -0.2794 0.7484 1.4418, -0.2879 0.7484 1.4478, -0.288 0.7484 1.448, -0.2931 0.7484 1.4538, -0.2973 0.7484 1.4619, -0.2995 0.7484 1.471, -0.2999 0.7484 1.4777, -0.2879 0.7484 1.5061, -0.288 0.7484 1.5059, -0.2907 0.7484 1.5033, -0.2957 0.7484 1.4963, -0.2986 0.7484 1.4886, -0.2795 0.7484 1.5118, -0.2698 0.7484 1.5153, -0.2576 0.7484 1.5167, -0.2347 0.7484 1.5167, -0.2572 0.7484 1.5075, -0.2451 0.7484 1.5075, -0.2451 0.7484 1.4457, -0.2567 0.7484 1.4457, -0.2805 0.7484 1.4541, -0.2795 0.7484 1.4532, -0.2743 0.7484 1.4496, -0.2677 0.7484 1.447, -0.2891 0.7484 1.4774, -0.2888 0.7484 1.4724, -0.2873 0.7484 1.465, -0.2845 0.7484 1.4591, -0.2803 0.7484 1.4999, -0.2832 0.7484 1.4969, -0.2862 0.7484 1.4921, -0.2882 0.7484 1.4859, -0.2678 0.7484 1.5062, -0.2747 0.7484 1.5037
            ]
        }
        coordIndex [
            0,1,2,-1,0,2,3,-1,3,2,4,-1,3,4,5,-1,5,4,6,-1,5,6,7,-1,8,7,9,-1,9,7,6,-1,10,11,12,-1,12,11,13,-1,12,13,14,-1,14,13,8,-1,14,8,9,-1,10,15,11,-1,11,15,16,-1,15,17,16,-1,16,17,18,-1,16,18,19,-1,19,18,20,-1,19,20,21,-1,21,20,22,-1,21,22,23,-1,23,22,24,-1,23,24,25,-1,25,24,26,-1,25,26,27,-1,27,26,28,-1,27,28,29,-1,29,28,30,-1,29,30,31,-1,31,30,32,-1,31,32,33,-1,33,32,34,-1,33,34,35,-1,35,34,36,-1,35,36,37,-1,37,36,38,-1,37,38,39,-1,39,38,40,-1,39,40,41,-1,41,40,42,-1,41,42,43,-1,43,42,44,-1,43,44,45,-1,45,44,46,-1,45,46,47,-1,47,46,48,-1,47,48,49,-1,49,48,50,-1,49,50,51,-1,51,50,52,-1,51,52,53,-1,53,52,54,-1,53,54,55,-1,55,54,56,-1,55,56,57,-1,57,56,58,-1,57,58,59,-1,59,58,60,-1,59,60,61,-1,61,60,62,-1,61,62,63,-1,63,62,64,-1,63,64,65,-1,65,64,66,-1,65,66,67,-1,67,66,68,-1,67,68,69,-1,69,68,70,-1,69,70,71,-1,71,70,72,-1,71,72,73,-1,74,73,75,-1,75,73,72,-1,74,75,76,-1,74,76,77,-1,77,76,78,-1,77,78,79,-1,79,78,80,-1,79,80,81,-1,81,80,82,-1,81,82,83,-1,83,82,84,-1,83,84,85,-1,85,84,86,-1,85,86,87,-1,87,86,88,-1,87,88,89,-1,89,88,90,-1,89,90,91,-1,91,90,92,-1,91,92,93,-1,93,92,94,-1,93,94,95,-1,95,94,96,-1,95,96,97,-1,97,96,98,-1,97,98,99,-1,99,98,100,-1,99,100,101,-1,101,100,102,-1,101,102,103,-1,103,102,104,-1,103,104,105,-1,105,104,106,-1,105,106,107,-1,107,106,108,-1,107,108,109,-1,109,108,110,-1,109,110,111,-1,111,110,112,-1,111,112,113,-1,113,112,114,-1,113,114,115,-1,115,114,116,-1,115,116,117,-1,117,116,118,-1,117,118,119,-1,119,118,120,-1,119,120,121,-1,121,120,122,-1,121,122,123,-1,123,122,124,-1,123,124,125,-1,125,124,126,-1,125,126,127,-1,127,126,128,-1,127,128,129,-1,129,128,130,-1,129,130,131,-1,131,130,1,-1,131,1,0,-1,59,61,83,-1,83,61,81,-1,107,41,105,-1,105,41,43,-1,19,21,123,-1,123,21,23,-1,123,23,121,-1,121,23,25,-1,121,25,119,-1,119,25,27,-1,119,27,117,-1,117,27,29,-1,117,29,115,-1,115,29,31,-1,115,31,113,-1,113,31,33,-1,113,33,111,-1,111,33,35,-1,111,35,109,-1,109,35,37,-1,109,37,107,-1,107,37,39,-1,107,39,41,-1,11,0,13,-1,13,0,3,-1,13,3,8,-1,8,3,5,-1,8,5,7,-1,61,63,81,-1,81,63,65,-1,81,65,79,-1,79,65,67,-1,79,67,77,-1,77,67,69,-1,77,69,74,-1,74,69,71,-1,74,71,73,-1,123,125,19,-1,19,125,127,-1,19,127,16,-1,16,127,129,-1,16,129,11,-1,11,129,131,-1,11,131,0,-1,83,85,59,-1,59,85,87,-1,59,87,57,-1,57,87,89,-1,57,89,55,-1,55,89,91,-1,55,91,53,-1,53,91,93,-1,53,93,51,-1,51,93,95,-1,51,95,49,-1,49,95,97,-1,49,97,47,-1,47,97,99,-1,47,99,45,-1,45,99,101,-1,45,101,43,-1,43,101,103,-1,43,103,105,-1,132,133,134,-1,134,133,135,-1,136,132,137,-1,137,132,134,-1,136,137,138,-1,136,138,139,-1,139,138,140,-1,139,140,141,-1,142,141,143,-1,143,141,140,-1,144,142,145,-1,145,142,143,-1,146,147,148,-1,148,147,144,-1,148,144,145,-1,149,147,150,-1,150,147,146,-1,151,152,153,-1,153,152,149,-1,153,149,150,-1,154,155,156,-1,156,155,152,-1,156,152,151,-1,155,154,157,-1,155,157,158,-1,158,157,159,-1,158,159,160,-1,159,161,160,-1,160,161,162,-1,160,162,163,-1,163,162,164,-1,163,164,165,-1,165,164,166,-1,165,166,167,-1,167,166,168,-1,167,168,169,-1,169,168,170,-1,169,170,171,-1,172,171,173,-1,173,171,170,-1,172,173,174,-1,172,174,175,-1,175,174,176,-1,175,176,177,-1,177,176,178,-1,177,178,179,-1,179,178,180,-1,179,180,181,-1,180,182,181,-1,181,182,183,-1,181,183,184,-1,184,183,185,-1,184,185,186,-1,186,185,187,-1,186,187,188,-1,188,187,189,-1,188,189,190,-1,135,133,191,-1,191,133,190,-1,191,190,189,-1,139,141,190,-1,133,132,190,-1,190,132,136,-1,190,136,139,-1,147,149,144,-1,144,149,152,-1,144,152,142,-1,171,172,169,-1,169,172,175,-1,169,175,167,-1,167,175,177,-1,167,177,165,-1,165,177,179,-1,165,179,163,-1,163,179,181,-1,163,181,160,-1,188,158,186,-1,186,158,160,-1,186,160,184,-1,184,160,181,-1,141,142,190,-1,190,142,152,-1,190,152,188,-1,188,152,155,-1,188,155,158,-1,192,193,194,-1,194,193,195,-1,196,197,198,-1,198,197,192,-1,198,192,194,-1,199,197,200,-1,200,197,196,-1,201,202,203,-1,203,202,199,-1,203,199,200,-1,204,202,205,-1,205,202,201,-1,206,207,208,-1,208,207,204,-1,208,204,205,-1,209,207,210,-1,210,207,206,-1,211,212,213,-1,213,212,209,-1,213,209,210,-1,214,212,215,-1,215,212,211,-1,216,217,218,-1,218,217,214,-1,218,214,215,-1,219,217,220,-1,220,217,216,-1,195,193,221,-1,221,193,219,-1,221,219,220,-1,219,193,192,-1,192,197,219,-1,219,197,199,-1,219,199,217,-1,212,214,209,-1,209,214,217,-1,209,217,207,-1,207,217,199,-1,207,199,204,-1,204,199,202,-1,222,223,224,-1,224,223,225,-1,224,225,226,-1,226,225,227,-1,226,227,228,-1,228,227,229,-1,228,229,230,-1,230,229,231,-1,230,231,232,-1,232,231,233,-1,232,233,234,-1,234,233,235,-1,234,235,236,-1,236,235,237,-1,236,237,238,-1,238,237,239,-1,238,239,240,-1,240,239,241,-1,240,241,242,-1,242,241,243,-1,242,243,244,-1,244,243,245,-1,244,245,246,-1,246,245,247,-1,246,247,248,-1,248,247,249,-1,248,249,250,-1,250,249,251,-1,250,251,252,-1,252,251,253,-1,252,253,254,-1,254,253,255,-1,254,255,256,-1,256,255,222,-1,256,222,224,-1,230,232,257,-1,257,232,258,-1,230,257,259,-1,230,259,228,-1,228,259,260,-1,228,260,226,-1,226,260,261,-1,226,261,224,-1,224,261,262,-1,224,262,256,-1,262,263,256,-1,256,263,264,-1,256,264,254,-1,254,264,265,-1,254,265,252,-1,252,265,266,-1,252,266,250,-1,267,242,268,-1,268,242,244,-1,268,244,269,-1,269,244,246,-1,269,246,270,-1,270,246,248,-1,270,248,271,-1,271,248,250,-1,271,250,266,-1,242,267,272,-1,242,272,240,-1,240,272,273,-1,240,273,238,-1,238,273,274,-1,238,274,236,-1,234,236,275,-1,275,236,274,-1,232,234,258,-1,258,234,275,-1,237,235,276,-1,276,235,277,-1,235,233,277,-1,277,233,278,-1,233,231,278,-1,278,231,279,-1,223,280,281,-1,223,281,225,-1,225,281,282,-1,225,282,227,-1,227,282,283,-1,227,283,229,-1,229,283,279,-1,229,279,231,-1,251,284,285,-1,251,285,253,-1,253,285,286,-1,253,286,255,-1,255,286,287,-1,255,287,222,-1,222,287,280,-1,222,280,223,-1,243,288,289,-1,243,289,245,-1,245,289,290,-1,245,290,247,-1,247,290,291,-1,247,291,249,-1,249,291,284,-1,249,284,251,-1,237,276,292,-1,237,292,239,-1,239,292,293,-1,239,293,241,-1,241,293,288,-1,241,288,243,-1,
        ]
    }
}
Shape{
    appearance Appearance {
        material  Material {
            diffuseColor 0.2235294117647059 0.2235294117647059 0.2235294117647059
            specularColor 0.11372549019607843 0.11372549019607843 0.11372549019607843
            ambientIntensity 0.2235
            transparency 0.0
            shininess 0.5
        }
    }
    geometry IndexedFaceSet {
        ccw TRUE
        solid FALSE
        coord DEF co Coordinate {
            point [
                -0.2451 0.7484 1.5075, -0.2451 0.7484 1.4457, -0.2572 0.7484 1.5075, -0.2567 0.7484 1.4457, -0.2677 0.7484 1.447, -0.2743 0.7484 1.4496, -0.2795 0.7484 1.4532, -0.2891 0.7484 1.4774, -0.2803 0.7484 1.4999, -0.2747 0.7484 1.5037, -0.2805 0.7484 1.4541, -0.2845 0.7484 1.4591, -0.2873 0.7484 1.465, -0.2832 0.7484 1.4969, -0.2882 0.7484 1.4859, -0.2862 0.7484 1.4921, -0.2888 0.7484 1.4724, -0.2678 0.7484 1.5062
            ]
        }
        coordIndex [
            0,1,2,-1,2,1,3,-1,3,4,2,-1,2,4,5,-1,2,5,6,-1,7,8,9,-1,6,10,2,-1,2,10,11,-1,2,11,12,-1,8,7,13,-1,13,7,14,-1,13,14,15,-1,12,16,2,-1,2,16,7,-1,2,7,17,-1,17,7,9,-1,
        ]
    }
}
Shape{
    appearance Appearance {
        material  Material {
            diffuseColor 1.0 1.0 1.0
            specularColor 0.5019607843137255 0.5019607843137255 0.5019607843137255
            ambientIntensity 1.0
            transparency 0.0
            shininess 0.5
        }
    }
    geometry IndexedFaceSet {
        ccw TRUE
        solid FALSE
        coord DEF co Coordinate {
            point [
                -0.3268 0.7523 1.4675, -0.3387 0.7523 1.5008, -0.3349 0.7523 1.5167, -0.3044 0.7523 1.4366, -0.3158 0.7523 1.4366, -0.3235 0.7523 1.4585, -0.3394 0.7523 1.5032, -0.34 0.7523 1.5064, -0.3459 0.7523 1.5167, -0.3403 0.7523 1.5064, -0.3409 0.7523 1.503, -0.3415 0.7523 1.5008, -0.3536 0.7523 1.4675, -0.3764 0.7523 1.4366, -0.365 0.7523 1.4366, -0.3568 0.7523 1.4585, -0.3459 0.7484 1.5167, -0.3764 0.7484 1.4366, -0.3349 0.7484 1.5167, -0.3044 0.7484 1.4366, -0.3158 0.7484 1.4366, -0.3235 0.7484 1.4585, -0.3568 0.7484 1.4585, -0.365 0.7484 1.4366, -0.3268 0.7484 1.4675, -0.3536 0.7484 1.4675, -0.3415 0.7484 1.5008, -0.3403 0.7484 1.5064, -0.3409 0.7484 1.503, -0.34 0.7484 1.5064, -0.3387 0.7484 1.5008, -0.3394 0.7484 1.5032
            ]
        }
        coordIndex [
            0,1,2,-1,3,4,5,-1,1,6,2,-1,2,6,7,-1,2,7,8,-1,8,7,9,-1,8,9,10,-1,10,11,8,-1,8,11,12,-1,8,12,13,-1,14,13,15,-1,15,13,12,-1,15,12,5,-1,5,12,0,-1,5,0,3,-1,3,0,2,-1,8,13,16,-1,16,13,17,-1,2,8,18,-1,18,8,16,-1,3,2,19,-1,19,2,18,-1,4,3,20,-1,20,3,19,-1,5,4,21,-1,21,4,20,-1,15,5,22,-1,22,5,21,-1,14,15,23,-1,23,15,22,-1,13,14,17,-1,17,14,23,-1,0,12,24,-1,24,12,25,-1,12,11,25,-1,25,11,26,-1,9,27,28,-1,9,28,10,-1,10,28,26,-1,10,26,11,-1,9,7,27,-1,27,7,29,-1,1,30,31,-1,1,31,6,-1,6,31,29,-1,6,29,7,-1,1,0,30,-1,30,0,24,-1,
        ]
    }
}
Shape{
    appearance Appearance {
        material  Material {
            diffuseColor 0.2235294117647059 0.2235294117647059 0.2235294117647059
            specularColor 0.11372549019607843 0.11372549019607843 0.11372549019607843
            ambientIntensity 0.2235
            transparency 0.0
            shininess 0.5
        }
    }
    geometry IndexedFaceSet {
        ccw TRUE
        solid FALSE
        coord DEF co Coordinate {
            point [
                -0.3403 0.7484 1.5064, -0.34 0.7484 1.5064, -0.3409 0.7484 1.503, -0.3394 0.7484 1.5032, -0.3415 0.7484 1.5008, -0.3387 0.7484 1.5008, -0.3536 0.7484 1.4675, -0.3268 0.7484 1.4675
            ]
        }
        coordIndex [
            0,1,2,-1,2,1,3,-1,2,3,4,-1,4,3,5,-1,4,5,6,-1,6,5,7,-1,
        ]
    }
}
Shape{
    appearance Appearance {
        material  Material {
            diffuseColor 1.0 1.0 1.0
            specularColor 0.5019607843137255 0.5019607843137255 0.5019607843137255
            ambientIntensity 1.0
            transparency 0.0
            shininess 0.5
        }
    }
    geometry IndexedFaceSet {
        ccw TRUE
        solid FALSE
        coord DEF co Coordinate {
            point [
                0.3988 0.7523 1.4252, 0.3903 0.7523 1.4148, 0.404 0.7523 1.4756, 0.2138 0.7523 1.5035, 0.2315 0.7523 1.5337, 0.3077 0.7523 1.4938, 0.3463 0.7523 1.4768, 0.341 0.7523 1.4749, 0.4139 0.7523 1.5745, 0.4012 0.7523 1.5812, 0.4042 0.7523 1.6163, 0.3687 0.7523 1.6179, 0.351 0.7523 1.5764, 0.3423 0.7523 1.5944, 0.4164 0.7523 1.4832, 0.4117 0.7523 1.4396, 0.4045 0.7523 1.4375, 0.3818 0.7523 1.6191, 0.3364 0.7523 1.4718, 0.3327 0.7523 1.4677, 0.2935 0.7523 1.4614, 0.3566 0.7523 1.4766, 0.364 0.7523 1.5115, 0.3615 0.7523 1.4746, 0.3766 0.7523 1.5067, 0.366 0.7523 1.4715, 0.3883 0.7523 1.4986, 0.3682 0.7523 1.4691, 0.3977 0.7523 1.4878, 0.3712 0.7523 1.4644, 0.3729 0.7523 1.459, 0.3732 0.7523 1.4535, 0.3298 0.7523 1.5094, 0.3435 0.7523 1.5128, 0.3504 0.7523 1.5132, 0.195 0.7523 1.5599, 0.1905 0.7523 1.5599, 0.1671 0.7523 1.5906, 0.1796 0.7523 1.5585, 0.1643 0.7523 1.5897, 0.1697 0.7523 1.5547, 0.1474 0.7523 1.5813, 0.132 0.7523 1.5682, 0.357 0.7523 1.6315, 0.3295 0.7523 1.6096, 0.3436 0.7523 1.643, 0.3143 0.7523 1.6208, 0.329 0.7523 1.6519, 0.3871 0.7523 1.5846, 0.3812 0.7523 1.5849, 0.3752 0.7523 1.6187, 0.3678 0.7523 1.5832, 0.355 0.7523 1.5786, 0.3303 0.7523 1.463, 0.329 0.7523 1.4578, 0.2935 0.7523 1.4557, 0.329 0.7523 1.4526, 0.2938 0.7523 1.4497, 0.1318 0.7523 1.4619, 0.1584 0.7523 1.4845, 0.1473 0.7523 1.4488, 0.1668 0.7523 1.4777, 0.1647 0.7523 1.4403, 0.1768 0.7523 1.473, 0.1836 0.7523 1.4363, 0.1871 0.7523 1.471, 0.2172 0.7523 1.4363, 0.2127 0.7523 1.471, 0.2204 0.7523 1.4368, 0.351 0.7523 1.4773, 0.3177 0.7523 1.5029, 0.1609 0.7523 1.5485, 0.1543 0.7523 1.5412, 0.1203 0.7523 1.552, 0.149 0.7523 1.5314, 0.1134 0.7523 1.5346, 0.1463 0.7523 1.5205, 0.1108 0.7523 1.516, 0.1461 0.7523 1.5154, 0.1134 0.7523 1.4957, 0.1474 0.7523 1.5044, 0.1205 0.7523 1.4777, 0.1514 0.7523 1.4942, 0.1576 0.7523 1.4853, 0.1979 0.7523 1.6356, 0.2202 0.7523 1.6094, 0.1789 0.7523 1.6136, 0.2073 0.7523 1.5941, 0.1985 0.7523 1.5757, 0.4364 0.7523 1.5418, 0.4738 0.7523 1.5323, 0.4381 0.7523 1.528, 0.474 0.7523 1.5268, 0.4374 0.7523 1.5192, 0.4712 0.7523 1.5045, 0.4333 0.7523 1.5052, 0.4631 0.7523 1.4833, 0.4266 0.7523 1.4937, 0.4501 0.7523 1.4648, 0.4323 0.7523 1.4496, 0.3721 0.7523 1.4481, 0.3698 0.7523 1.4433, 0.3027 0.7523 1.6619, 0.2957 0.7523 1.6283, 0.2753 0.7523 1.6652, 0.2747 0.7523 1.631, 0.2501 0.7523 1.6623, 0.2554 0.7523 1.6286, 0.2217 0.7523 1.6519, 0.2376 0.7523 1.6218, 0.2216 0.7523 1.6107, 0.4253 0.7523 1.6081, 0.4434 0.7523 1.5954, 0.4236 0.7523 1.5658, 0.4472 0.7523 1.5917, 0.4315 0.7523 1.5545, 0.4609 0.7523 1.5742, 0.47 0.7523 1.5537, 0.2972 0.7523 1.4357, 0.3303 0.7523 1.4471, 0.3039 0.7523 1.423, 0.333 0.7523 1.4422, 0.3126 0.7523 1.4132, 0.3361 0.7523 1.4387, 0.324 0.7523 1.4053, 0.3404 0.7523 1.4356, 0.3366 0.7523 1.4004, 0.3453 0.7523 1.4336, 0.3504 0.7523 1.3987, 0.351 0.7523 1.4329, 0.3526 0.7523 1.3988, 0.352 0.7523 1.4329, 0.3661 0.7523 1.4009, 0.3571 0.7523 1.4338, 0.3792 0.7523 1.4064, 0.3622 0.7523 1.436, 0.3666 0.7523 1.4393, 0.2155 0.7523 1.4716, 0.2292 0.7523 1.4423, 0.2279 0.7523 1.4409, 0.2138 0.7523 1.4712, 0.2242 0.7523 1.4383, 0.2337 0.7523 1.454, 0.2332 0.7523 1.4497, 0.2317 0.7523 1.4459, 0.2205 0.7523 1.471, 0.2244 0.7523 1.4695, 0.2336 0.7523 1.4562, 0.2279 0.7523 1.467, 0.2303 0.7523 1.4644, 0.2324 0.7523 1.4605, 0.2161 0.7523 1.4716, 0.1108 0.7484 1.516, 0.1134 0.7484 1.5346, 0.1153 0.7484 1.5395, 0.1203 0.7484 1.552, 0.132 0.7484 1.5682, 0.1474 0.7484 1.5813, 0.1643 0.7484 1.5897, 0.1671 0.7484 1.5906, 0.1789 0.7484 1.6136, 0.1979 0.7484 1.6356, 0.2108 0.7484 1.6444, 0.2217 0.7484 1.6519, 0.2501 0.7484 1.6623, 0.2753 0.7484 1.6652, 0.3027 0.7484 1.6619, 0.329 0.7484 1.6519, 0.3413 0.7484 1.6444, 0.3436 0.7484 1.643, 0.357 0.7484 1.6315, 0.3687 0.7484 1.6179, 0.3752 0.7484 1.6187, 0.3818 0.7484 1.6191, 0.4042 0.7484 1.6163, 0.4253 0.7484 1.6081, 0.4434 0.7484 1.5954, 0.4472 0.7484 1.5917, 0.47 0.7484 1.5537, 0.4609 0.7484 1.5742, 0.4725 0.7484 1.5395, 0.4738 0.7484 1.5323, 0.474 0.7484 1.5268, 0.4712 0.7484 1.5045, 0.4631 0.7484 1.4833, 0.4501 0.7484 1.4648, 0.4323 0.7484 1.4496, 0.4117 0.7484 1.4396, 0.4045 0.7484 1.4375, 0.4038 0.7484 1.4359, 0.3988 0.7484 1.4252, 0.3903 0.7484 1.4148, 0.3792 0.7484 1.4064, 0.374 0.7484 1.4042, 0.3661 0.7484 1.4009, 0.3526 0.7484 1.3988, 0.3504 0.7484 1.3987, 0.2935 0.7484 1.4557, 0.3366 0.7484 1.4004, 0.3269 0.7484 1.4042, 0.324 0.7484 1.4053, 0.3126 0.7484 1.4132, 0.3039 0.7484 1.423, 0.2972 0.7484 1.4357, 0.2971 0.7484 1.4359, 0.2938 0.7484 1.4497, 0.2935 0.7484 1.4614, 0.2138 0.7484 1.5035, 0.2315 0.7484 1.5337, 0.3077 0.7484 1.4938, 0.3177 0.7484 1.5029, 0.3298 0.7484 1.5094, 0.3435 0.7484 1.5128, 0.3504 0.7484 1.5132, 0.364 0.7484 1.5115, 0.3766 0.7484 1.5067, 0.3883 0.7484 1.4986, 0.3977 0.7484 1.4878, 0.404 0.7484 1.4756, 0.4164 0.7484 1.4832, 0.4266 0.7484 1.4937, 0.4333 0.7484 1.5052, 0.4374 0.7484 1.5192, 0.4381 0.7484 1.528, 0.4367 0.7484 1.5395, 0.4364 0.7484 1.5418, 0.4315 0.7484 1.5545, 0.4236 0.7484 1.5658, 0.4139 0.7484 1.5745, 0.4012 0.7484 1.5812, 0.3871 0.7484 1.5846, 0.3812 0.7484 1.5849, 0.3678 0.7484 1.5832, 0.355 0.7484 1.5786, 0.351 0.7484 1.5764, 0.3423 0.7484 1.5944, 0.3295 0.7484 1.6096, 0.3143 0.7484 1.6208, 0.2957 0.7484 1.6283, 0.2747 0.7484 1.631, 0.2554 0.7484 1.6286, 0.2376 0.7484 1.6218, 0.2216 0.7484 1.6107, 0.2202 0.7484 1.6094, 0.2073 0.7484 1.5941, 0.1985 0.7484 1.5757, 0.195 0.7484 1.5599, 0.1905 0.7484 1.5599, 0.1796 0.7484 1.5585, 0.1697 0.7484 1.5547, 0.1609 0.7484 1.5485, 0.1543 0.7484 1.5412, 0.1534 0.7484 1.5395, 0.149 0.7484 1.5314, 0.1463 0.7484 1.5205, 0.1461 0.7484 1.5154, 0.1474 0.7484 1.5044, 0.1514 0.7484 1.4942, 0.1576 0.7484 1.4853, 0.1584 0.7484 1.4845, 0.1668 0.7484 1.4777, 0.1768 0.7484 1.473, 0.1871 0.7484 1.471, 0.2127 0.7484 1.471, 0.2138 0.7484 1.4712, 0.2155 0.7484 1.4716, 0.2161 0.7484 1.4716, 0.2205 0.7484 1.471, 0.2244 0.7484 1.4695, 0.2279 0.7484 1.467, 0.2303 0.7484 1.4644, 0.2324 0.7484 1.4605, 0.2336 0.7484 1.4562, 0.2337 0.7484 1.454, 0.2332 0.7484 1.4497, 0.2317 0.7484 1.4459, 0.2292 0.7484 1.4423, 0.2279 0.7484 1.4409, 0.2242 0.7484 1.4383, 0.2204 0.7484 1.4368, 0.2172 0.7484 1.4363, 0.1836 0.7484 1.4363, 0.1647 0.7484 1.4403, 0.1473 0.7484 1.4488, 0.1318 0.7484 1.4619, 0.1205 0.7484 1.4777, 0.1134 0.7484 1.4957, 0.351 0.7484 1.4773, 0.3463 0.7484 1.4768, 0.341 0.7484 1.4749, 0.3364 0.7484 1.4718, 0.3327 0.7484 1.4677, 0.3303 0.7484 1.463, 0.329 0.7484 1.4578, 0.329 0.7484 1.4526, 0.3303 0.7484 1.4471, 0.333 0.7484 1.4422, 0.3361 0.7484 1.4387, 0.3404 0.7484 1.4356, 0.3453 0.7484 1.4336, 0.351 0.7484 1.4329, 0.352 0.7484 1.4329, 0.3571 0.7484 1.4338, 0.3622 0.7484 1.436, 0.3666 0.7484 1.4393, 0.3698 0.7484 1.4433, 0.3721 0.7484 1.4481, 0.3732 0.7484 1.4535, 0.3729 0.7484 1.459, 0.3712 0.7484 1.4644, 0.3682 0.7484 1.4691, 0.366 0.7484 1.4715, 0.3615 0.7484 1.4746, 0.3566 0.7484 1.4766
            ]
        }
        coordIndex [
            0,1,2,-1,3,4,5,-1,6,7,3,-1,8,9,10,-1,11,12,13,-1,14,15,2,-1,2,15,16,-1,2,16,0,-1,10,9,17,-1,7,18,3,-1,3,18,19,-1,3,19,20,-1,21,22,23,-1,23,22,24,-1,23,24,25,-1,25,24,26,-1,25,26,27,-1,27,26,28,-1,27,28,29,-1,29,28,2,-1,29,2,30,-1,30,2,31,-1,32,33,21,-1,21,33,34,-1,21,34,22,-1,35,36,37,-1,37,36,38,-1,37,38,39,-1,39,38,40,-1,39,40,41,-1,41,40,42,-1,11,13,43,-1,43,13,44,-1,43,44,45,-1,45,44,46,-1,45,46,47,-1,9,48,17,-1,17,48,49,-1,17,49,50,-1,50,49,51,-1,50,51,11,-1,11,51,52,-1,11,52,12,-1,19,53,20,-1,20,53,54,-1,20,54,55,-1,55,54,56,-1,55,56,57,-1,58,59,60,-1,60,59,61,-1,60,61,62,-1,62,61,63,-1,62,63,64,-1,64,63,65,-1,64,65,66,-1,66,65,67,-1,66,67,68,-1,6,3,69,-1,69,3,5,-1,69,5,21,-1,21,5,70,-1,21,70,32,-1,40,71,42,-1,42,71,72,-1,42,72,73,-1,73,72,74,-1,73,74,75,-1,75,74,76,-1,75,76,77,-1,77,76,78,-1,77,78,79,-1,79,78,80,-1,79,80,81,-1,81,80,82,-1,81,82,58,-1,58,82,83,-1,58,83,59,-1,84,85,86,-1,86,85,87,-1,86,87,37,-1,37,87,88,-1,37,88,35,-1,89,90,91,-1,91,90,92,-1,91,92,93,-1,93,92,94,-1,93,94,95,-1,95,94,96,-1,95,96,97,-1,97,96,98,-1,97,98,14,-1,14,98,99,-1,14,99,15,-1,31,2,100,-1,100,2,1,-1,100,1,101,-1,47,46,102,-1,102,46,103,-1,102,103,104,-1,104,103,105,-1,104,105,106,-1,106,105,107,-1,106,107,108,-1,108,107,109,-1,108,109,84,-1,84,109,110,-1,84,110,85,-1,10,111,8,-1,8,111,112,-1,8,112,113,-1,113,112,114,-1,113,114,115,-1,115,114,116,-1,115,116,89,-1,89,116,117,-1,89,117,90,-1,57,56,118,-1,118,56,119,-1,118,119,120,-1,120,119,121,-1,120,121,122,-1,122,121,123,-1,122,123,124,-1,124,123,125,-1,124,125,126,-1,126,125,127,-1,126,127,128,-1,128,127,129,-1,128,129,130,-1,130,129,131,-1,130,131,132,-1,132,131,133,-1,132,133,134,-1,134,133,135,-1,134,135,1,-1,1,135,136,-1,1,136,101,-1,137,138,139,-1,67,140,68,-1,68,140,137,-1,68,137,141,-1,141,137,139,-1,142,143,137,-1,137,143,144,-1,137,144,138,-1,145,146,147,-1,146,148,147,-1,147,148,149,-1,147,149,150,-1,142,137,147,-1,147,137,151,-1,147,151,145,-1,77,152,153,-1,77,153,75,-1,75,153,154,-1,75,154,73,-1,154,155,73,-1,73,155,156,-1,73,156,42,-1,42,156,157,-1,42,157,41,-1,41,157,158,-1,41,158,39,-1,39,158,159,-1,39,159,37,-1,37,159,160,-1,37,160,86,-1,86,160,161,-1,86,161,84,-1,108,84,162,-1,162,84,161,-1,162,163,108,-1,108,163,164,-1,108,164,106,-1,106,164,165,-1,106,165,104,-1,104,165,166,-1,104,166,102,-1,102,166,167,-1,102,167,47,-1,47,167,45,-1,45,167,168,-1,45,168,169,-1,45,169,170,-1,45,170,43,-1,43,170,171,-1,43,171,11,-1,11,171,172,-1,11,172,50,-1,50,172,173,-1,50,173,17,-1,17,173,174,-1,17,174,10,-1,10,174,175,-1,10,175,111,-1,111,175,176,-1,111,176,112,-1,112,176,177,-1,112,177,114,-1,178,116,179,-1,179,116,114,-1,179,114,177,-1,180,90,178,-1,178,90,117,-1,178,117,116,-1,180,181,90,-1,90,181,182,-1,90,182,92,-1,92,182,183,-1,92,183,94,-1,94,183,184,-1,94,184,96,-1,96,184,185,-1,96,185,98,-1,98,185,186,-1,98,186,99,-1,99,186,187,-1,99,187,15,-1,15,187,188,-1,15,188,16,-1,16,188,189,-1,16,189,0,-1,189,190,0,-1,0,190,191,-1,0,191,1,-1,1,191,192,-1,1,192,134,-1,134,192,193,-1,134,193,132,-1,193,194,132,-1,132,194,195,-1,132,195,130,-1,130,195,196,-1,130,196,128,-1,197,55,57,-1,128,196,198,-1,199,124,198,-1,198,124,126,-1,198,126,128,-1,199,200,124,-1,124,200,201,-1,124,201,122,-1,122,201,202,-1,122,202,120,-1,120,202,203,-1,120,203,118,-1,118,203,204,-1,118,204,57,-1,57,204,205,-1,57,205,197,-1,20,55,206,-1,206,55,197,-1,3,20,207,-1,207,20,206,-1,4,3,208,-1,208,3,207,-1,5,4,209,-1,209,4,208,-1,5,209,210,-1,5,210,70,-1,70,210,211,-1,70,211,32,-1,32,211,212,-1,32,212,33,-1,33,212,213,-1,33,213,34,-1,34,213,214,-1,34,214,22,-1,22,214,215,-1,22,215,24,-1,24,215,216,-1,24,216,26,-1,26,216,217,-1,26,217,28,-1,28,217,218,-1,28,218,2,-1,2,218,219,-1,2,219,14,-1,14,219,220,-1,14,220,97,-1,97,220,221,-1,97,221,95,-1,95,221,222,-1,95,222,93,-1,93,222,223,-1,93,223,91,-1,91,223,89,-1,89,223,224,-1,224,225,89,-1,89,225,226,-1,89,226,115,-1,115,226,227,-1,115,227,113,-1,113,227,228,-1,113,228,8,-1,8,228,229,-1,8,229,9,-1,9,229,230,-1,9,230,48,-1,48,230,231,-1,48,231,49,-1,49,231,232,-1,49,232,51,-1,51,232,233,-1,51,233,52,-1,52,233,234,-1,52,234,12,-1,12,234,235,-1,12,235,13,-1,13,235,236,-1,13,236,44,-1,44,236,237,-1,44,237,46,-1,46,237,238,-1,46,238,103,-1,103,238,239,-1,103,239,105,-1,105,239,240,-1,105,240,107,-1,107,240,241,-1,107,241,109,-1,109,241,242,-1,109,242,110,-1,110,242,243,-1,110,243,85,-1,85,243,244,-1,85,244,87,-1,87,244,245,-1,87,245,88,-1,88,245,246,-1,88,246,35,-1,36,35,247,-1,247,35,246,-1,36,247,248,-1,36,248,38,-1,38,248,249,-1,38,249,40,-1,40,249,250,-1,40,250,71,-1,71,250,251,-1,71,251,72,-1,72,251,252,-1,72,252,74,-1,252,253,74,-1,74,253,254,-1,74,254,76,-1,76,254,255,-1,76,255,78,-1,78,255,256,-1,78,256,80,-1,80,256,257,-1,80,257,82,-1,82,257,258,-1,82,258,83,-1,83,258,259,-1,83,259,59,-1,59,259,260,-1,59,260,61,-1,61,260,261,-1,61,261,63,-1,63,261,262,-1,63,262,65,-1,67,65,263,-1,263,65,262,-1,67,263,264,-1,67,264,140,-1,140,264,265,-1,140,265,137,-1,137,265,266,-1,137,266,151,-1,151,266,267,-1,151,267,145,-1,145,267,268,-1,145,268,146,-1,146,268,269,-1,146,269,148,-1,148,269,270,-1,148,270,149,-1,149,270,271,-1,149,271,150,-1,150,271,272,-1,150,272,147,-1,147,272,273,-1,147,273,142,-1,142,273,274,-1,142,274,143,-1,143,274,275,-1,143,275,144,-1,144,275,276,-1,144,276,138,-1,138,276,277,-1,138,277,139,-1,139,277,278,-1,139,278,141,-1,141,278,279,-1,141,279,68,-1,68,279,280,-1,68,280,66,-1,64,66,281,-1,281,66,280,-1,64,281,282,-1,64,282,62,-1,62,282,283,-1,62,283,60,-1,60,283,284,-1,60,284,58,-1,58,284,285,-1,58,285,81,-1,81,285,286,-1,81,286,79,-1,79,286,152,-1,79,152,77,-1,69,287,288,-1,69,288,6,-1,6,288,289,-1,6,289,7,-1,7,289,290,-1,7,290,18,-1,18,290,291,-1,18,291,19,-1,19,291,292,-1,19,292,53,-1,53,292,293,-1,53,293,54,-1,54,293,294,-1,54,294,56,-1,56,294,295,-1,56,295,119,-1,119,295,296,-1,119,296,121,-1,121,296,297,-1,121,297,123,-1,123,297,298,-1,123,298,125,-1,125,298,299,-1,125,299,127,-1,127,299,300,-1,127,300,129,-1,129,300,301,-1,129,301,131,-1,131,301,302,-1,131,302,133,-1,133,302,303,-1,133,303,135,-1,135,303,304,-1,135,304,136,-1,136,304,305,-1,136,305,101,-1,101,305,306,-1,101,306,100,-1,100,306,307,-1,100,307,31,-1,31,307,308,-1,31,308,30,-1,30,308,309,-1,30,309,29,-1,29,309,310,-1,29,310,27,-1,27,310,311,-1,27,311,25,-1,25,311,312,-1,25,312,23,-1,23,312,313,-1,23,313,21,-1,21,313,287,-1,21,287,69,-1,
        ]
    }
}
Shape{
    appearance Appearance {
        material  Material {
            diffuseColor 0.2235294117647059 0.2235294117647059 0.2235294117647059
            specularColor 0.11372549019607843 0.11372549019607843 0.11372549019607843
            ambientIntensity 0.2235
            transparency 0.0
            shininess 0.5
        }
    }
    geometry IndexedFaceSet {
        ccw TRUE
        solid FALSE
        coord DEF co Coordinate {
            point [
                0.352 0.7484 1.4329, 0.366 0.7484 1.4715, 0.3682 0.7484 1.4691, 0.3453 0.7484 1.4336, 0.3404 0.7484 1.4356, 0.3463 0.7484 1.4768, 0.351 0.7484 1.4773, 0.3566 0.7484 1.4766, 0.3615 0.7484 1.4746, 0.3721 0.7484 1.4481, 0.3698 0.7484 1.4433, 0.3666 0.7484 1.4393, 0.351 0.7484 1.4329, 0.3712 0.7484 1.4644, 0.3729 0.7484 1.459, 0.3732 0.7484 1.4535, 0.3622 0.7484 1.436, 0.3571 0.7484 1.4338, 0.3361 0.7484 1.4387, 0.333 0.7484 1.4422, 0.3303 0.7484 1.4471, 0.329 0.7484 1.4526, 0.329 0.7484 1.4578, 0.3303 0.7484 1.463, 0.3327 0.7484 1.4677, 0.3364 0.7484 1.4718, 0.341 0.7484 1.4749
            ]
        }
        coordIndex [
            0,1,2,-1,3,4,5,-1,6,7,0,-1,0,7,8,-1,0,8,1,-1,9,10,2,-1,2,10,11,-1,6,0,5,-1,5,0,12,-1,5,12,3,-1,13,14,2,-1,2,14,15,-1,2,15,9,-1,11,16,2,-1,2,16,17,-1,2,17,0,-1,4,18,5,-1,5,18,19,-1,5,19,20,-1,20,21,5,-1,5,21,22,-1,5,22,23,-1,23,24,5,-1,5,24,25,-1,5,25,26,-1,
        ]
    }
}