#VRML V2.0 utf8
# 3D model generated by kicad-lcsc-manager
# Based on easyeda2kicad.py v1.0.1

Shape{
    appearance Appearance {
        material  Material {
            diffuseColor 0.7529411764705882 0.7529411764705882 0.7529411764705882
            specularColor 0.3764705882352941 0.3764705882352941 0.3764705882352941
            ambientIntensity 0.7529
            transparency 0.0
            shininess 0.5
        }
    }
    geometry IndexedFaceSet {
        ccw TRUE
        solid FALSE
        coord DEF co Coordinate {
            point [
                -0.2598 -0.1557 0.0669, -0.2598 -0.1557 0.063, -0.2598 -0.1293 0.0669, -0.2598 -0.1293 0.063, -0.2598 0.1592 0.063, -0.2598 0.1592 0.0669, -0.2598 -0.1059 0.063, -0.2598 -0.1059 0.0669, -0.315 -0.1557 0.0039, -0.3189 -0.1557 0.0039, -0.315 -0.1262 0.0039, -0.3189 -0.1262 0.0039, -0.315 -0.1557 0.063, -0.315 0.1592 0.063, -0.2362 -0.1059 0.063, -0.2362 -0.1293 0.063, -0.315 0.1592 0.0039, -0.3189 0.1592 0.0039, -0.3189 0.1592 0.0669, -0.3189 -0.1557 0.0669, -0.3189 0.1297 0.0039, -0.3189 -0.1262 0.0, -0.3189 0.1297 0.0, -0.2362 -0.1059 0.0669, -0.2362 -0.1293 0.0669, -0.315 0.1297 0.0039, -0.2008 0.1297 0.0039, -0.2008 0.1297 0.0, -0.2008 -0.1262 0.0, -0.2008 -0.1262 0.0039, 0.2598 0.1592 0.0669, 0.2598 0.1592 0.063, 0.2598 0.1328 0.0669, 0.2598 0.1328 0.063, 0.2598 -0.1557 0.063, 0.2598 -0.1557 0.0669, 0.2598 0.1094 0.063, 0.2598 0.1094 0.0669, 0.315 0.1592 0.0039, 0.3189 0.1592 0.0039, 0.315 0.1297 0.0039, 0.3189 0.1297 0.0039, 0.315 0.1592 0.063, 0.315 -0.1557 0.063, 0.2362 0.1094 0.063, 0.2362 0.1328 0.063, 0.315 -0.1557 0.0039, 0.3189 -0.1557 0.0039, 0.3189 -0.1557 0.0669, 0.3189 0.1592 0.0669, 0.3189 -0.1262 0.0039, 0.3189 0.1297 0.0, 0.3189 -0.1262 0.0, 0.2362 0.1094 0.0669, 0.2362 0.1328 0.0669, 0.315 -0.1262 0.0039, 0.2008 -0.1262 0.0039, 0.2008 -0.1262 0.0, 0.2008 0.1297 0.0, 0.2008 0.1297 0.0039
            ]
        }
        coordIndex [
            0,1,2,-1,2,1,3,-1,4,5,6,-1,6,5,7,-1,8,9,10,-1,10,9,11,-1,3,1,12,-1,13,4,6,-1,14,15,6,-1,6,15,3,-1,6,3,13,-1,13,3,12,-1,16,17,13,-1,13,17,18,-1,13,18,4,-1,4,18,5,-1,19,18,20,-1,20,18,17,-1,9,19,11,-1,11,19,20,-1,11,20,21,-1,21,20,22,-1,1,0,12,-1,12,0,19,-1,12,19,8,-1,8,19,9,-1,18,19,2,-1,2,19,0,-1,5,18,7,-1,7,18,2,-1,7,2,23,-1,23,2,24,-1,16,13,25,-1,25,13,12,-1,25,12,10,-1,10,12,8,-1,17,16,20,-1,20,16,25,-1,26,27,25,-1,25,27,22,-1,25,22,20,-1,28,27,29,-1,29,27,26,-1,28,29,21,-1,21,29,10,-1,21,10,11,-1,27,28,22,-1,22,28,21,-1,10,29,25,-1,25,29,26,-1,3,15,2,-1,2,15,24,-1,7,23,6,-1,6,23,14,-1,23,24,14,-1,14,24,15,-1,30,31,32,-1,32,31,33,-1,34,35,36,-1,36,35,37,-1,38,39,40,-1,40,39,41,-1,33,31,42,-1,43,34,36,-1,44,45,36,-1,36,45,33,-1,36,33,43,-1,43,33,42,-1,46,47,43,-1,43,47,48,-1,43,48,34,-1,34,48,35,-1,49,48,50,-1,50,48,47,-1,39,49,41,-1,41,49,50,-1,41,50,51,-1,51,50,52,-1,31,30,42,-1,42,30,49,-1,42,49,38,-1,38,49,39,-1,48,49,32,-1,32,49,30,-1,35,48,37,-1,37,48,32,-1,37,32,53,-1,53,32,54,-1,46,43,55,-1,55,43,42,-1,55,42,40,-1,40,42,38,-1,47,46,50,-1,50,46,55,-1,56,57,55,-1,55,57,52,-1,55,52,50,-1,58,57,59,-1,59,57,56,-1,58,59,51,-1,51,59,40,-1,51,40,41,-1,57,58,52,-1,52,58,51,-1,40,59,55,-1,55,59,56,-1,33,45,32,-1,32,45,54,-1,37,53,36,-1,36,53,44,-1,53,54,44,-1,44,54,45,-1,
        ]
    }
}
Shape{
    appearance Appearance {
        material  Material {
            diffuseColor 0.0 1.0 0.0
            specularColor 0.0 0.5019607843137255 0.0
            ambientIntensity 0.587
            transparency 0.0
            shininess 0.5
        }
    }
    geometry IndexedFaceSet {
        ccw TRUE
        solid FALSE
        coord DEF co Coordinate {
            point [
                -0.1568 0.1592 0.0035, -0.1568 -0.1557 0.0035, -0.1568 0.1592 0.0039, -0.1568 -0.1557 0.0039, -0.0857 0.1592 0.0035, -0.0857 0.1592 0.0039, -0.0857 -0.1557 0.0035, -0.0857 -0.1557 0.0039
            ]
        }
        coordIndex [
            0,1,2,-1,2,1,3,-1,4,0,5,-1,5,0,2,-1,6,4,7,-1,7,4,5,-1,1,6,3,-1,3,6,7,-1,4,6,0,-1,0,6,1,-1,7,5,3,-1,3,5,2,-1,
        ]
    }
}
Shape{
    appearance Appearance {
        material  Material {
            diffuseColor 1.0 1.0 1.0
            specularColor 0.5019607843137255 0.5019607843137255 0.5019607843137255
            ambientIntensity 1.0
            transparency 0.0
            shininess 0.5
        }
    }
    geometry IndexedFaceSet {
        ccw TRUE
        solid FALSE
        coord DEF co Coordinate {
            point [
                -0.0487 0.0065 0.063, -0.315 -0.1557 0.063, 0.004 -0.0442 0.063, 0.315 -0.1557 0.063, 0.0534 0.0071 0.063, 0.315 0.1592 0.063, 0.0008 0.0578 0.063, -0.315 0.1592 0.063, 0.315 0.1592 0.0039, 0.315 -0.1557 0.0039, -0.315 0.1592 0.0039, -0.315 -0.1557 0.0039
            ]
        }
        coordIndex [
            0,1,2,-1,2,1,3,-1,2,3,4,-1,4,3,5,-1,4,5,6,-1,6,5,7,-1,6,7,0,-1,0,7,1,-1,5,3,8,-1,8,3,9,-1,7,5,10,-1,10,5,8,-1,1,7,11,-1,11,7,10,-1,3,1,9,-1,9,1,11,-1,11,10,9,-1,9,10,8,-1,
        ]
    }
}
Shape{
    appearance Appearance {
        material  Material {
            diffuseColor 0.0 1.0 0.0
            specularColor 0.0 0.5019607843137255 0.0
            ambientIntensity 0.587
            transparency 0.0
            shininess 0.5
        }
    }
    geometry IndexedFaceSet {
        ccw TRUE
        solid FALSE
        coord DEF co Coordinate {
            point [
                0.0008 0.0578 0.1024, 0.0534 0.0071 0.1024, 0.0008 0.0578 0.063, 0.0534 0.0071 0.063, -0.0487 0.0065 0.1024, -0.0487 0.0065 0.063, 0.004 -0.0442 0.1024, 0.004 -0.0442 0.063
            ]
        }
        coordIndex [
            0,1,2,-1,2,1,3,-1,4,0,5,-1,5,0,2,-1,6,4,7,-1,7,4,5,-1,1,6,3,-1,3,6,7,-1,4,6,0,-1,0,6,1,-1,
        ]
    }
}
Shape{
    appearance Appearance {
        material  Material {
            diffuseColor 1.0 1.0 1.0
            specularColor 0.5019607843137255 0.5019607843137255 0.5019607843137255
            ambientIntensity 1.0
            transparency 0.0
            shininess 0.5
        }
    }
    geometry IndexedFaceSet {
        ccw TRUE
        solid FALSE
        coord DEF co Coordinate {
            point [
                -0.1114 -0.1552 0.1028, -0.1118 -0.1552 0.1027, -0.108 -0.1552 0.1027, -0.2362 -0.1557 0.063, -0.2303 -0.1557 0.063, -0.2303 -0.1553 0.0964, -0.0857 -0.1552 0.1047, -0.0857 -0.1552 0.1029, -0.0842 -0.1552 0.1027, -0.0892 -0.1552 0.1027, -0.0922 -0.1551 0.1101, -0.0922 -0.1552 0.1047, -0.0892 -0.1551 0.1101, -0.0892 -0.1552 0.1047, -0.0865 -0.1551 0.1101, -0.0865 -0.1551 0.1119, -0.0922 -0.155 0.117, -0.0922 -0.1551 0.1119, -0.0892 -0.155 0.117, -0.0892 -0.1551 0.1119, -0.086 -0.155 0.117, -0.0892 -0.1552 0.1029, -0.0943 -0.1552 0.1029, -0.0954 -0.1552 0.1027, -0.0943 -0.155 0.1189, -0.2358 -0.1553 0.0964, -0.2303 -0.1552 0.1027, -0.2357 -0.1552 0.1027, -0.2303 -0.1549 0.1234, -0.2354 -0.1549 0.1234, -0.2303 -0.1546 0.1444, -0.2351 -0.1546 0.1444, -0.2303 -0.1545 0.155, -0.2349 -0.1545 0.155, -0.0842 -0.1545 0.155, 0.2349 -0.1545 0.155, 0.0286 -0.1544 0.1614, 0.2348 -0.1544 0.1614, -0.0783 -0.1548 0.1326, -0.0842 -0.1548 0.1326, -0.0767 -0.1548 0.1283, -0.0842 -0.1549 0.1234, -0.0744 -0.1548 0.1283, -0.0805 -0.1546 0.1443, 0.2354 -0.1549 0.1234, 0.2351 -0.1546 0.1444, -0.0842 -0.1546 0.1444, -0.0827 -0.1546 0.1443, -0.0842 -0.1547 0.1404, -0.0827 -0.1552 0.1029, -0.0827 -0.155 0.1189, -0.0783 -0.1552 0.1029, -0.0626 -0.155 0.1189, -0.0604 -0.155 0.1189, -0.0697 -0.1551 0.1101, -0.0701 -0.1551 0.1082, -0.0687 -0.1552 0.1029, -0.0708 -0.1551 0.1065, -0.072 -0.1551 0.1051, -0.0696 -0.1551 0.1111, -0.0699 -0.155 0.1133, -0.072 -0.155 0.1167, -0.0715 -0.155 0.1162, -0.0705 -0.155 0.1148, -0.0781 -0.155 0.1189, -0.0756 -0.155 0.1186, -0.0737 -0.155 0.1179, 0.2357 -0.1552 0.1027, -0.0543 -0.1552 0.1029, -0.0566 -0.1552 0.1029, -0.0842 -0.1553 0.0964, 0.2358 -0.1553 0.0964, 0.2362 -0.1557 0.063, -0.0842 -0.1557 0.063, -0.0892 -0.1557 0.063, -0.1153 -0.1546 0.1444, -0.1197 -0.1546 0.1444, -0.1192 -0.1546 0.1444, -0.1176 -0.1546 0.1439, -0.1176 -0.1546 0.1417, -0.1153 -0.1549 0.1234, -0.1266 -0.1548 0.1326, -0.1258 -0.1548 0.1315, -0.1255 -0.1548 0.1312, -0.1245 -0.1548 0.1305, -0.1209 -0.1548 0.1299, -0.1191 -0.1548 0.1302, -0.1176 -0.1548 0.1309, -0.1176 -0.1548 0.1289, -0.1178 -0.1548 0.1288, -0.1247 -0.1548 0.1284, -0.1262 -0.1548 0.1291, -0.1288 -0.1549 0.1234, -0.1275 -0.1548 0.1302, -0.1277 -0.1548 0.1305, -0.1233 -0.1548 0.13, -0.1217 -0.1548 0.1298, -0.1194 -0.1546 0.1424, -0.1259 -0.1547 0.1407, -0.1177 -0.1546 0.1418, -0.1266 -0.1547 0.1395, -0.1272 -0.1547 0.1381, -0.1213 -0.1546 0.1427, -0.1219 -0.1546 0.1426, -0.1257 -0.1546 0.1409, -0.1233 -0.1546 0.1424, -0.1246 -0.1546 0.1418, -0.1274 -0.1547 0.1361, -0.1274 -0.1547 0.1355, -0.1271 -0.1547 0.1339, -0.1195 -0.1548 0.1282, -0.122 -0.1548 0.128, -0.123 -0.1548 0.128, -0.1213 -0.1546 0.1445, -0.1153 -0.1545 0.155, -0.1214 -0.1546 0.1445, -0.1288 -0.1545 0.155, -0.1224 -0.1546 0.1444, -0.1288 -0.1546 0.1444, -0.1284 -0.1547 0.1407, -0.1272 -0.1546 0.1422, -0.1269 -0.1546 0.1425, -0.1254 -0.1546 0.1436, -0.1237 -0.1546 0.1442, -0.1287 -0.1548 0.1318, -0.1288 -0.1548 0.1323, -0.1298 -0.1549 0.1234, -0.1298 -0.1546 0.1444, -0.1292 -0.1547 0.1389, -0.1288 -0.1547 0.1396, -0.1293 -0.1548 0.1336, -0.1295 -0.1547 0.136, -0.1295 -0.1547 0.1368, -0.1061 -0.1546 0.1443, -0.1042 -0.1546 0.1444, -0.108 -0.1546 0.1444, -0.1123 -0.1547 0.1355, -0.1123 -0.1548 0.1301, -0.108 -0.1547 0.1355, -0.108 -0.1548 0.1301, -0.1066 -0.1547 0.1355, -0.1057 -0.1548 0.1301, -0.1066 -0.1547 0.1373, -0.1061 -0.1546 0.1424, -0.108 -0.1547 0.1373, -0.108 -0.1546 0.1424, -0.1123 -0.1547 0.1373, -0.1123 -0.1546 0.1424, -0.1042 -0.1549 0.1234, -0.1057 -0.1548 0.1283, -0.108 -0.1549 0.1234, -0.108 -0.1548 0.1283, -0.1144 -0.1548 0.1283, -0.1144 -0.1546 0.1443, -0.108 -0.1546 0.1443, -0.0983 -0.1548 0.1283, -0.1027 -0.1548 0.1283, -0.0981 -0.1546 0.1443, -0.0954 -0.1546 0.1444, -0.1027 -0.1546 0.1443, -0.0901 -0.1548 0.1336, -0.0909 -0.1548 0.1319, -0.0892 -0.1549 0.1234, -0.0897 -0.1547 0.1355, -0.0892 -0.1546 0.1444, -0.0899 -0.1547 0.1387, -0.0897 -0.1547 0.1365, -0.0921 -0.1548 0.1305, -0.0937 -0.1548 0.1293, -0.0954 -0.1549 0.1234, -0.0954 -0.1548 0.1287, -0.0956 -0.1548 0.1286, -0.0921 -0.1546 0.1421, -0.0915 -0.1546 0.1416, -0.0905 -0.1547 0.1402, -0.0957 -0.1546 0.144, -0.0954 -0.1546 0.1439, -0.0938 -0.1546 0.1433, -0.0888 -0.1548 0.1283, -0.0865 -0.1548 0.1283, -0.085 -0.1548 0.1326, -0.1277 -0.1551 0.1077, -0.1273 -0.1551 0.1083, -0.127 -0.1551 0.1115, -0.1209 -0.1552 0.1029, -0.1234 -0.1552 0.1027, -0.1189 -0.1552 0.1029, -0.1153 -0.1552 0.1027, -0.1209 -0.1552 0.1046, -0.121 -0.1552 0.1046, -0.1214 -0.1552 0.104, -0.1265 -0.1552 0.103, -0.1288 -0.1552 0.1027, -0.1258 -0.1552 0.1027, -0.1256 -0.1552 0.1027, -0.1278 -0.1552 0.1044, -0.128 -0.1552 0.105, -0.1281 -0.1551 0.1059, -0.121 -0.155 0.1142, -0.1159 -0.155 0.1126, -0.1155 -0.155 0.1131, -0.1267 -0.1551 0.1088, -0.1258 -0.1551 0.1093, -0.1256 -0.155 0.1124, -0.1243 -0.1551 0.1096, -0.1243 -0.155 0.1128, -0.1221 -0.1552 0.1033, -0.1226 -0.1552 0.103, -0.1271 -0.1552 0.1035, -0.1274 -0.1552 0.1038, -0.1281 -0.1551 0.1062, -0.128 -0.1551 0.107, -0.1251 -0.155 0.1143, -0.1231 -0.155 0.1146, -0.1219 -0.155 0.1144, -0.1209 -0.1551 0.1101, -0.121 -0.1551 0.1109, -0.1212 -0.1551 0.1117, -0.127 -0.155 0.1135, -0.1266 -0.155 0.1137, -0.1214 -0.1551 0.1121, -0.1217 -0.155 0.1124, -0.122 -0.155 0.1127, -0.1225 -0.155 0.1128, -0.1232 -0.155 0.1129, -0.1203 -0.155 0.1138, -0.1198 -0.155 0.1133, -0.1161 -0.1551 0.1119, -0.1194 -0.155 0.1127, -0.1191 -0.1551 0.1118, -0.1153 -0.1551 0.109, -0.1162 -0.1551 0.1053, -0.1153 -0.1551 0.109, -0.1155 -0.1552 0.1049, -0.1153 -0.1552 0.1048, -0.1156 -0.1551 0.1094, -0.1159 -0.1551 0.1098, -0.1189 -0.1551 0.1102, -0.1161 -0.1551 0.1104, -0.1162 -0.1551 0.1112, -0.1288 -0.1553 0.0964, -0.1245 -0.1552 0.1026, -0.1248 -0.1552 0.1026, -0.1162 -0.1552 0.1033, -0.1153 -0.1552 0.1029, -0.1148 -0.1552 0.1028, -0.1144 -0.1552 0.1027, -0.1131 -0.1552 0.1026, -0.1153 -0.1553 0.0964, -0.109 -0.155 0.114, -0.109 -0.1551 0.1121, -0.1149 -0.155 0.1136, -0.1144 -0.155 0.1139, -0.1086 -0.1551 0.1052, -0.1088 -0.1552 0.1045, -0.1092 -0.1552 0.104, -0.1153 -0.155 0.1133, -0.1134 -0.155 0.1144, -0.1117 -0.155 0.1146, -0.1103 -0.155 0.1144, -0.1092 -0.1551 0.1079, -0.1088 -0.1551 0.1073, -0.1086 -0.1551 0.1067, -0.1085 -0.1551 0.106, -0.1098 -0.1552 0.1035, -0.1103 -0.1552 0.1031, -0.1119 -0.155 0.1129, -0.1125 -0.155 0.1129, -0.1141 -0.1551 0.1114, -0.1131 -0.155 0.1127, -0.1135 -0.155 0.1125, -0.1141 -0.1551 0.1111, -0.114 -0.1551 0.1108, -0.1139 -0.1551 0.1105, -0.1137 -0.1551 0.1103, -0.113 -0.1551 0.1099, -0.1105 -0.155 0.1127, -0.1117 -0.1551 0.1093, -0.1094 -0.155 0.1123, -0.111 -0.1551 0.109, -0.1096 -0.1551 0.1083, -0.1138 -0.1551 0.1122, -0.114 -0.1551 0.112, -0.1141 -0.1551 0.1117, -0.1142 -0.1552 0.1044, -0.1132 -0.1551 0.1079, -0.1144 -0.1551 0.1084, -0.1129 -0.1552 0.1042, -0.1128 -0.1552 0.1042, -0.1118 -0.1551 0.1073, -0.1118 -0.1552 0.1043, -0.1105 -0.1551 0.1058, -0.1106 -0.1551 0.106, -0.1113 -0.1552 0.1045, -0.1111 -0.1552 0.1046, -0.1109 -0.1552 0.1048, -0.1107 -0.1551 0.1051, -0.1106 -0.1551 0.1054, -0.1107 -0.1551 0.1063, -0.1108 -0.1551 0.1066, -0.1111 -0.1551 0.1069, -0.0985 -0.155 0.1143, -0.0965 -0.155 0.1143, -0.0892 -0.155 0.1189, -0.086 -0.155 0.1189, -0.1022 -0.1551 0.1057, -0.102 -0.1552 0.1048, -0.1019 -0.1552 0.1048, -0.1042 -0.1551 0.1115, -0.1017 -0.1551 0.1057, -0.1018 -0.1551 0.1051, -0.1042 -0.1552 0.1027, -0.1042 -0.1551 0.1061, -0.1074 -0.155 0.1143, -0.1052 -0.155 0.1143, -0.103 -0.1552 0.1029, -0.103 -0.1552 0.1027, -0.1038 -0.1552 0.1008, -0.108 -0.1553 0.0964, -0.107 -0.1553 0.0976, -0.107 -0.1552 0.0994, -0.1066 -0.1552 0.0993, -0.1059 -0.1552 0.0992, -0.1058 -0.1552 0.0992, -0.1053 -0.1552 0.0993, -0.1049 -0.1552 0.0994, -0.1046 -0.1552 0.0996, -0.1042 -0.1552 0.1001, -0.1042 -0.1552 0.1001, -0.1042 -0.1553 0.0978, -0.1049 -0.1553 0.0976, -0.1042 -0.1553 0.0964, -0.1057 -0.1553 0.0975, -0.1064 -0.1553 0.0975, -0.1016 -0.1552 0.1011, -0.1025 -0.1552 0.0994, -0.0954 -0.1553 0.0964, -0.101 -0.1552 0.1027, -0.1032 -0.1552 0.0985, -0.1034 -0.1552 0.0983, -0.1041 -0.1553 0.0979, -0.1743 -0.1546 0.1461, -0.1718 -0.1546 0.1444, -0.1452 -0.1546 0.1444, -0.1692 -0.1546 0.1426, -0.1654 -0.1547 0.1383, -0.163 -0.1548 0.1336, -0.162 -0.1548 0.1333, -0.1587 -0.1548 0.1315, -0.1956 -0.1546 0.1458, -0.1903 -0.1546 0.1479, -0.1847 -0.1545 0.1486, -0.1452 -0.1545 0.155, -0.18 -0.1545 0.1481, -0.2105 -0.1547 0.1388, -0.206 -0.1547 0.1393, -0.2244 -0.1549 0.122, -0.2241 -0.1549 0.1234, -0.2236 -0.1549 0.1262, -0.2218 -0.1548 0.1303, -0.2191 -0.1547 0.1339, -0.1979 -0.1546 0.1444, -0.1983 -0.1546 0.1441, -0.201 -0.1546 0.1418, -0.2046 -0.1547 0.1393, -0.2033 -0.1547 0.1391, -0.2183 -0.1547 0.1346, -0.2147 -0.1547 0.1371, -0.2105 -0.1552 0.103, -0.212 -0.1552 0.1035, -0.2161 -0.1551 0.1055, -0.2196 -0.1551 0.1085, -0.2222 -0.1551 0.1122, -0.2238 -0.155 0.1164, -0.2244 -0.1549 0.1209, -0.2055 -0.1553 0.0968, -0.2077 -0.1552 0.0985, -0.2094 -0.1552 0.1006, -0.2104 -0.1552 0.1027, -0.1452 -0.1553 0.0964, -0.195 -0.1553 0.0964, -0.1452 -0.1557 0.063, -0.1969 -0.1553 0.0956, -0.1997 -0.1553 0.0953, -0.2001 -0.1553 0.0953, -0.2028 -0.1553 0.0957, -0.2044 -0.1553 0.0964, -0.1452 -0.1552 0.1027, -0.189 -0.1552 0.1027, -0.189 -0.1552 0.1027, -0.1904 -0.1552 0.1002, -0.1921 -0.1552 0.0982, -0.1944 -0.1553 0.0966, -0.1912 -0.155 0.1143, -0.1759 -0.1549 0.1223, -0.1931 -0.155 0.1161, -0.1956 -0.155 0.1174, -0.1557 -0.1548 0.1288, -0.1535 -0.1549 0.1255, -0.1452 -0.1549 0.1234, -0.1527 -0.1549 0.1234, -0.1522 -0.1549 0.122, -0.1734 -0.1552 0.1028, -0.1741 -0.1552 0.1031, -0.1749 -0.1552 0.1035, -0.1755 -0.1552 0.1041, -0.1589 -0.1549 0.1196, -0.1594 -0.1549 0.1218, -0.1603 -0.1549 0.1234, -0.2169 -0.1549 0.1234, -0.1751 -0.1551 0.109, -0.1744 -0.1551 0.1095, -0.1724 -0.155 0.1162, -0.1736 -0.1551 0.1098, -0.154 -0.1551 0.1106, -0.156 -0.1551 0.1079, -0.1565 -0.1551 0.1074, -0.1595 -0.1552 0.105, -0.2163 -0.155 0.1166, -0.2149 -0.155 0.1143, -0.2091 -0.155 0.1131, -0.2129 -0.1551 0.1122, -0.2104 -0.1551 0.1107, -0.2049 -0.155 0.1169, -0.2072 -0.155 0.1153, -0.2172 -0.1549 0.1211, -0.2171 -0.1549 0.1194, -0.1518 -0.155 0.1187, -0.1518 -0.155 0.1179, -0.1524 -0.155 0.1142, -0.163 -0.1552 0.1034, -0.1663 -0.1552 0.1028, -0.1731 -0.1552 0.1028, -0.2024 -0.155 0.1178, -0.1997 -0.155 0.1182, -0.1983 -0.155 0.1181, -0.1764 -0.1551 0.1063, -0.1763 -0.1551 0.1067, -0.1883 -0.1551 0.1078, -0.1761 -0.1551 0.1076, -0.1757 -0.1551 0.1084, -0.1728 -0.1551 0.1099, -0.1727 -0.1551 0.1098, -0.1724 -0.1551 0.1098, -0.176 -0.1552 0.1048, -0.1763 -0.1551 0.1056, -0.1884 -0.1551 0.1055, -0.1883 -0.1551 0.1067, -0.1611 -0.155 0.1126, -0.1599 -0.155 0.1144, -0.1591 -0.155 0.1164, -0.1588 -0.155 0.1186, -0.1721 -0.1551 0.1097, -0.167 -0.1551 0.1097, -0.165 -0.1551 0.1101, -0.163 -0.1551 0.1111, -0.1613 -0.155 0.1124, -0.1998 -0.1548 0.1308, -0.2007 -0.1548 0.1313, -0.2032 -0.1548 0.1322, -0.1984 -0.1547 0.1339, -0.1686 -0.1548 0.1275, -0.1677 -0.1548 0.1275, -0.1605 -0.1549 0.1238, -0.1618 -0.1549 0.1252, -0.1636 -0.1549 0.1265, -0.1655 -0.1548 0.1272, -0.1743 -0.1547 0.138, -0.1689 -0.1548 0.1291, -0.1725 -0.1547 0.1362, -0.1702 -0.1548 0.1329, -0.1846 -0.1546 0.1417, -0.1854 -0.1546 0.1417, -0.1891 -0.1546 0.1411, -0.1776 -0.1547 0.1401, -0.1812 -0.1546 0.1414, -0.2098 -0.1548 0.1318, -0.2124 -0.1548 0.1305, -0.207 -0.1548 0.1325, -0.2143 -0.1548 0.1287, -0.2159 -0.1549 0.1264, -0.1928 -0.1547 0.1395, -0.1959 -0.1547 0.1371, -0.2058 -0.1548 0.1325, -0.2169 -0.1549 0.1239, -0.0892 -0.1553 0.0964, -0.0954 -0.1557 0.063, -0.0892 -0.1545 0.155, -0.0954 -0.1545 0.155, -0.1042 -0.1545 0.155, -0.108 -0.1545 0.155, -0.1042 -0.1557 0.063, -0.108 -0.1557 0.063, -0.1153 -0.1557 0.063, -0.1288 -0.1557 0.063, -0.1298 -0.1557 0.063, -0.1298 -0.1553 0.0964, -0.1298 -0.1552 0.1027, -0.13 -0.1552 0.1047, -0.13 -0.1552 0.1029, -0.1386 -0.1552 0.1029, -0.1304 -0.155 0.117, -0.1386 -0.155 0.1189, -0.1304 -0.155 0.1189, -0.1366 -0.1551 0.1101, -0.1366 -0.1552 0.1047, -0.1309 -0.1551 0.1101, -0.1309 -0.1551 0.1119, -0.1366 -0.1551 0.1119, -0.1366 -0.155 0.117, -0.1366 -0.1546 0.1443, -0.1366 -0.1548 0.1301, -0.1302 -0.1548 0.1301, -0.1386 -0.1548 0.1283, -0.1386 -0.1546 0.1443, -0.1302 -0.1548 0.1283, -0.1298 -0.1545 0.155, -0.0286 -0.1544 0.1614, -0.0842 -0.1544 0.1614, -0.0892 -0.1544 0.1614, -0.0954 -0.1544 0.1614, -0.1042 -0.1544 0.1614, -0.108 -0.1544 0.1614, -0.1153 -0.1544 0.1614, -0.1288 -0.1544 0.1614, -0.1298 -0.1544 0.1614, -0.1452 -0.1544 0.1614, -0.2303 -0.1544 0.1614, -0.2348 -0.1544 0.1614, -0.0664 -0.1552 0.1029, -0.0582 -0.1551 0.1072, -0.0649 -0.1551 0.1072, -0.0755 -0.1552 0.1032, -0.0737 -0.1552 0.1039
            ]
        }
        coordIndex [
            0,1,2,-1,3,4,5,-1,6,7,8,-1,8,7,9,-1,10,11,12,-1,12,11,13,-1,12,13,14,-1,14,13,6,-1,14,6,15,-1,16,17,18,-1,18,17,19,-1,18,19,20,-1,7,21,9,-1,9,21,22,-1,9,22,23,-1,23,22,24,-1,3,5,25,-1,25,5,26,-1,25,26,27,-1,27,26,28,-1,27,28,29,-1,29,28,30,-1,29,30,31,-1,31,30,32,-1,31,32,33,-1,34,35,36,-1,36,35,37,-1,38,39,40,-1,40,39,41,-1,40,41,42,-1,43,42,44,-1,44,45,43,-1,43,45,46,-1,43,46,47,-1,47,46,48,-1,49,50,41,-1,51,49,8,-1,8,49,41,-1,8,41,6,-1,6,41,20,-1,6,20,15,-1,15,20,19,-1,41,52,53,-1,54,55,56,-1,56,55,57,-1,56,57,58,-1,54,56,59,-1,59,56,52,-1,59,52,60,-1,61,62,52,-1,52,62,63,-1,52,63,60,-1,50,64,41,-1,41,64,65,-1,41,65,52,-1,52,65,66,-1,52,66,61,-1,42,41,44,-1,44,41,53,-1,44,53,67,-1,67,53,68,-1,67,68,69,-1,70,71,67,-1,72,71,73,-1,73,71,70,-1,73,70,74,-1,75,76,77,-1,77,78,75,-1,75,78,79,-1,75,79,80,-1,81,82,79,-1,79,82,83,-1,79,83,84,-1,85,86,79,-1,79,86,87,-1,79,87,80,-1,80,87,88,-1,80,88,89,-1,90,91,92,-1,92,91,93,-1,92,93,94,-1,84,95,79,-1,79,95,96,-1,79,96,85,-1,97,98,99,-1,99,98,100,-1,99,100,101,-1,97,102,98,-1,98,102,103,-1,98,103,104,-1,104,103,105,-1,104,105,106,-1,101,107,99,-1,99,107,108,-1,99,108,79,-1,79,108,109,-1,79,109,81,-1,89,110,80,-1,80,110,111,-1,80,111,92,-1,92,111,112,-1,92,112,90,-1,113,114,115,-1,115,114,116,-1,115,116,117,-1,118,119,120,-1,120,121,118,-1,118,121,122,-1,118,122,123,-1,94,124,92,-1,92,124,125,-1,92,125,126,-1,127,128,118,-1,118,128,129,-1,118,129,119,-1,125,130,126,-1,126,130,131,-1,126,131,127,-1,127,131,132,-1,127,132,128,-1,133,134,135,-1,136,137,138,-1,138,137,139,-1,138,139,140,-1,140,139,141,-1,140,141,142,-1,142,141,143,-1,142,143,144,-1,144,143,145,-1,144,145,146,-1,146,145,147,-1,133,143,134,-1,134,143,141,-1,134,141,148,-1,148,141,149,-1,148,149,150,-1,150,149,151,-1,150,151,80,-1,80,151,152,-1,80,152,75,-1,75,152,153,-1,75,153,135,-1,135,153,154,-1,135,154,133,-1,155,156,148,-1,157,158,134,-1,148,156,134,-1,134,156,159,-1,134,159,157,-1,160,161,162,-1,160,162,163,-1,164,165,166,-1,161,167,162,-1,162,167,168,-1,162,168,169,-1,169,168,170,-1,169,170,171,-1,172,173,164,-1,164,173,174,-1,164,174,165,-1,157,175,158,-1,158,175,176,-1,158,176,164,-1,164,176,177,-1,164,177,172,-1,178,162,179,-1,179,162,41,-1,179,41,180,-1,180,41,39,-1,48,46,178,-1,178,46,164,-1,178,164,162,-1,162,164,166,-1,162,166,163,-1,181,182,183,-1,184,185,186,-1,186,185,187,-1,188,189,184,-1,184,189,190,-1,191,192,193,-1,193,192,194,-1,195,196,192,-1,192,196,197,-1,198,199,200,-1,182,201,183,-1,183,201,202,-1,183,202,203,-1,203,202,204,-1,203,204,205,-1,190,206,184,-1,184,206,207,-1,184,207,185,-1,191,208,192,-1,192,208,209,-1,192,209,195,-1,92,210,211,-1,212,213,92,-1,92,213,214,-1,215,216,204,-1,204,216,217,-1,181,183,211,-1,211,183,218,-1,211,218,92,-1,92,218,219,-1,92,219,212,-1,217,220,204,-1,204,220,221,-1,204,221,222,-1,222,223,204,-1,204,223,224,-1,204,224,205,-1,198,225,199,-1,199,225,226,-1,199,226,227,-1,227,226,228,-1,227,228,229,-1,230,231,232,-1,232,231,233,-1,232,233,234,-1,235,236,237,-1,237,236,238,-1,237,238,229,-1,229,238,239,-1,229,239,227,-1,240,241,242,-1,230,235,231,-1,231,235,237,-1,231,237,243,-1,243,237,186,-1,243,186,244,-1,244,186,187,-1,244,187,245,-1,245,187,246,-1,247,246,248,-1,248,246,187,-1,248,187,240,-1,240,187,185,-1,240,185,241,-1,249,250,2,-1,251,252,80,-1,253,254,2,-1,2,254,255,-1,214,198,92,-1,92,198,200,-1,92,200,80,-1,80,200,256,-1,80,256,251,-1,252,257,80,-1,80,257,258,-1,80,258,150,-1,150,258,259,-1,150,259,249,-1,260,261,250,-1,250,261,262,-1,250,262,2,-1,2,262,263,-1,2,263,253,-1,255,264,2,-1,2,264,265,-1,2,265,0,-1,266,267,268,-1,268,267,269,-1,268,269,270,-1,268,271,266,-1,266,271,272,-1,266,272,273,-1,273,274,266,-1,266,274,275,-1,266,275,276,-1,276,275,277,-1,276,277,278,-1,278,277,279,-1,278,279,250,-1,250,279,280,-1,250,280,260,-1,281,282,270,-1,270,282,283,-1,270,283,268,-1,284,285,234,-1,234,285,286,-1,234,286,232,-1,284,287,285,-1,285,287,288,-1,285,288,289,-1,289,288,290,-1,289,291,292,-1,290,293,289,-1,289,293,294,-1,289,294,295,-1,295,296,289,-1,289,296,297,-1,289,297,291,-1,292,298,289,-1,289,298,299,-1,289,299,300,-1,301,302,169,-1,302,23,169,-1,169,23,24,-1,169,24,162,-1,162,24,303,-1,162,303,41,-1,41,303,304,-1,41,304,20,-1,305,306,307,-1,171,155,169,-1,169,155,148,-1,169,148,301,-1,301,148,308,-1,301,308,309,-1,309,308,305,-1,309,305,310,-1,310,305,307,-1,311,312,2,-1,2,312,313,-1,249,2,150,-1,150,2,313,-1,150,313,148,-1,148,313,314,-1,148,314,308,-1,315,312,316,-1,316,312,311,-1,316,311,317,-1,318,319,320,-1,321,322,2,-1,247,248,1,-1,1,248,318,-1,1,318,2,-1,2,318,320,-1,2,320,321,-1,322,323,2,-1,2,323,324,-1,2,324,325,-1,325,326,2,-1,2,326,327,-1,2,327,311,-1,311,327,328,-1,311,328,317,-1,329,330,331,-1,331,330,332,-1,331,332,318,-1,318,332,333,-1,318,333,319,-1,334,335,336,-1,334,336,337,-1,335,338,336,-1,336,338,339,-1,336,339,331,-1,331,339,340,-1,331,340,329,-1,341,342,343,-1,343,342,344,-1,343,344,345,-1,345,346,343,-1,343,346,347,-1,343,347,348,-1,349,350,32,-1,32,350,351,-1,32,351,352,-1,352,351,353,-1,30,354,355,-1,356,357,28,-1,28,357,358,-1,28,358,30,-1,30,358,359,-1,30,359,360,-1,349,32,361,-1,361,32,30,-1,361,30,362,-1,362,30,355,-1,362,355,363,-1,363,355,364,-1,363,364,365,-1,360,366,30,-1,30,366,367,-1,30,367,354,-1,368,369,26,-1,26,369,370,-1,26,370,371,-1,371,372,26,-1,26,372,373,-1,26,373,28,-1,28,373,374,-1,28,374,356,-1,375,376,5,-1,5,376,377,-1,5,377,26,-1,26,377,378,-1,26,378,368,-1,379,380,381,-1,381,380,382,-1,381,382,4,-1,4,382,383,-1,383,384,4,-1,4,384,385,-1,4,385,5,-1,5,385,386,-1,5,386,375,-1,387,388,379,-1,379,388,389,-1,379,389,390,-1,390,391,379,-1,379,391,392,-1,379,392,380,-1,393,394,395,-1,395,394,396,-1,348,397,343,-1,343,397,398,-1,343,398,399,-1,399,398,400,-1,399,400,401,-1,402,403,388,-1,388,403,404,-1,388,404,405,-1,406,407,394,-1,394,407,408,-1,394,408,409,-1,410,411,412,-1,412,411,413,-1,414,415,387,-1,387,415,416,-1,387,416,417,-1,418,419,420,-1,420,419,421,-1,420,421,422,-1,423,409,424,-1,424,409,425,-1,424,425,420,-1,420,425,426,-1,420,426,418,-1,401,427,399,-1,399,427,428,-1,399,428,387,-1,387,428,429,-1,387,429,414,-1,417,430,387,-1,387,430,431,-1,387,431,388,-1,388,431,432,-1,388,432,402,-1,423,433,409,-1,409,433,434,-1,409,434,394,-1,394,434,435,-1,394,435,396,-1,436,437,438,-1,438,437,439,-1,438,439,412,-1,412,439,440,-1,412,440,410,-1,413,441,412,-1,412,441,442,-1,412,442,443,-1,405,444,388,-1,388,444,445,-1,388,445,446,-1,446,445,436,-1,446,436,447,-1,447,436,438,-1,448,449,412,-1,412,449,450,-1,412,450,394,-1,394,450,451,-1,394,451,406,-1,443,452,412,-1,412,452,453,-1,412,453,454,-1,454,455,412,-1,412,455,456,-1,412,456,448,-1,408,457,409,-1,409,457,458,-1,409,458,459,-1,460,457,461,-1,461,457,408,-1,461,408,462,-1,462,408,463,-1,463,464,462,-1,462,464,465,-1,462,465,466,-1,467,468,469,-1,469,468,470,-1,468,471,461,-1,461,471,472,-1,461,472,473,-1,467,474,468,-1,468,474,475,-1,468,475,471,-1,476,477,478,-1,478,477,479,-1,478,479,480,-1,473,481,461,-1,461,481,482,-1,461,482,460,-1,459,483,409,-1,409,483,478,-1,409,478,484,-1,484,478,480,-1,485,336,486,-1,302,337,23,-1,23,337,336,-1,23,336,9,-1,9,336,485,-1,9,485,8,-1,45,35,46,-1,46,35,34,-1,46,34,164,-1,164,34,487,-1,164,487,158,-1,158,487,488,-1,158,488,134,-1,134,488,489,-1,134,489,135,-1,135,489,490,-1,135,490,75,-1,75,490,114,-1,75,114,76,-1,76,114,113,-1,486,336,491,-1,491,336,331,-1,491,331,492,-1,492,331,318,-1,492,318,493,-1,493,318,248,-1,493,248,494,-1,494,248,240,-1,494,240,495,-1,495,240,496,-1,495,496,381,-1,242,194,240,-1,240,194,192,-1,240,192,496,-1,496,192,497,-1,498,499,497,-1,497,499,500,-1,197,210,192,-1,192,210,92,-1,192,92,497,-1,497,92,126,-1,497,126,498,-1,498,126,501,-1,381,496,379,-1,379,496,497,-1,379,497,387,-1,387,497,500,-1,387,500,399,-1,399,500,502,-1,399,502,126,-1,126,502,503,-1,126,503,501,-1,504,505,506,-1,506,505,498,-1,506,498,507,-1,507,498,501,-1,507,501,508,-1,508,501,509,-1,510,511,512,-1,513,514,343,-1,343,514,510,-1,343,510,127,-1,127,510,512,-1,127,512,126,-1,126,512,515,-1,126,515,399,-1,399,515,513,-1,399,513,343,-1,123,117,118,-1,118,117,116,-1,118,116,127,-1,127,116,516,-1,127,516,343,-1,343,516,352,-1,343,352,341,-1,341,352,353,-1,36,517,34,-1,34,517,518,-1,34,518,487,-1,487,518,519,-1,487,519,488,-1,488,519,520,-1,488,520,489,-1,489,520,521,-1,489,521,490,-1,490,521,522,-1,490,522,114,-1,114,522,523,-1,114,523,116,-1,116,523,524,-1,116,524,516,-1,516,524,525,-1,516,525,352,-1,352,525,526,-1,352,526,32,-1,32,526,527,-1,32,527,33,-1,33,527,528,-1,56,69,529,-1,529,69,530,-1,529,530,531,-1,486,74,485,-1,485,74,70,-1,485,70,8,-1,8,70,67,-1,8,67,51,-1,51,67,69,-1,51,69,532,-1,532,69,56,-1,532,56,533,-1,533,56,58,-1,
        ]
    }
}
Shape{
    appearance Appearance {
        material  Material {
            diffuseColor 1.0 0.5019607843137255 0.0
            specularColor 0.8784313725490196 0.44313725490196076 0.0
            ambientIntensity 0.5937
            transparency 0.0
            shininess 0.5
        }
    }
    geometry IndexedFaceSet {
        ccw TRUE
        solid FALSE
        coord DEF co Coordinate {
            point [
                -0.1732 -0.1425 0.1614, -0.2012 -0.1425 0.1614, -0.2348 -0.1544 0.1614, -0.2012 -0.0794 0.1614, -0.2348 0.1578 0.1614, -0.0434 0.1544 0.1614, -0.0286 0.1578 0.1614, -0.1194 0.1062 0.1614, -0.1089 0.1172 0.1614, -0.0974 0.1271 0.1614, -0.0849 0.1358 0.1614, -0.0717 0.1433 0.1614, -0.0578 0.1495 0.1614, -0.0286 -0.1544 0.1614, -0.0434 -0.1509 0.1614, -0.0578 -0.1461 0.1614, -0.0974 -0.1236 0.1614, -0.1089 -0.1137 0.1614, -0.0717 -0.1398 0.1614, -0.0849 -0.1323 0.1614, -0.1542 -0.0359 0.1614, -0.1499 -0.0505 0.1614, -0.1732 -0.0794 0.1614, -0.1442 -0.0646 0.1614, -0.1194 -0.1028 0.1614, -0.1289 -0.0908 0.1614, -0.1372 -0.0781 0.1614, -0.1571 -0.021 0.1614, -0.1585 -0.0059 0.1614, -0.1585 0.0093 0.1614, -0.1571 0.0245 0.1614, -0.1442 0.0681 0.1614, -0.1372 0.0816 0.1614, -0.1289 0.0943 0.1614, -0.1542 0.0394 0.1614, -0.1499 0.054 0.1614
            ]
        }
        coordIndex [
            0,1,2,-1,2,1,3,-1,2,3,4,-1,5,6,4,-1,7,8,4,-1,4,8,9,-1,4,9,10,-1,10,11,4,-1,4,11,12,-1,4,12,5,-1,2,13,0,-1,0,13,14,-1,0,14,15,-1,0,16,17,-1,15,18,0,-1,0,18,19,-1,0,19,16,-1,20,3,21,-1,21,3,22,-1,21,22,23,-1,17,24,0,-1,0,24,25,-1,0,25,22,-1,22,25,26,-1,22,26,23,-1,20,27,3,-1,3,27,28,-1,3,28,4,-1,4,28,29,-1,4,29,30,-1,31,32,4,-1,4,32,33,-1,4,33,7,-1,30,34,4,-1,4,34,35,-1,4,35,31,-1,
        ]
    }
}
Shape{
    appearance Appearance {
        material  Material {
            diffuseColor 1.0 1.0 1.0
            specularColor 0.5019607843137255 0.5019607843137255 0.5019607843137255
            ambientIntensity 1.0
            transparency 0.0
            shininess 0.5
        }
    }
    geometry IndexedFaceSet {
        ccw TRUE
        solid FALSE
        coord DEF co Coordinate {
            point [
                0.2348 0.1578 0.1614, 0.2348 -0.1544 0.1614, 0.2362 0.1592 0.063, 0.2362 -0.1557 0.063, 0.0286 0.1578 0.1614, -0.02 0.1578 0.1614, -0.2362 0.1592 0.063, -0.0286 0.1578 0.1614, -0.2348 0.1578 0.1614, -0.0113 0.1578 0.1614, -0.0073 0.1578 0.1614, 0.0014 0.1578 0.1614, 0.01 0.1578 0.1614, 0.0187 0.1578 0.1614, 0.0275 0.1578 0.1614, -0.2348 -0.1544 0.1614, -0.2362 -0.1557 0.063, 0.1571 -0.021 0.1614, 0.1542 -0.0359 0.1614, 0.1499 -0.0505 0.1614, 0.1442 -0.0646 0.1614, 0.1372 -0.0781 0.1614, 0.1289 -0.0908 0.1614, 0.1194 -0.1028 0.1614, 0.1089 -0.1137 0.1614, 0.0974 -0.1236 0.1614, 0.0849 -0.1323 0.1614, 0.0717 -0.1398 0.1614, 0.0578 -0.1461 0.1614, 0.0434 -0.1509 0.1614, 0.0286 -0.1544 0.1614, 0.0434 0.1544 0.1614, 0.0578 0.1495 0.1614, 0.0717 0.1433 0.1614, 0.0849 0.1358 0.1614, 0.0974 0.1271 0.1614, 0.1089 0.1172 0.1614, 0.1194 0.1062 0.1614, 0.1289 0.0943 0.1614, 0.1372 0.0816 0.1614, 0.1442 0.0681 0.1614, 0.1499 0.054 0.1614, 0.1542 0.0394 0.1614, 0.1571 0.0245 0.1614, 0.1585 0.0093 0.1614, 0.1585 -0.0059 0.1614, -0.0136 0.0047 0.2591, -0.0139 0.0033 0.2591, 0.0 0.0017 0.2598, -0.0132 0.0062 0.2591, -0.0127 0.0076 0.2591, -0.012 0.0089 0.2591, -0.0111 0.0102 0.2591, -0.0101 0.0114 0.2591, -0.009 0.0124 0.2591, -0.0078 0.0133 0.2591, -0.0065 0.0141 0.2591, -0.0052 0.0147 0.2591, -0.0037 0.0152 0.2591, -0.0023 0.0155 0.2591, -0.0008 0.0157 0.2591, 0.0008 0.0157 0.2591, 0.0023 0.0155 0.2591, 0.0037 0.0152 0.2591, 0.0052 0.0147 0.2591, 0.0065 0.0141 0.2591, 0.0078 0.0133 0.2591, 0.009 0.0124 0.2591, 0.0101 0.0114 0.2591, 0.0111 0.0102 0.2591, 0.012 0.0089 0.2591, 0.0127 0.0076 0.2591, 0.0132 0.0062 0.2591, 0.0136 0.0047 0.2591, 0.0139 0.0033 0.2591, 0.014 0.0017 0.2591, 0.0139 0.0002 0.2591, 0.0136 -0.0013 0.2591, 0.0132 -0.0027 0.2591, 0.0127 -0.0041 0.2591, 0.012 -0.0055 0.2591, 0.0111 -0.0067 0.2591, 0.0101 -0.0079 0.2591, 0.009 -0.0089 0.2591, 0.0078 -0.0098 0.2591, 0.0065 -0.0106 0.2591, 0.0052 -0.0112 0.2591, 0.0037 -0.0117 0.2591, 0.0023 -0.012 0.2591, 0.0008 -0.0122 0.2591, -0.0008 -0.0122 0.2591, -0.0023 -0.012 0.2591, -0.0037 -0.0117 0.2591, -0.0052 -0.0112 0.2591, -0.0065 -0.0106 0.2591, -0.0078 -0.0098 0.2591, -0.009 -0.0089 0.2591, -0.0101 -0.0079 0.2591, -0.0111 -0.0067 0.2591, -0.012 -0.0055 0.2591, -0.0127 -0.0041 0.2591, -0.0132 -0.0027 0.2591, -0.0136 -0.0013 0.2591, -0.0139 0.0002 0.2591, -0.014 0.0017 0.2591, -0.0214 -0.1198 0.1833, -0.02 -0.12 0.1833, -0.0189 -0.1138 0.1946, -0.033 0.1206 0.1833, -0.0313 0.1146 0.1946, -0.0223 0.1232 0.1833, -0.0189 0.1173 0.1946, -0.0067 0.125 0.1832, -0.0088 0.1249 0.1832, -0.0063 0.1187 0.1946, -0.0155 0.1242 0.1833, -0.02 0.1235 0.1833, 0.0063 0.1187 0.1946, 0.0011 0.1252 0.1832, -0.0057 0.1251 0.1832, 0.02 0.1235 0.1833, 0.0146 0.1243 0.1833, 0.0189 0.1173 0.1946, 0.0078 0.125 0.1832, 0.0067 0.125 0.1832, 0.0338 0.1205 0.1833, 0.033 0.1206 0.1833, 0.0313 0.1146 0.1946, 0.0223 0.1232 0.1833, 0.0214 0.1233 0.1833, 0.045 0.1167 0.1833, 0.0434 0.1106 0.1946, 0.0457 0.1164 0.1833, 0.0558 0.1119 0.1833, 0.0549 0.1052 0.1946, 0.0578 0.1107 0.1833, 0.066 0.106 0.1833, 0.0657 0.0987 0.1946, 0.0692 0.1038 0.1833, 0.0757 0.0992 0.1833, 0.0758 0.091 0.1946, 0.0798 0.0957 0.1833, 0.0847 0.0915 0.1833, 0.085 0.0823 0.1946, 0.0895 0.0865 0.1833, 0.0929 0.083 0.1833, 0.0932 0.0726 0.1946, 0.0982 0.0764 0.1833, 0.1003 0.0738 0.1833, 0.1004 0.0621 0.1946, 0.1057 0.0653 0.1833, 0.1067 0.0638 0.1833, 0.1063 0.0509 0.1946, 0.112 0.0536 0.1833, 0.1121 0.0533 0.1833, 0.111 0.0391 0.1946, 0.1166 0.0424 0.1833, 0.1144 0.0269 0.1946, 0.1199 0.031 0.1833, 0.1169 0.0411 0.1833, 0.1164 0.0144 0.1946, 0.1222 0.0194 0.1833, 0.1205 0.0283 0.1833, 0.1171 0.0017 0.1946, 0.1233 0.0077 0.1833, 0.1226 0.0151 0.1833, 0.1164 -0.0109 0.1946, 0.1233 -0.0042 0.1833, 0.1233 0.0017 0.1833, 0.1144 -0.0234 0.1946, 0.1222 -0.0159 0.1833, 0.1226 -0.0116 0.1833, 0.1166 -0.0389 0.1833, 0.1169 -0.0377 0.1833, 0.111 -0.0357 0.1946, 0.1199 -0.0275 0.1833, 0.1205 -0.0248 0.1833, 0.1121 -0.0499 0.1833, 0.1063 -0.0474 0.1946, 0.112 -0.0501 0.1833, 0.1067 -0.0603 0.1833, 0.1004 -0.0586 0.1946, 0.1057 -0.0619 0.1833, 0.1003 -0.0703 0.1833, 0.0932 -0.0691 0.1946, 0.0982 -0.0729 0.1833, 0.0929 -0.0795 0.1833, 0.085 -0.0788 0.1946, 0.0895 -0.0831 0.1833, 0.0847 -0.088 0.1833, 0.0758 -0.0875 0.1946, 0.0798 -0.0922 0.1833, 0.0757 -0.0957 0.1833, 0.0657 -0.0952 0.1946, 0.0692 -0.1003 0.1833, 0.066 -0.1025 0.1833, 0.0549 -0.1017 0.1946, 0.0578 -0.1072 0.1833, 0.0558 -0.1084 0.1833, 0.0434 -0.1071 0.1946, 0.0457 -0.1129 0.1833, 0.045 -0.1132 0.1833, 0.0313 -0.1111 0.1946, 0.0338 -0.117 0.1833, 0.0189 -0.1138 0.1946, 0.0223 -0.1197 0.1833, 0.033 -0.1172 0.1833, 0.0067 -0.1215 0.1832, 0.0088 -0.1214 0.1832, 0.0063 -0.1152 0.1946, 0.0155 -0.1207 0.1833, 0.02 -0.12 0.1833, -0.0063 -0.1152 0.1946, -0.0011 -0.1217 0.1832, 0.0057 -0.1216 0.1832, -0.0146 -0.1208 0.1833, -0.0078 -0.1215 0.1832, -0.0067 -0.1215 0.1832, -0.0223 -0.1197 0.1833, -0.0313 -0.1111 0.1946, -0.033 -0.1172 0.1833, -0.0434 -0.1071 0.1946, -0.045 -0.1132 0.1833, -0.0338 -0.117 0.1833, -0.0549 -0.1017 0.1946, -0.0558 -0.1084 0.1833, -0.0457 -0.1129 0.1833, -0.0657 -0.0952 0.1946, -0.066 -0.1025 0.1833, -0.0578 -0.1072 0.1833, -0.0758 -0.0875 0.1946, -0.0757 -0.0957 0.1833, -0.0692 -0.1003 0.1833, -0.085 -0.0788 0.1946, -0.0847 -0.088 0.1833, -0.0798 -0.0922 0.1833, -0.0932 -0.0691 0.1946, -0.0929 -0.0795 0.1833, -0.0895 -0.0831 0.1833, -0.1004 -0.0586 0.1946, -0.1003 -0.0703 0.1833, -0.0982 -0.0729 0.1833, -0.1063 -0.0474 0.1946, -0.1067 -0.0603 0.1833, -0.1057 -0.0619 0.1833, -0.1169 -0.0377 0.1833, -0.1166 -0.0389 0.1833, -0.111 -0.0357 0.1946, -0.1121 -0.0499 0.1833, -0.112 -0.0501 0.1833, -0.1199 -0.0275 0.1833, -0.1144 -0.0234 0.1946, -0.1205 -0.0248 0.1833, -0.1222 -0.0159 0.1833, -0.1164 -0.0109 0.1946, -0.1226 -0.0116 0.1833, -0.1233 -0.0042 0.1833, -0.1171 0.0017 0.1946, -0.1233 0.0017 0.1833, -0.1233 0.0077 0.1833, -0.1164 0.0144 0.1946, -0.1226 0.0151 0.1833, -0.1222 0.0194 0.1833, -0.1144 0.0269 0.1946, -0.1205 0.0283 0.1833, -0.1199 0.031 0.1833, -0.111 0.0391 0.1946, -0.1169 0.0411 0.1833, -0.1063 0.0509 0.1946, -0.1121 0.0533 0.1833, -0.1166 0.0424 0.1833, -0.1004 0.0621 0.1946, -0.1067 0.0638 0.1833, -0.112 0.0536 0.1833, -0.0932 0.0726 0.1946, -0.1003 0.0738 0.1833, -0.1057 0.0653 0.1833, -0.085 0.0823 0.1946, -0.0929 0.083 0.1833, -0.0982 0.0764 0.1833, -0.0758 0.091 0.1946, -0.0847 0.0915 0.1833, -0.0895 0.0865 0.1833, -0.0657 0.0987 0.1946, -0.0757 0.0992 0.1833, -0.0798 0.0957 0.1833, -0.0549 0.1052 0.1946, -0.066 0.106 0.1833, -0.0692 0.1038 0.1833, -0.0434 0.1106 0.1946, -0.0558 0.1119 0.1833, -0.0578 0.1107 0.1833, -0.0338 0.1205 0.1833, -0.045 0.1167 0.1833, -0.0457 0.1164 0.1833, -0.1085 0.0135 0.2061, -0.1066 0.0252 0.2061, -0.1034 0.0366 0.2061, -0.0991 0.0476 0.2061, -0.0935 0.058 0.2061, -0.0869 0.0678 0.2061, -0.0793 0.0768 0.2061, -0.0707 0.0849 0.2061, -0.0613 0.0921 0.2061, -0.0511 0.0982 0.2061, -0.0404 0.1032 0.2061, -0.0292 0.1069 0.2061, -0.0177 0.1095 0.2061, -0.0059 0.1107 0.2061, 0.0059 0.1107 0.2061, 0.0177 0.1095 0.2061, 0.0292 0.1069 0.2061, 0.0404 0.1032 0.2061, 0.0511 0.0982 0.2061, 0.0613 0.0921 0.2061, 0.0707 0.0849 0.2061, 0.0793 0.0768 0.2061, 0.0869 0.0678 0.2061, 0.0935 0.058 0.2061, 0.0991 0.0476 0.2061, 0.1034 0.0366 0.2061, 0.1066 0.0252 0.2061, 0.1085 0.0135 0.2061, 0.1092 0.0017 0.2061, 0.1085 -0.0101 0.2061, 0.1066 -0.0217 0.2061, 0.1034 -0.0331 0.2061, 0.0991 -0.0441 0.2061, 0.0935 -0.0545 0.2061, 0.0869 -0.0643 0.2061, 0.0793 -0.0733 0.2061, 0.0707 -0.0815 0.2061, 0.0613 -0.0886 0.2061, 0.0511 -0.0947 0.2061, 0.0404 -0.0997 0.2061, 0.0292 -0.1034 0.2061, 0.0177 -0.106 0.2061, 0.0059 -0.1073 0.2061, -0.0059 -0.1073 0.2061, -0.0177 -0.106 0.2061, -0.0292 -0.1034 0.2061, -0.0404 -0.0997 0.2061, -0.0511 -0.0947 0.2061, -0.0613 -0.0886 0.2061, -0.0707 -0.0815 0.2061, -0.0793 -0.0733 0.2061, -0.0869 -0.0643 0.2061, -0.0935 -0.0545 0.2061, -0.0991 -0.0441 0.2061, -0.1034 -0.0331 0.2061, -0.1066 -0.0217 0.2061, -0.1085 -0.0101 0.2061, -0.1092 0.0017 0.2061, -0.0995 0.0126 0.2168, -0.0977 0.0233 0.2168, -0.0948 0.0337 0.2168, -0.0908 0.0438 0.2168, -0.0857 0.0533 0.2168, -0.0797 0.0623 0.2168, -0.0727 0.0706 0.2168, -0.0648 0.078 0.2168, -0.0562 0.0846 0.2168, -0.0469 0.0902 0.2168, -0.037 0.0947 0.2168, -0.0268 0.0982 0.2168, -0.0162 0.1005 0.2168, -0.0054 0.1017 0.2168, 0.0054 0.1017 0.2168, 0.0162 0.1005 0.2168, 0.0268 0.0982 0.2168, 0.037 0.0947 0.2168, 0.0469 0.0902 0.2168, 0.0562 0.0846 0.2168, 0.0648 0.078 0.2168, 0.0727 0.0706 0.2168, 0.0797 0.0623 0.2168, 0.0857 0.0533 0.2168, 0.0908 0.0438 0.2168, 0.0948 0.0337 0.2168, 0.0977 0.0233 0.2168, 0.0995 0.0126 0.2168, 0.1001 0.0017 0.2168, 0.0995 -0.0091 0.2168, 0.0977 -0.0198 0.2168, 0.0948 -0.0302 0.2168, 0.0908 -0.0403 0.2168, 0.0857 -0.0498 0.2168, 0.0797 -0.0588 0.2168, 0.0727 -0.0671 0.2168, 0.0648 -0.0745 0.2168, 0.0562 -0.0811 0.2168, 0.0469 -0.0867 0.2168, 0.037 -0.0912 0.2168, 0.0268 -0.0947 0.2168, 0.0162 -0.097 0.2168, 0.0054 -0.0982 0.2168, -0.0054 -0.0982 0.2168, -0.0162 -0.097 0.2168, -0.0268 -0.0947 0.2168, -0.037 -0.0912 0.2168, -0.0469 -0.0867 0.2168, -0.0562 -0.0811 0.2168, -0.0648 -0.0745 0.2168, -0.0727 -0.0671 0.2168, -0.0797 -0.0588 0.2168, -0.0857 -0.0498 0.2168, -0.0908 -0.0403 0.2168, -0.0948 -0.0302 0.2168, -0.0977 -0.0198 0.2168, -0.0995 -0.0091 0.2168, -0.1001 0.0017 0.2168, -0.0894 0.0115 0.2264, -0.0878 0.0211 0.2264, -0.0852 0.0305 0.2264, -0.0816 0.0395 0.2264, -0.0771 0.0481 0.2264, -0.0716 0.0562 0.2264, -0.0653 0.0636 0.2264, -0.0582 0.0703 0.2264, -0.0505 0.0762 0.2264, -0.0421 0.0812 0.2264, -0.0333 0.0853 0.2264, -0.0241 0.0884 0.2264, -0.0146 0.0905 0.2264, -0.0049 0.0916 0.2264, 0.0049 0.0916 0.2264, 0.0146 0.0905 0.2264, 0.0241 0.0884 0.2264, 0.0333 0.0853 0.2264, 0.0421 0.0812 0.2264, 0.0505 0.0762 0.2264, 0.0582 0.0703 0.2264, 0.0653 0.0636 0.2264, 0.0716 0.0562 0.2264, 0.0771 0.0481 0.2264, 0.0816 0.0395 0.2264, 0.0852 0.0305 0.2264, 0.0878 0.0211 0.2264, 0.0894 0.0115 0.2264, 0.0899 0.0017 0.2264, 0.0894 -0.008 0.2264, 0.0878 -0.0176 0.2264, 0.0852 -0.027 0.2264, 0.0816 -0.036 0.2264, 0.0771 -0.0446 0.2264, 0.0716 -0.0527 0.2264, 0.0653 -0.0601 0.2264, 0.0582 -0.0668 0.2264, 0.0505 -0.0727 0.2264, 0.0421 -0.0777 0.2264, 0.0333 -0.0818 0.2264, 0.0241 -0.0849 0.2264, 0.0146 -0.087 0.2264, 0.0049 -0.0881 0.2264, -0.0049 -0.0881 0.2264, -0.0146 -0.087 0.2264, -0.0241 -0.0849 0.2264, -0.0333 -0.0818 0.2264, -0.0421 -0.0777 0.2264, -0.0505 -0.0727 0.2264, -0.0582 -0.0668 0.2264, -0.0653 -0.0601 0.2264, -0.0716 -0.0527 0.2264, -0.0771 -0.0446 0.2264, -0.0816 -0.036 0.2264, -0.0852 -0.027 0.2264, -0.0878 -0.0176 0.2264, -0.0894 -0.008 0.2264, -0.0899 0.0017 0.2264, -0.0784 0.0103 0.235, -0.077 0.0187 0.235, -0.0748 0.0269 0.235, -0.0716 0.0349 0.235, -0.0676 0.0424 0.235, -0.0628 0.0495 0.235, -0.0573 0.056 0.235, -0.0511 0.0619 0.235, -0.0443 0.067 0.235, -0.037 0.0714 0.235, -0.0292 0.075 0.235, -0.0211 0.0778 0.235, -0.0128 0.0796 0.235, -0.0043 0.0805 0.235, 0.0043 0.0805 0.235, 0.0128 0.0796 0.235, 0.0211 0.0778 0.235, 0.0292 0.075 0.235, 0.037 0.0714 0.235, 0.0443 0.067 0.235, 0.0511 0.0619 0.235, 0.0573 0.056 0.235, 0.0628 0.0495 0.235, 0.0676 0.0424 0.235, 0.0716 0.0349 0.235, 0.0748 0.0269 0.235, 0.077 0.0187 0.235, 0.0784 0.0103 0.235, 0.0789 0.0017 0.235, 0.0784 -0.0068 0.235, 0.077 -0.0152 0.235, 0.0748 -0.0234 0.235, 0.0716 -0.0314 0.235, 0.0676 -0.0389 0.235, 0.0628 -0.046 0.235, 0.0573 -0.0525 0.235, 0.0511 -0.0584 0.235, 0.0443 -0.0636 0.235, 0.037 -0.068 0.235, 0.0292 -0.0715 0.235, 0.0211 -0.0743 0.235, 0.0128 -0.0761 0.235, 0.0043 -0.077 0.235, -0.0043 -0.077 0.235, -0.0128 -0.0761 0.235, -0.0211 -0.0743 0.235, -0.0292 -0.0715 0.235, -0.037 -0.068 0.235, -0.0443 -0.0636 0.235, -0.0511 -0.0584 0.235, -0.0573 -0.0525 0.235, -0.0628 -0.046 0.235, -0.0676 -0.0389 0.235, -0.0716 -0.0314 0.235, -0.0748 -0.0234 0.235, -0.077 -0.0152 0.235, -0.0784 -0.0068 0.235, -0.0789 0.0017 0.235, -0.0666 0.009 0.2424, -0.0655 0.0162 0.2424, -0.0635 0.0231 0.2424, -0.0608 0.0299 0.2424, -0.0574 0.0363 0.2424, -0.0534 0.0423 0.2424, -0.0487 0.0478 0.2424, -0.0434 0.0528 0.2424, -0.0376 0.0572 0.2424, -0.0314 0.061 0.2424, -0.0248 0.064 0.2424, -0.0179 0.0663 0.2424, -0.0108 0.0679 0.2424, -0.0036 0.0687 0.2424, 0.0036 0.0687 0.2424, 0.0108 0.0679 0.2424, 0.0179 0.0663 0.2424, 0.0248 0.064 0.2424, 0.0314 0.061 0.2424, 0.0376 0.0572 0.2424, 0.0434 0.0528 0.2424, 0.0487 0.0478 0.2424, 0.0534 0.0423 0.2424, 0.0574 0.0363 0.2424, 0.0608 0.0299 0.2424, 0.0635 0.0231 0.2424, 0.0655 0.0162 0.2424, 0.0666 0.009 0.2424, 0.067 0.0017 0.2424, 0.0666 -0.0055 0.2424, 0.0655 -0.0127 0.2424, 0.0635 -0.0197 0.2424, 0.0608 -0.0264 0.2424, 0.0574 -0.0328 0.2424, 0.0534 -0.0388 0.2424, 0.0487 -0.0444 0.2424, 0.0434 -0.0493 0.2424, 0.0376 -0.0537 0.2424, 0.0314 -0.0575 0.2424, 0.0248 -0.0605 0.2424, 0.0179 -0.0628 0.2424, 0.0108 -0.0644 0.2424, 0.0036 -0.0652 0.2424, -0.0036 -0.0652 0.2424, -0.0108 -0.0644 0.2424, -0.0179 -0.0628 0.2424, -0.0248 -0.0605 0.2424, -0.0314 -0.0575 0.2424, -0.0376 -0.0537 0.2424, -0.0434 -0.0493 0.2424, -0.0487 -0.0444 0.2424, -0.0534 -0.0388 0.2424, -0.0574 -0.0328 0.2424, -0.0608 -0.0264 0.2424, -0.0635 -0.0197 0.2424, -0.0655 -0.0127 0.2424, -0.0666 -0.0055 0.2424, -0.067 0.0017 0.2424, -0.0542 0.0076 0.2486, -0.0532 0.0135 0.2486, -0.0516 0.0191 0.2486, -0.0494 0.0246 0.2486, -0.0467 0.0298 0.2486, -0.0434 0.0347 0.2486, -0.0395 0.0392 0.2486, -0.0353 0.0433 0.2486, -0.0306 0.0468 0.2486, -0.0255 0.0499 0.2486, -0.0202 0.0523 0.2486, -0.0146 0.0542 0.2486, -0.0088 0.0555 0.2486, -0.0029 0.0561 0.2486, 0.0029 0.0561 0.2486, 0.0088 0.0555 0.2486, 0.0146 0.0542 0.2486, 0.0202 0.0523 0.2486, 0.0255 0.0499 0.2486, 0.0306 0.0468 0.2486, 0.0353 0.0433 0.2486, 0.0395 0.0392 0.2486, 0.0434 0.0347 0.2486, 0.0467 0.0298 0.2486, 0.0494 0.0246 0.2486, 0.0516 0.0191 0.2486, 0.0532 0.0135 0.2486, 0.0542 0.0076 0.2486, 0.0545 0.0017 0.2486, 0.0542 -0.0041 0.2486, 0.0532 -0.01 0.2486, 0.0516 -0.0157 0.2486, 0.0494 -0.0211 0.2486, 0.0467 -0.0263 0.2486, 0.0434 -0.0312 0.2486, 0.0395 -0.0357 0.2486, 0.0353 -0.0398 0.2486, 0.0306 -0.0433 0.2486, 0.0255 -0.0464 0.2486, 0.0202 -0.0489 0.2486, 0.0146 -0.0507 0.2486, 0.0088 -0.052 0.2486, 0.0029 -0.0526 0.2486, -0.0029 -0.0526 0.2486, -0.0088 -0.052 0.2486, -0.0146 -0.0507 0.2486, -0.0202 -0.0489 0.2486, -0.0255 -0.0464 0.2486, -0.0306 -0.0433 0.2486, -0.0353 -0.0398 0.2486, -0.0395 -0.0357 0.2486, -0.0434 -0.0312 0.2486, -0.0467 -0.0263 0.2486, -0.0494 -0.0211 0.2486, -0.0516 -0.0157 0.2486, -0.0532 -0.01 0.2486, -0.0542 -0.0041 0.2486, -0.0545 0.0017 0.2486, -0.0411 0.0062 0.2535, -0.0404 0.0106 0.2535, -0.0392 0.0149 0.2535, -0.0375 0.0191 0.2535, -0.0354 0.0231 0.2535, -0.0329 0.0268 0.2535, -0.03 0.0302 0.2535, -0.0268 0.0333 0.2535, -0.0232 0.036 0.2535, -0.0194 0.0383 0.2535, -0.0153 0.0402 0.2535, -0.0111 0.0416 0.2535, -0.0067 0.0426 0.2535, -0.0022 0.043 0.2535, 0.0022 0.043 0.2535, 0.0067 0.0426 0.2535, 0.0111 0.0416 0.2535, 0.0153 0.0402 0.2535, 0.0194 0.0383 0.2535, 0.0232 0.036 0.2535, 0.0268 0.0333 0.2535, 0.03 0.0302 0.2535, 0.0329 0.0268 0.2535, 0.0354 0.0231 0.2535, 0.0375 0.0191 0.2535, 0.0392 0.0149 0.2535, 0.0404 0.0106 0.2535, 0.0411 0.0062 0.2535, 0.0414 0.0017 0.2535, 0.0411 -0.0027 0.2535, 0.0404 -0.0071 0.2535, 0.0392 -0.0115 0.2535, 0.0375 -0.0156 0.2535, 0.0354 -0.0196 0.2535, 0.0329 -0.0233 0.2535, 0.03 -0.0267 0.2535, 0.0268 -0.0298 0.2535, 0.0232 -0.0325 0.2535, 0.0194 -0.0348 0.2535, 0.0153 -0.0367 0.2535, 0.0111 -0.0381 0.2535, 0.0067 -0.0391 0.2535, 0.0022 -0.0396 0.2535, -0.0022 -0.0396 0.2535, -0.0067 -0.0391 0.2535, -0.0111 -0.0381 0.2535, -0.0153 -0.0367 0.2535, -0.0194 -0.0348 0.2535, -0.0232 -0.0325 0.2535, -0.0268 -0.0298 0.2535, -0.03 -0.0267 0.2535, -0.0329 -0.0233 0.2535, -0.0354 -0.0196 0.2535, -0.0375 -0.0156 0.2535, -0.0392 -0.0115 0.2535, -0.0404 -0.0071 0.2535, -0.0411 -0.0027 0.2535, -0.0414 0.0017 0.2535, -0.0276 0.0047 0.257, -0.0272 0.0077 0.257, -0.0264 0.0106 0.257, -0.0252 0.0134 0.257, -0.0238 0.0161 0.257, -0.0221 0.0186 0.257, -0.0202 0.0209 0.257, -0.018 0.0229 0.257, -0.0156 0.0248 0.257, -0.013 0.0263 0.257, -0.0103 0.0276 0.257, -0.0074 0.0285 0.257, -0.0045 0.0292 0.257, -0.0015 0.0295 0.257, 0.0015 0.0295 0.257, 0.0045 0.0292 0.257, 0.0074 0.0285 0.257, 0.0103 0.0276 0.257, 0.013 0.0263 0.257, 0.0156 0.0248 0.257, 0.018 0.0229 0.257, 0.0202 0.0209 0.257, 0.0221 0.0186 0.257, 0.0238 0.0161 0.257, 0.0252 0.0134 0.257, 0.0264 0.0106 0.257, 0.0272 0.0077 0.257, 0.0276 0.0047 0.257, 0.0278 0.0017 0.257, 0.0276 -0.0013 0.257, 0.0272 -0.0042 0.257, 0.0264 -0.0071 0.257, 0.0252 -0.0099 0.257, 0.0238 -0.0126 0.257, 0.0221 -0.0151 0.257, 0.0202 -0.0174 0.257, 0.018 -0.0195 0.257, 0.0156 -0.0213 0.257, 0.013 -0.0228 0.257, 0.0103 -0.0241 0.257, 0.0074 -0.0251 0.257, 0.0045 -0.0257 0.257, 0.0015 -0.026 0.257, -0.0015 -0.026 0.257, -0.0045 -0.0257 0.257, -0.0074 -0.0251 0.257, -0.0103 -0.0241 0.257, -0.013 -0.0228 0.257, -0.0156 -0.0213 0.257, -0.018 -0.0195 0.257, -0.0202 -0.0174 0.257, -0.0221 -0.0151 0.257, -0.0238 -0.0126 0.257, -0.0252 -0.0099 0.257, -0.0264 -0.0071 0.257, -0.0272 -0.0042 0.257, -0.0276 -0.0013 0.257, -0.0278 0.0017 0.257, -0.0261 0.1439 0.1643, -0.0256 0.1412 0.1652, -0.0179 0.1417 0.1656, -0.0273 0.1507 0.1622, -0.027 0.1493 0.1624, -0.0189 0.1495 0.1626, 0.0238 0.1319 0.1719, 0.0242 0.1339 0.1698, 0.0233 0.134 0.1699, 0.0249 0.1376 0.1675, 0.0256 0.1412 0.1652, 0.0246 0.1413 0.1653, 0.0273 0.1507 0.1622, 0.0261 0.1439 0.1643, 0.027 0.1493 0.1624, 0.026 0.1494 0.1624, 0.0231 0.1278 0.176, 0.0222 0.1279 0.176, 0.023 0.127 0.1772, 0.0152 0.1288 0.1762, 0.0081 0.1294 0.1763, 0.0011 0.1296 0.1763, -0.0059 0.1295 0.1763, -0.0169 0.1346 0.1701, -0.0161 0.1287 0.1761, -0.0096 0.1351 0.1703, -0.0092 0.1293 0.1762, -0.0062 0.1352 0.1704, 0.0012 0.1353 0.1704, 0.0085 0.1352 0.1704, 0.0159 0.1347 0.1702, 0.0177 0.1496 0.1626, 0.0095 0.1497 0.1628, 0.0013 0.1498 0.1628, -0.0069 0.1497 0.1628, -0.0107 0.1497 0.1628, -0.0101 0.142 0.1658, -0.0066 0.1421 0.1658, 0.0012 0.1421 0.1659, 0.009 0.142 0.1658, 0.0168 0.1417 0.1656, -0.0249 0.1376 0.1675, -0.0242 0.1339 0.1698, -0.0238 0.1319 0.1719, -0.0231 0.1278 0.176, -0.023 0.127 0.1772, -0.0414 0.1474 0.1621, -0.027 -0.1458 0.1624, -0.0261 -0.1404 0.1643, -0.0395 -0.1372 0.1641, -0.0395 0.1407 0.1641, -0.0464 0.1203 0.1771, -0.0348 0.1241 0.1771, -0.0362 0.1289 0.1717, -0.0575 0.1153 0.1771, -0.0681 0.1093 0.1771, -0.023 -0.1235 0.1772, -0.0348 -0.1207 0.1771, -0.0464 -0.1168 0.1771, -0.0575 -0.1118 0.1771, -0.0681 -0.1058 0.1771, -0.0781 -0.0988 0.1771, -0.0873 -0.0908 0.1771, -0.0958 -0.082 0.1771, -0.1034 -0.0725 0.1771, -0.11 -0.0623 0.1771, -0.1156 -0.0515 0.1771, -0.1202 -0.0401 0.1771, -0.1236 -0.0285 0.1771, -0.1259 -0.0165 0.1771, -0.1271 -0.0044 0.1771, -0.1271 0.0078 0.1771, -0.1259 0.02 0.1771, -0.1236 0.0319 0.1771, -0.1202 0.0436 0.1771, -0.1156 0.0549 0.1771, -0.11 0.0658 0.1771, -0.1034 0.076 0.1771, -0.0958 0.0855 0.1771, -0.0873 0.0943 0.1771, -0.0781 0.1022 0.1771, -0.0362 -0.1254 0.1717, -0.0481 -0.1213 0.1717, -0.0597 -0.1162 0.1717, -0.0707 -0.1099 0.1717, -0.0811 -0.1026 0.1717, -0.0907 -0.0944 0.1717, -0.0995 -0.0853 0.1717, -0.1073 -0.0754 0.1717, -0.1142 -0.0647 0.1717, -0.1201 -0.0535 0.1717, -0.1248 -0.0418 0.1717, -0.1284 -0.0296 0.1717, -0.1308 -0.0172 0.1717, -0.132 -0.0046 0.1717, -0.132 0.0081 0.1717, -0.1308 0.0207 0.1717, -0.1284 0.0331 0.1717, -0.1248 0.0452 0.1717, -0.1201 0.057 0.1717, -0.1142 0.0682 0.1717, -0.1073 0.0788 0.1717, -0.0995 0.0888 0.1717, -0.0907 0.0979 0.1717, -0.0811 0.1061 0.1717, -0.0707 0.1134 0.1717, -0.0249 -0.1341 0.1675, -0.0242 -0.1304 0.1698, -0.0238 -0.1284 0.1719, -0.0231 -0.1243 0.176, -0.0256 -0.1377 0.1652, -0.0377 -0.131 0.1673, -0.0503 -0.1267 0.1673, -0.0623 -0.1213 0.1673, -0.0738 -0.1148 0.1673, -0.0846 -0.1072 0.1673, -0.0947 -0.0986 0.1673, -0.1038 -0.0891 0.1673, -0.112 -0.0787 0.1673, -0.1192 -0.0676 0.1673, -0.1253 -0.0559 0.1673, -0.1303 -0.0437 0.1673, -0.134 -0.031 0.1673, -0.1365 -0.018 0.1673, -0.1378 -0.0049 0.1673, -0.1378 0.0084 0.1673, -0.1365 0.0215 0.1673, -0.134 0.0345 0.1673, -0.1303 0.0472 0.1673, -0.1253 0.0594 0.1673, -0.1192 0.0711 0.1673, -0.112 0.0822 0.1673, -0.1038 0.0926 0.1673, -0.0947 0.1021 0.1673, -0.0846 0.1107 0.1673, -0.0738 0.1183 0.1673, -0.0623 0.1248 0.1673, -0.0481 0.1248 0.1717, -0.0377 0.1344 0.1673, -0.0526 -0.1328 0.1641, -0.0653 -0.1271 0.1641, -0.0773 -0.1203 0.1641, -0.0886 -0.1123 0.1641, -0.0991 -0.1033 0.1641, -0.1087 -0.0934 0.1641, -0.1173 -0.0825 0.1641, -0.1249 -0.0709 0.1641, -0.1312 -0.0586 0.1641, -0.1364 -0.0458 0.1641, -0.1403 -0.0325 0.1641, -0.143 -0.019 0.1641, -0.1443 -0.0052 0.1641, -0.1443 0.0087 0.1641, -0.143 0.0224 0.1641, -0.1403 0.036 0.1641, -0.1364 0.0493 0.1641, -0.1312 0.0621 0.1641, -0.1249 0.0744 0.1641, -0.1173 0.086 0.1641, -0.1087 0.0969 0.1641, -0.0991 0.1068 0.1641, -0.0886 0.1158 0.1641, -0.0773 0.1238 0.1641, -0.0653 0.1306 0.1641, -0.0526 0.1363 0.1641, -0.0597 0.1196 0.1717, -0.0503 0.1302 0.1673, -0.0273 -0.1473 0.1622, -0.0414 -0.1439 0.1621, -0.0552 -0.1393 0.1621, -0.0684 -0.1334 0.1621, -0.081 -0.1262 0.1621, -0.0929 -0.1179 0.1621, -0.1039 -0.1084 0.1621, -0.114 -0.098 0.1621, -0.123 -0.0866 0.1621, -0.1309 -0.0744 0.1621, -0.1376 -0.0616 0.1621, -0.143 -0.0481 0.1621, -0.1471 -0.0342 0.1621, -0.1499 -0.02 0.1621, -0.1513 -0.0055 0.1621, -0.1513 0.009 0.1621, -0.1499 0.0234 0.1621, -0.1471 0.0377 0.1621, -0.143 0.0516 0.1621, -0.1376 0.0651 0.1621, -0.1309 0.0779 0.1621, -0.123 0.0901 0.1621, -0.114 0.1015 0.1621, -0.1039 0.1119 0.1621, -0.0929 0.1214 0.1621, -0.081 0.1297 0.1621, -0.0684 0.1369 0.1621, -0.0552 0.1428 0.1621, -0.0434 0.1544 0.1614, -0.0578 0.1495 0.1614, -0.0717 0.1433 0.1614, -0.0849 0.1358 0.1614, -0.0974 0.1271 0.1614, -0.1089 0.1172 0.1614, -0.1194 0.1062 0.1614, -0.1289 0.0943 0.1614, -0.1372 0.0816 0.1614, -0.1442 0.0681 0.1614, -0.1499 0.054 0.1614, -0.1542 0.0394 0.1614, -0.1571 0.0245 0.1614, -0.1585 0.0093 0.1614, -0.1585 -0.0059 0.1614, -0.1571 -0.021 0.1614, -0.1542 -0.0359 0.1614, -0.1499 -0.0505 0.1614, -0.1442 -0.0646 0.1614, -0.1372 -0.0781 0.1614, -0.1289 -0.0908 0.1614, -0.1194 -0.1028 0.1614, -0.1089 -0.1137 0.1614, -0.0974 -0.1236 0.1614, -0.0849 -0.1323 0.1614, -0.0717 -0.1398 0.1614, -0.0578 -0.1461 0.1614, -0.0434 -0.1509 0.1614, -0.0286 -0.1544 0.1614, 0.027 -0.1458 0.1624, 0.0273 -0.1473 0.1622, 0.0414 -0.1439 0.1621, 0.0395 0.1407 0.1641, 0.0256 -0.1377 0.1652, 0.0261 -0.1404 0.1643, 0.0395 -0.1372 0.1641, 0.0464 -0.1168 0.1771, 0.0348 -0.1207 0.1771, 0.0362 -0.1254 0.1717, 0.023 -0.1235 0.1772, 0.0575 -0.1118 0.1771, 0.0681 -0.1058 0.1771, 0.0348 0.1241 0.1771, 0.0464 0.1203 0.1771, 0.0575 0.1153 0.1771, 0.0681 0.1093 0.1771, 0.0781 0.1022 0.1771, 0.0873 0.0943 0.1771, 0.0958 0.0855 0.1771, 0.1034 0.076 0.1771, 0.11 0.0658 0.1771, 0.1156 0.0549 0.1771, 0.1202 0.0436 0.1771, 0.1236 0.0319 0.1771, 0.1259 0.02 0.1771, 0.1271 0.0078 0.1771, 0.1271 -0.0044 0.1771, 0.1259 -0.0165 0.1771, 0.1236 -0.0285 0.1771, 0.1202 -0.0401 0.1771, 0.1156 -0.0515 0.1771, 0.11 -0.0623 0.1771, 0.1034 -0.0725 0.1771, 0.0958 -0.082 0.1771, 0.0873 -0.0908 0.1771, 0.0781 -0.0988 0.1771, 0.0362 0.1289 0.1717, 0.0481 0.1248 0.1717, 0.0597 0.1196 0.1717, 0.0707 0.1134 0.1717, 0.0811 0.1061 0.1717, 0.0907 0.0979 0.1717, 0.0995 0.0888 0.1717, 0.1073 0.0788 0.1717, 0.1142 0.0682 0.1717, 0.1201 0.057 0.1717, 0.1248 0.0452 0.1717, 0.1284 0.0331 0.1717, 0.1308 0.0207 0.1717, 0.132 0.0081 0.1717, 0.132 -0.0046 0.1717, 0.1308 -0.0172 0.1717, 0.1284 -0.0296 0.1717, 0.1248 -0.0418 0.1717, 0.1201 -0.0535 0.1717, 0.1142 -0.0647 0.1717, 0.1073 -0.0754 0.1717, 0.0995 -0.0853 0.1717, 0.0907 -0.0944 0.1717, 0.0811 -0.1026 0.1717, 0.0707 -0.1099 0.1717, 0.0377 0.1344 0.1673, 0.0503 0.1302 0.1673, 0.0623 0.1248 0.1673, 0.0738 0.1183 0.1673, 0.0846 0.1107 0.1673, 0.0947 0.1021 0.1673, 0.1038 0.0926 0.1673, 0.112 0.0822 0.1673, 0.1192 0.0711 0.1673, 0.1253 0.0594 0.1673, 0.1303 0.0472 0.1673, 0.134 0.0345 0.1673, 0.1365 0.0215 0.1673, 0.1378 0.0084 0.1673, 0.1378 -0.0049 0.1673, 0.1365 -0.018 0.1673, 0.134 -0.031 0.1673, 0.1303 -0.0437 0.1673, 0.1253 -0.0559 0.1673, 0.1192 -0.0676 0.1673, 0.112 -0.0787 0.1673, 0.1038 -0.0891 0.1673, 0.0947 -0.0986 0.1673, 0.0846 -0.1072 0.1673, 0.0738 -0.1148 0.1673, 0.0623 -0.1213 0.1673, 0.0231 -0.1243 0.176, 0.0238 -0.1284 0.1719, 0.0242 -0.1304 0.1698, 0.0481 -0.1213 0.1717, 0.0377 -0.131 0.1673, 0.0249 -0.1341 0.1675, 0.0526 0.1363 0.1641, 0.0653 0.1306 0.1641, 0.0773 0.1238 0.1641, 0.0886 0.1158 0.1641, 0.0991 0.1068 0.1641, 0.1087 0.0969 0.1641, 0.1173 0.086 0.1641, 0.1249 0.0744 0.1641, 0.1312 0.0621 0.1641, 0.1364 0.0493 0.1641, 0.1403 0.036 0.1641, 0.143 0.0224 0.1641, 0.1443 0.0087 0.1641, 0.1443 -0.0052 0.1641, 0.143 -0.019 0.1641, 0.1403 -0.0325 0.1641, 0.1364 -0.0458 0.1641, 0.1312 -0.0586 0.1641, 0.1249 -0.0709 0.1641, 0.1173 -0.0825 0.1641, 0.1087 -0.0934 0.1641, 0.0991 -0.1033 0.1641, 0.0886 -0.1123 0.1641, 0.0773 -0.1203 0.1641, 0.0653 -0.1271 0.1641, 0.0526 -0.1328 0.1641, 0.0597 -0.1162 0.1717, 0.0503 -0.1267 0.1673, 0.0414 0.1474 0.1621, 0.0552 0.1428 0.1621, 0.0684 0.1369 0.1621, 0.081 0.1297 0.1621, 0.0929 0.1214 0.1621, 0.1039 0.1119 0.1621, 0.114 0.1015 0.1621, 0.123 0.0901 0.1621, 0.1309 0.0779 0.1621, 0.1376 0.0651 0.1621, 0.143 0.0516 0.1621, 0.1471 0.0377 0.1621, 0.1499 0.0234 0.1621, 0.1513 0.009 0.1621, 0.1513 -0.0055 0.1621, 0.1499 -0.02 0.1621, 0.1471 -0.0342 0.1621, 0.143 -0.0481 0.1621, 0.1376 -0.0616 0.1621, 0.1309 -0.0744 0.1621, 0.123 -0.0866 0.1621, 0.114 -0.098 0.1621, 0.1039 -0.1084 0.1621, 0.0929 -0.1179 0.1621, 0.081 -0.1262 0.1621, 0.0684 -0.1334 0.1621, 0.0552 -0.1393 0.1621, 0.0179 -0.1382 0.1656, -0.0233 -0.1305 0.1699, -0.0246 -0.1378 0.1653, -0.0275 -0.1544 0.1614, -0.026 -0.1459 0.1624, -0.0222 -0.1245 0.176, -0.0081 -0.1259 0.1763, -0.0152 -0.1253 0.1762, 0.0059 -0.126 0.1763, -0.0011 -0.1261 0.1763, 0.0169 -0.1311 0.1701, 0.0161 -0.1252 0.1761, 0.0096 -0.1316 0.1703, 0.0092 -0.1258 0.1762, 0.0062 -0.1317 0.1704, -0.0012 -0.1318 0.1704, -0.0085 -0.1317 0.1704, -0.0159 -0.1312 0.1702, 0.02 -0.1544 0.1614, -0.0187 -0.1544 0.1614, -0.0177 -0.1461 0.1626, -0.01 -0.1544 0.1614, -0.0095 -0.1462 0.1628, -0.0014 -0.1544 0.1614, -0.0013 -0.1463 0.1628, 0.0073 -0.1544 0.1614, 0.0069 -0.1463 0.1628, 0.0113 -0.1544 0.1614, 0.0107 -0.1462 0.1628, 0.0189 -0.1461 0.1626, 0.0101 -0.1385 0.1658, 0.0066 -0.1386 0.1658, -0.0012 -0.1387 0.1659, -0.009 -0.1385 0.1658, -0.0168 -0.1383 0.1656
            ]
        }
        coordIndex [
            0,1,2,-1,2,1,3,-1,4,0,2,-1,5,6,7,-1,7,6,8,-1,5,9,6,-1,6,9,10,-1,6,10,2,-1,2,10,11,-1,2,11,12,-1,12,13,2,-1,2,13,14,-1,2,14,4,-1,15,8,16,-1,16,8,6,-1,17,18,1,-1,18,19,1,-1,1,19,20,-1,1,20,21,-1,21,22,1,-1,1,22,23,-1,1,23,24,-1,24,25,1,-1,1,25,26,-1,1,26,27,-1,27,28,1,-1,1,28,29,-1,1,29,30,-1,4,31,0,-1,0,31,32,-1,0,32,33,-1,33,34,0,-1,0,34,35,-1,0,35,36,-1,36,37,0,-1,0,37,38,-1,0,38,39,-1,39,40,0,-1,0,40,41,-1,0,41,42,-1,42,43,0,-1,0,43,44,-1,0,44,1,-1,1,44,45,-1,1,45,17,-1,16,6,3,-1,3,6,2,-1,46,47,48,-1,46,48,49,-1,50,49,48,-1,51,50,48,-1,52,51,48,-1,53,52,48,-1,54,53,48,-1,55,54,48,-1,56,55,48,-1,57,56,48,-1,58,57,48,-1,59,58,48,-1,60,59,48,-1,61,60,48,-1,62,61,48,-1,63,62,48,-1,64,63,48,-1,65,64,48,-1,66,65,48,-1,67,66,48,-1,68,67,48,-1,69,68,48,-1,70,69,48,-1,71,70,48,-1,72,71,48,-1,73,72,48,-1,74,73,48,-1,75,74,48,-1,76,75,48,-1,77,76,48,-1,78,77,48,-1,79,78,48,-1,80,79,48,-1,81,80,48,-1,82,81,48,-1,83,82,48,-1,84,83,48,-1,85,84,48,-1,86,85,48,-1,87,86,48,-1,88,87,48,-1,89,88,48,-1,90,89,48,-1,91,90,48,-1,92,91,48,-1,93,92,48,-1,94,93,48,-1,95,94,48,-1,96,95,48,-1,97,96,48,-1,98,97,48,-1,99,98,48,-1,100,99,48,-1,101,100,48,-1,102,101,48,-1,103,102,48,-1,104,103,48,-1,47,104,48,-1,105,106,107,-1,108,109,110,-1,110,109,111,-1,112,113,114,-1,114,113,115,-1,114,115,111,-1,111,115,116,-1,111,116,110,-1,117,118,114,-1,114,118,119,-1,114,119,112,-1,120,121,122,-1,122,121,123,-1,122,123,117,-1,117,123,124,-1,117,124,118,-1,125,126,127,-1,127,126,128,-1,127,128,122,-1,122,128,129,-1,122,129,120,-1,125,127,130,-1,130,127,131,-1,130,131,132,-1,132,131,133,-1,133,131,134,-1,133,134,135,-1,135,134,136,-1,136,134,137,-1,136,137,138,-1,138,137,139,-1,139,137,140,-1,139,140,141,-1,141,140,142,-1,142,140,143,-1,142,143,144,-1,144,143,145,-1,145,143,146,-1,145,146,147,-1,147,146,148,-1,148,146,149,-1,148,149,150,-1,150,149,151,-1,151,149,152,-1,151,152,153,-1,153,152,154,-1,154,152,155,-1,154,155,156,-1,157,158,155,-1,155,158,159,-1,155,159,156,-1,160,161,157,-1,157,161,162,-1,157,162,158,-1,163,164,160,-1,160,164,165,-1,160,165,161,-1,166,167,163,-1,163,167,168,-1,163,168,164,-1,169,170,166,-1,166,170,171,-1,166,171,167,-1,172,173,174,-1,174,173,175,-1,174,175,169,-1,169,175,176,-1,169,176,170,-1,172,174,177,-1,177,174,178,-1,177,178,179,-1,179,178,180,-1,180,178,181,-1,180,181,182,-1,182,181,183,-1,183,181,184,-1,183,184,185,-1,185,184,186,-1,186,184,187,-1,186,187,188,-1,188,187,189,-1,189,187,190,-1,189,190,191,-1,191,190,192,-1,192,190,193,-1,192,193,194,-1,194,193,195,-1,195,193,196,-1,195,196,197,-1,197,196,198,-1,198,196,199,-1,198,199,200,-1,200,199,201,-1,201,199,202,-1,201,202,203,-1,204,205,202,-1,202,205,206,-1,202,206,203,-1,207,208,209,-1,209,208,210,-1,209,210,204,-1,204,210,211,-1,204,211,205,-1,212,213,209,-1,209,213,214,-1,209,214,207,-1,106,215,107,-1,107,215,216,-1,107,216,212,-1,212,216,217,-1,212,217,213,-1,105,107,218,-1,218,107,219,-1,218,219,220,-1,221,222,219,-1,219,222,223,-1,219,223,220,-1,224,225,221,-1,221,225,226,-1,221,226,222,-1,227,228,224,-1,224,228,229,-1,224,229,225,-1,230,231,227,-1,227,231,232,-1,227,232,228,-1,233,234,230,-1,230,234,235,-1,230,235,231,-1,236,237,233,-1,233,237,238,-1,233,238,234,-1,239,240,236,-1,236,240,241,-1,236,241,237,-1,242,243,239,-1,239,243,244,-1,239,244,240,-1,245,246,247,-1,247,246,248,-1,247,248,242,-1,242,248,249,-1,242,249,243,-1,245,247,250,-1,250,247,251,-1,250,251,252,-1,252,251,253,-1,253,251,254,-1,253,254,255,-1,255,254,256,-1,256,254,257,-1,256,257,258,-1,258,257,259,-1,259,257,260,-1,259,260,261,-1,261,260,262,-1,262,260,263,-1,262,263,264,-1,264,263,265,-1,265,263,266,-1,265,266,267,-1,268,269,266,-1,266,269,270,-1,266,270,267,-1,271,272,268,-1,268,272,273,-1,268,273,269,-1,274,275,271,-1,271,275,276,-1,271,276,272,-1,277,278,274,-1,274,278,279,-1,274,279,275,-1,280,281,277,-1,277,281,282,-1,277,282,278,-1,283,284,280,-1,280,284,285,-1,280,285,281,-1,286,287,283,-1,283,287,288,-1,283,288,284,-1,289,290,286,-1,286,290,291,-1,286,291,287,-1,108,292,109,-1,109,292,293,-1,109,293,289,-1,289,293,294,-1,289,294,290,-1,257,295,260,-1,260,295,296,-1,260,296,263,-1,263,296,297,-1,263,297,266,-1,266,297,298,-1,266,298,268,-1,268,298,299,-1,268,299,271,-1,271,299,300,-1,271,300,274,-1,274,300,301,-1,274,301,277,-1,277,301,302,-1,277,302,280,-1,280,302,303,-1,280,303,283,-1,283,303,304,-1,283,304,286,-1,286,304,305,-1,286,305,289,-1,289,305,306,-1,289,306,109,-1,109,306,307,-1,109,307,111,-1,111,307,308,-1,111,308,114,-1,114,308,309,-1,114,309,117,-1,117,309,310,-1,117,310,122,-1,122,310,311,-1,122,311,127,-1,127,311,312,-1,127,312,131,-1,131,312,313,-1,131,313,134,-1,134,313,314,-1,134,314,137,-1,137,314,315,-1,137,315,140,-1,140,315,316,-1,140,316,143,-1,143,316,317,-1,143,317,146,-1,146,317,318,-1,146,318,149,-1,149,318,319,-1,149,319,152,-1,152,319,320,-1,152,320,155,-1,155,320,321,-1,155,321,157,-1,157,321,322,-1,157,322,160,-1,160,322,323,-1,160,323,163,-1,163,323,324,-1,163,324,166,-1,166,324,325,-1,166,325,169,-1,169,325,326,-1,169,326,174,-1,174,326,327,-1,174,327,178,-1,178,327,328,-1,178,328,181,-1,181,328,329,-1,181,329,184,-1,184,329,330,-1,184,330,187,-1,187,330,331,-1,187,331,190,-1,190,331,332,-1,190,332,193,-1,193,332,333,-1,193,333,196,-1,196,333,334,-1,196,334,199,-1,199,334,335,-1,199,335,202,-1,202,335,336,-1,202,336,204,-1,204,336,337,-1,204,337,209,-1,209,337,338,-1,209,338,212,-1,212,338,339,-1,212,339,107,-1,107,339,340,-1,107,340,219,-1,219,340,341,-1,219,341,221,-1,221,341,342,-1,221,342,224,-1,224,342,343,-1,224,343,227,-1,227,343,344,-1,227,344,230,-1,230,344,345,-1,230,345,233,-1,233,345,346,-1,233,346,236,-1,236,346,347,-1,236,347,239,-1,239,347,348,-1,239,348,242,-1,242,348,349,-1,242,349,247,-1,247,349,350,-1,247,350,251,-1,251,350,351,-1,251,351,254,-1,254,351,352,-1,254,352,257,-1,257,352,295,-1,352,353,295,-1,295,353,354,-1,295,354,296,-1,296,354,355,-1,296,355,297,-1,297,355,356,-1,297,356,298,-1,298,356,357,-1,298,357,299,-1,299,357,358,-1,299,358,300,-1,300,358,359,-1,300,359,301,-1,301,359,360,-1,301,360,302,-1,302,360,361,-1,302,361,303,-1,303,361,362,-1,303,362,304,-1,304,362,363,-1,304,363,305,-1,305,363,364,-1,305,364,306,-1,306,364,365,-1,306,365,307,-1,307,365,366,-1,307,366,308,-1,308,366,367,-1,308,367,309,-1,309,367,368,-1,309,368,310,-1,310,368,369,-1,310,369,311,-1,311,369,370,-1,311,370,312,-1,312,370,371,-1,312,371,313,-1,313,371,372,-1,313,372,314,-1,314,372,373,-1,314,373,315,-1,315,373,374,-1,315,374,316,-1,316,374,375,-1,316,375,317,-1,317,375,376,-1,317,376,318,-1,318,376,377,-1,318,377,319,-1,319,377,378,-1,319,378,320,-1,320,378,379,-1,320,379,321,-1,321,379,380,-1,321,380,322,-1,322,380,381,-1,322,381,323,-1,323,381,382,-1,323,382,324,-1,324,382,383,-1,324,383,325,-1,325,383,384,-1,325,384,326,-1,326,384,385,-1,326,385,327,-1,327,385,386,-1,327,386,328,-1,328,386,387,-1,328,387,329,-1,329,387,388,-1,329,388,330,-1,330,388,389,-1,330,389,331,-1,331,389,390,-1,331,390,332,-1,332,390,391,-1,332,391,333,-1,333,391,392,-1,333,392,334,-1,334,392,393,-1,334,393,335,-1,335,393,394,-1,335,394,336,-1,336,394,395,-1,336,395,337,-1,337,395,396,-1,337,396,338,-1,338,396,397,-1,338,397,339,-1,339,397,398,-1,339,398,340,-1,340,398,399,-1,340,399,341,-1,341,399,400,-1,341,400,342,-1,342,400,401,-1,342,401,343,-1,343,401,402,-1,343,402,344,-1,344,402,403,-1,344,403,345,-1,345,403,404,-1,345,404,346,-1,346,404,405,-1,346,405,347,-1,347,405,406,-1,347,406,348,-1,348,406,407,-1,348,407,349,-1,349,407,408,-1,349,408,350,-1,350,408,409,-1,350,409,351,-1,351,409,410,-1,351,410,352,-1,352,410,353,-1,410,411,353,-1,353,411,412,-1,353,412,354,-1,354,412,413,-1,354,413,355,-1,355,413,414,-1,355,414,356,-1,356,414,415,-1,356,415,357,-1,357,415,416,-1,357,416,358,-1,358,416,417,-1,358,417,359,-1,359,417,418,-1,359,418,360,-1,360,418,419,-1,360,419,361,-1,361,419,420,-1,361,420,362,-1,362,420,421,-1,362,421,363,-1,363,421,422,-1,363,422,364,-1,364,422,423,-1,364,423,365,-1,365,423,424,-1,365,424,366,-1,366,424,425,-1,366,425,367,-1,367,425,426,-1,367,426,368,-1,368,426,427,-1,368,427,369,-1,369,427,428,-1,369,428,370,-1,370,428,429,-1,370,429,371,-1,371,429,430,-1,371,430,372,-1,372,430,431,-1,372,431,373,-1,373,431,432,-1,373,432,374,-1,374,432,433,-1,374,433,375,-1,375,433,434,-1,375,434,376,-1,376,434,435,-1,376,435,377,-1,377,435,436,-1,377,436,378,-1,378,436,437,-1,378,437,379,-1,379,437,438,-1,379,438,380,-1,380,438,439,-1,380,439,381,-1,381,439,440,-1,381,440,382,-1,382,440,441,-1,382,441,383,-1,383,441,442,-1,383,442,384,-1,384,442,443,-1,384,443,385,-1,385,443,444,-1,385,444,386,-1,386,444,445,-1,386,445,387,-1,387,445,446,-1,387,446,388,-1,388,446,447,-1,388,447,389,-1,389,447,448,-1,389,448,390,-1,390,448,449,-1,390,449,391,-1,391,449,450,-1,391,450,392,-1,392,450,451,-1,392,451,393,-1,393,451,452,-1,393,452,394,-1,394,452,453,-1,394,453,395,-1,395,453,454,-1,395,454,396,-1,396,454,455,-1,396,455,397,-1,397,455,456,-1,397,456,398,-1,398,456,457,-1,398,457,399,-1,399,457,458,-1,399,458,400,-1,400,458,459,-1,400,459,401,-1,401,459,460,-1,401,460,402,-1,402,460,461,-1,402,461,403,-1,403,461,462,-1,403,462,404,-1,404,462,463,-1,404,463,405,-1,405,463,464,-1,405,464,406,-1,406,464,465,-1,406,465,407,-1,407,465,466,-1,407,466,408,-1,408,466,467,-1,408,467,409,-1,409,467,468,-1,409,468,410,-1,410,468,411,-1,468,469,411,-1,411,469,470,-1,411,470,412,-1,412,470,471,-1,412,471,413,-1,413,471,472,-1,413,472,414,-1,414,472,473,-1,414,473,415,-1,415,473,474,-1,415,474,416,-1,416,474,475,-1,416,475,417,-1,417,475,476,-1,417,476,418,-1,418,476,477,-1,418,477,419,-1,419,477,478,-1,419,478,420,-1,420,478,479,-1,420,479,421,-1,421,479,480,-1,421,480,422,-1,422,480,481,-1,422,481,423,-1,423,481,482,-1,423,482,424,-1,424,482,483,-1,424,483,425,-1,425,483,484,-1,425,484,426,-1,426,484,485,-1,426,485,427,-1,427,485,486,-1,427,486,428,-1,428,486,487,-1,428,487,429,-1,429,487,488,-1,429,488,430,-1,430,488,489,-1,430,489,431,-1,431,489,490,-1,431,490,432,-1,432,490,491,-1,432,491,433,-1,433,491,492,-1,433,492,434,-1,434,492,493,-1,434,493,435,-1,435,493,494,-1,435,494,436,-1,436,494,495,-1,436,495,437,-1,437,495,496,-1,437,496,438,-1,438,496,497,-1,438,497,439,-1,439,497,498,-1,439,498,440,-1,440,498,499,-1,440,499,441,-1,441,499,500,-1,441,500,442,-1,442,500,501,-1,442,501,443,-1,443,501,502,-1,443,502,444,-1,444,502,503,-1,444,503,445,-1,445,503,504,-1,445,504,446,-1,446,504,505,-1,446,505,447,-1,447,505,506,-1,447,506,448,-1,448,506,507,-1,448,507,449,-1,449,507,508,-1,449,508,450,-1,450,508,509,-1,450,509,451,-1,451,509,510,-1,451,510,452,-1,452,510,511,-1,452,511,453,-1,453,511,512,-1,453,512,454,-1,454,512,513,-1,454,513,455,-1,455,513,514,-1,455,514,456,-1,456,514,515,-1,456,515,457,-1,457,515,516,-1,457,516,458,-1,458,516,517,-1,458,517,459,-1,459,517,518,-1,459,518,460,-1,460,518,519,-1,460,519,461,-1,461,519,520,-1,461,520,462,-1,462,520,521,-1,462,521,463,-1,463,521,522,-1,463,522,464,-1,464,522,523,-1,464,523,465,-1,465,523,524,-1,465,524,466,-1,466,524,525,-1,466,525,467,-1,467,525,526,-1,467,526,468,-1,468,526,469,-1,526,527,469,-1,469,527,528,-1,469,528,470,-1,470,528,529,-1,470,529,471,-1,471,529,530,-1,471,530,472,-1,472,530,531,-1,472,531,473,-1,473,531,532,-1,473,532,474,-1,474,532,533,-1,474,533,475,-1,475,533,534,-1,475,534,476,-1,476,534,535,-1,476,535,477,-1,477,535,536,-1,477,536,478,-1,478,536,537,-1,478,537,479,-1,479,537,538,-1,479,538,480,-1,480,538,539,-1,480,539,481,-1,481,539,540,-1,481,540,482,-1,482,540,541,-1,482,541,483,-1,483,541,542,-1,483,542,484,-1,484,542,543,-1,484,543,485,-1,485,543,544,-1,485,544,486,-1,486,544,545,-1,486,545,487,-1,487,545,546,-1,487,546,488,-1,488,546,547,-1,488,547,489,-1,489,547,548,-1,489,548,490,-1,490,548,549,-1,490,549,491,-1,491,549,550,-1,491,550,492,-1,492,550,551,-1,492,551,493,-1,493,551,552,-1,493,552,494,-1,494,552,553,-1,494,553,495,-1,495,553,554,-1,495,554,496,-1,496,554,555,-1,496,555,497,-1,497,555,556,-1,497,556,498,-1,498,556,557,-1,498,557,499,-1,499,557,558,-1,499,558,500,-1,500,558,559,-1,500,559,501,-1,501,559,560,-1,501,560,502,-1,502,560,561,-1,502,561,503,-1,503,561,562,-1,503,562,504,-1,504,562,563,-1,504,563,505,-1,505,563,564,-1,505,564,506,-1,506,564,565,-1,506,565,507,-1,507,565,566,-1,507,566,508,-1,508,566,567,-1,508,567,509,-1,509,567,568,-1,509,568,510,-1,510,568,569,-1,510,569,511,-1,511,569,570,-1,511,570,512,-1,512,570,571,-1,512,571,513,-1,513,571,572,-1,513,572,514,-1,514,572,573,-1,514,573,515,-1,515,573,574,-1,515,574,516,-1,516,574,575,-1,516,575,517,-1,517,575,576,-1,517,576,518,-1,518,576,577,-1,518,577,519,-1,519,577,578,-1,519,578,520,-1,520,578,579,-1,520,579,521,-1,521,579,580,-1,521,580,522,-1,522,580,581,-1,522,581,523,-1,523,581,582,-1,523,582,524,-1,524,582,583,-1,524,583,525,-1,525,583,584,-1,525,584,526,-1,526,584,527,-1,584,585,527,-1,527,585,586,-1,527,586,528,-1,528,586,587,-1,528,587,529,-1,529,587,588,-1,529,588,530,-1,530,588,589,-1,530,589,531,-1,531,589,590,-1,531,590,532,-1,532,590,591,-1,532,591,533,-1,533,591,592,-1,533,592,534,-1,534,592,593,-1,534,593,535,-1,535,593,594,-1,535,594,536,-1,536,594,595,-1,536,595,537,-1,537,595,596,-1,537,596,538,-1,538,596,597,-1,538,597,539,-1,539,597,598,-1,539,598,540,-1,540,598,599,-1,540,599,541,-1,541,599,600,-1,541,600,542,-1,542,600,601,-1,542,601,543,-1,543,601,602,-1,543,602,544,-1,544,602,603,-1,544,603,545,-1,545,603,604,-1,545,604,546,-1,546,604,605,-1,546,605,547,-1,547,605,606,-1,547,606,548,-1,548,606,607,-1,548,607,549,-1,549,607,608,-1,549,608,550,-1,550,608,609,-1,550,609,551,-1,551,609,610,-1,551,610,552,-1,552,610,611,-1,552,611,553,-1,553,611,612,-1,553,612,554,-1,554,612,613,-1,554,613,555,-1,555,613,614,-1,555,614,556,-1,556,614,615,-1,556,615,557,-1,557,615,616,-1,557,616,558,-1,558,616,617,-1,558,617,559,-1,559,617,618,-1,559,618,560,-1,560,618,619,-1,560,619,561,-1,561,619,620,-1,561,620,562,-1,562,620,621,-1,562,621,563,-1,563,621,622,-1,563,622,564,-1,564,622,623,-1,564,623,565,-1,565,623,624,-1,565,624,566,-1,566,624,625,-1,566,625,567,-1,567,625,626,-1,567,626,568,-1,568,626,627,-1,568,627,569,-1,569,627,628,-1,569,628,570,-1,570,628,629,-1,570,629,571,-1,571,629,630,-1,571,630,572,-1,572,630,631,-1,572,631,573,-1,573,631,632,-1,573,632,574,-1,574,632,633,-1,574,633,575,-1,575,633,634,-1,575,634,576,-1,576,634,635,-1,576,635,577,-1,577,635,636,-1,577,636,578,-1,578,636,637,-1,578,637,579,-1,579,637,638,-1,579,638,580,-1,580,638,639,-1,580,639,581,-1,581,639,640,-1,581,640,582,-1,582,640,641,-1,582,641,583,-1,583,641,642,-1,583,642,584,-1,584,642,585,-1,642,643,585,-1,585,643,644,-1,585,644,586,-1,586,644,645,-1,586,645,587,-1,587,645,646,-1,587,646,588,-1,588,646,647,-1,588,647,589,-1,589,647,648,-1,589,648,590,-1,590,648,649,-1,590,649,591,-1,591,649,650,-1,591,650,592,-1,592,650,651,-1,592,651,593,-1,593,651,652,-1,593,652,594,-1,594,652,653,-1,594,653,595,-1,595,653,654,-1,595,654,596,-1,596,654,655,-1,596,655,597,-1,597,655,656,-1,597,656,598,-1,598,656,657,-1,598,657,599,-1,599,657,658,-1,599,658,600,-1,600,658,659,-1,600,659,601,-1,601,659,660,-1,601,660,602,-1,602,660,661,-1,602,661,603,-1,603,661,662,-1,603,662,604,-1,604,662,663,-1,604,663,605,-1,605,663,664,-1,605,664,606,-1,606,664,665,-1,606,665,607,-1,607,665,666,-1,607,666,608,-1,608,666,667,-1,608,667,609,-1,609,667,668,-1,609,668,610,-1,610,668,669,-1,610,669,611,-1,611,669,670,-1,611,670,612,-1,612,670,671,-1,612,671,613,-1,613,671,672,-1,613,672,614,-1,614,672,673,-1,614,673,615,-1,615,673,674,-1,615,674,616,-1,616,674,675,-1,616,675,617,-1,617,675,676,-1,617,676,618,-1,618,676,677,-1,618,677,619,-1,619,677,678,-1,619,678,620,-1,620,678,679,-1,620,679,621,-1,621,679,680,-1,621,680,622,-1,622,680,681,-1,622,681,623,-1,623,681,682,-1,623,682,624,-1,624,682,683,-1,624,683,625,-1,625,683,684,-1,625,684,626,-1,626,684,685,-1,626,685,627,-1,627,685,686,-1,627,686,628,-1,628,686,687,-1,628,687,629,-1,629,687,688,-1,629,688,630,-1,630,688,689,-1,630,689,631,-1,631,689,690,-1,631,690,632,-1,632,690,691,-1,632,691,633,-1,633,691,692,-1,633,692,634,-1,634,692,693,-1,634,693,635,-1,635,693,694,-1,635,694,636,-1,636,694,695,-1,636,695,637,-1,637,695,696,-1,637,696,638,-1,638,696,697,-1,638,697,639,-1,639,697,698,-1,639,698,640,-1,640,698,699,-1,640,699,641,-1,641,699,700,-1,641,700,642,-1,642,700,643,-1,700,701,643,-1,643,701,702,-1,643,702,644,-1,644,702,703,-1,644,703,645,-1,645,703,704,-1,645,704,646,-1,646,704,705,-1,646,705,647,-1,647,705,706,-1,647,706,648,-1,648,706,707,-1,648,707,649,-1,649,707,708,-1,649,708,650,-1,650,708,709,-1,650,709,651,-1,651,709,710,-1,651,710,652,-1,652,710,711,-1,652,711,653,-1,653,711,712,-1,653,712,654,-1,654,712,713,-1,654,713,655,-1,655,713,714,-1,655,714,656,-1,656,714,715,-1,656,715,657,-1,657,715,716,-1,657,716,658,-1,658,716,717,-1,658,717,659,-1,659,717,718,-1,659,718,660,-1,660,718,719,-1,660,719,661,-1,661,719,720,-1,661,720,662,-1,662,720,721,-1,662,721,663,-1,663,721,722,-1,663,722,664,-1,664,722,723,-1,664,723,665,-1,665,723,724,-1,665,724,666,-1,666,724,725,-1,666,725,667,-1,667,725,726,-1,667,726,668,-1,668,726,727,-1,668,727,669,-1,669,727,728,-1,669,728,670,-1,670,728,729,-1,670,729,671,-1,671,729,730,-1,671,730,672,-1,672,730,731,-1,672,731,673,-1,673,731,732,-1,673,732,674,-1,674,732,733,-1,674,733,675,-1,675,733,734,-1,675,734,676,-1,676,734,735,-1,676,735,677,-1,677,735,736,-1,677,736,678,-1,678,736,737,-1,678,737,679,-1,679,737,738,-1,679,738,680,-1,680,738,739,-1,680,739,681,-1,681,739,740,-1,681,740,682,-1,682,740,741,-1,682,741,683,-1,683,741,742,-1,683,742,684,-1,684,742,743,-1,684,743,685,-1,685,743,744,-1,685,744,686,-1,686,744,745,-1,686,745,687,-1,687,745,746,-1,687,746,688,-1,688,746,747,-1,688,747,689,-1,689,747,748,-1,689,748,690,-1,690,748,749,-1,690,749,691,-1,691,749,750,-1,691,750,692,-1,692,750,751,-1,692,751,693,-1,693,751,752,-1,693,752,694,-1,694,752,753,-1,694,753,695,-1,695,753,754,-1,695,754,696,-1,696,754,755,-1,696,755,697,-1,697,755,756,-1,697,756,698,-1,698,756,757,-1,698,757,699,-1,699,757,758,-1,699,758,700,-1,700,758,701,-1,758,47,701,-1,701,47,46,-1,701,46,702,-1,702,46,49,-1,702,49,703,-1,703,49,50,-1,703,50,704,-1,704,50,51,-1,704,51,705,-1,705,51,52,-1,705,52,706,-1,706,52,53,-1,706,53,707,-1,707,53,54,-1,707,54,708,-1,708,54,55,-1,708,55,709,-1,709,55,56,-1,709,56,710,-1,710,56,57,-1,710,57,711,-1,711,57,58,-1,711,58,712,-1,712,58,59,-1,712,59,713,-1,713,59,60,-1,713,60,714,-1,714,60,61,-1,714,61,715,-1,715,61,62,-1,715,62,716,-1,716,62,63,-1,716,63,717,-1,717,63,64,-1,717,64,718,-1,718,64,65,-1,718,65,719,-1,719,65,66,-1,719,66,720,-1,720,66,67,-1,720,67,721,-1,721,67,68,-1,721,68,722,-1,722,68,69,-1,722,69,723,-1,723,69,70,-1,723,70,724,-1,724,70,71,-1,724,71,725,-1,725,71,72,-1,725,72,726,-1,726,72,73,-1,726,73,727,-1,727,73,74,-1,727,74,728,-1,728,74,75,-1,728,75,729,-1,729,75,76,-1,729,76,730,-1,730,76,77,-1,730,77,731,-1,731,77,78,-1,731,78,732,-1,732,78,79,-1,732,79,733,-1,733,79,80,-1,733,80,734,-1,734,80,81,-1,734,81,735,-1,735,81,82,-1,735,82,736,-1,736,82,83,-1,736,83,737,-1,737,83,84,-1,737,84,738,-1,738,84,85,-1,738,85,739,-1,739,85,86,-1,739,86,740,-1,740,86,87,-1,740,87,741,-1,741,87,88,-1,741,88,742,-1,742,88,89,-1,742,89,743,-1,743,89,90,-1,743,90,744,-1,744,90,91,-1,744,91,745,-1,745,91,92,-1,745,92,746,-1,746,92,93,-1,746,93,747,-1,747,93,94,-1,747,94,748,-1,748,94,95,-1,748,95,749,-1,749,95,96,-1,749,96,750,-1,750,96,97,-1,750,97,751,-1,751,97,98,-1,751,98,752,-1,752,98,99,-1,752,99,753,-1,753,99,100,-1,753,100,754,-1,754,100,101,-1,754,101,755,-1,755,101,102,-1,755,102,756,-1,756,102,103,-1,756,103,757,-1,757,103,104,-1,757,104,758,-1,758,104,47,-1,759,760,761,-1,762,763,764,-1,765,766,767,-1,768,769,770,-1,771,4,14,-1,772,773,774,-1,774,773,771,-1,765,767,775,-1,129,128,776,-1,776,128,777,-1,129,776,120,-1,120,776,778,-1,120,778,121,-1,121,778,779,-1,121,779,123,-1,123,779,124,-1,124,779,780,-1,124,780,118,-1,118,780,781,-1,118,781,119,-1,782,783,784,-1,784,783,785,-1,784,785,786,-1,786,785,781,-1,786,781,787,-1,787,781,780,-1,787,780,788,-1,788,780,779,-1,788,779,789,-1,789,779,778,-1,789,778,767,-1,767,778,776,-1,767,776,775,-1,775,776,777,-1,119,781,112,-1,112,781,785,-1,112,785,113,-1,113,785,783,-1,113,783,115,-1,771,14,774,-1,774,14,13,-1,774,13,790,-1,790,13,12,-1,790,12,791,-1,791,12,11,-1,791,11,792,-1,792,11,10,-1,792,10,793,-1,793,10,9,-1,793,9,794,-1,794,9,5,-1,794,5,764,-1,764,5,7,-1,764,7,762,-1,763,759,764,-1,764,759,761,-1,764,761,794,-1,794,761,795,-1,794,795,793,-1,793,795,796,-1,793,796,792,-1,792,796,797,-1,792,797,791,-1,791,797,798,-1,791,798,790,-1,790,798,799,-1,790,799,774,-1,774,799,770,-1,774,770,772,-1,772,770,769,-1,760,800,761,-1,761,800,782,-1,761,782,795,-1,795,782,784,-1,795,784,796,-1,796,784,786,-1,796,786,797,-1,797,786,787,-1,797,787,798,-1,798,787,788,-1,798,788,799,-1,799,788,789,-1,799,789,770,-1,770,789,767,-1,770,767,768,-1,768,767,766,-1,800,801,782,-1,782,801,802,-1,782,802,783,-1,783,802,803,-1,783,803,804,-1,115,783,116,-1,116,783,804,-1,116,804,110,-1,763,762,805,-1,806,807,808,-1,760,759,809,-1,810,811,812,-1,108,110,804,-1,294,293,810,-1,291,290,813,-1,288,287,814,-1,815,218,220,-1,815,220,816,-1,816,220,223,-1,816,223,817,-1,223,222,817,-1,817,222,226,-1,817,226,818,-1,226,225,818,-1,818,225,229,-1,818,229,819,-1,229,228,819,-1,819,228,232,-1,819,232,820,-1,232,231,820,-1,820,231,235,-1,820,235,821,-1,821,235,234,-1,821,234,822,-1,822,234,238,-1,238,237,822,-1,822,237,241,-1,822,241,823,-1,241,240,823,-1,823,240,244,-1,823,244,824,-1,244,243,824,-1,824,243,249,-1,824,249,825,-1,825,249,248,-1,825,248,826,-1,248,246,826,-1,826,246,245,-1,826,245,827,-1,245,250,827,-1,827,250,252,-1,827,252,828,-1,252,253,828,-1,828,253,255,-1,828,255,829,-1,829,255,256,-1,829,256,830,-1,256,258,830,-1,830,258,259,-1,830,259,831,-1,831,259,261,-1,261,262,831,-1,831,262,264,-1,831,264,832,-1,264,265,832,-1,832,265,267,-1,832,267,833,-1,833,267,270,-1,833,270,834,-1,270,269,834,-1,834,269,273,-1,834,273,835,-1,273,272,835,-1,835,272,276,-1,835,276,836,-1,276,275,836,-1,836,275,279,-1,836,279,837,-1,279,278,837,-1,837,278,282,-1,837,282,838,-1,838,282,281,-1,838,281,839,-1,839,281,285,-1,839,285,284,-1,810,293,811,-1,811,293,292,-1,811,292,108,-1,840,816,841,-1,841,816,817,-1,841,817,842,-1,842,817,818,-1,842,818,843,-1,843,818,819,-1,843,819,844,-1,844,819,820,-1,844,820,845,-1,845,820,821,-1,845,821,846,-1,846,821,822,-1,846,822,847,-1,847,822,823,-1,847,823,848,-1,848,823,824,-1,848,824,849,-1,849,824,825,-1,849,825,850,-1,850,825,826,-1,850,826,851,-1,851,826,827,-1,851,827,852,-1,852,827,828,-1,852,828,853,-1,853,828,829,-1,853,829,854,-1,854,829,830,-1,854,830,855,-1,855,830,831,-1,855,831,856,-1,856,831,832,-1,856,832,857,-1,857,832,833,-1,857,833,858,-1,858,833,834,-1,858,834,859,-1,859,834,835,-1,859,835,860,-1,860,835,836,-1,860,836,861,-1,861,836,837,-1,861,837,862,-1,862,837,838,-1,862,838,863,-1,863,838,839,-1,863,839,864,-1,865,866,840,-1,840,866,867,-1,840,867,816,-1,816,867,868,-1,816,868,815,-1,869,865,870,-1,870,865,840,-1,870,840,871,-1,871,840,841,-1,871,841,872,-1,872,841,842,-1,872,842,873,-1,873,842,843,-1,873,843,874,-1,874,843,844,-1,874,844,875,-1,875,844,845,-1,875,845,876,-1,876,845,846,-1,876,846,877,-1,877,846,847,-1,877,847,878,-1,878,847,848,-1,878,848,879,-1,879,848,849,-1,879,849,880,-1,880,849,850,-1,880,850,881,-1,881,850,851,-1,881,851,882,-1,882,851,852,-1,882,852,883,-1,883,852,853,-1,883,853,884,-1,884,853,854,-1,884,854,885,-1,885,854,855,-1,885,855,886,-1,886,855,856,-1,886,856,887,-1,887,856,857,-1,887,857,888,-1,888,857,858,-1,888,858,889,-1,889,858,859,-1,889,859,890,-1,890,859,860,-1,890,860,891,-1,891,860,861,-1,891,861,892,-1,892,861,862,-1,892,862,893,-1,893,862,863,-1,893,863,894,-1,894,863,864,-1,894,864,895,-1,108,804,811,-1,811,804,803,-1,811,803,812,-1,812,803,802,-1,812,802,801,-1,290,294,813,-1,813,294,810,-1,813,810,896,-1,896,810,812,-1,896,812,897,-1,897,812,801,-1,897,801,800,-1,807,869,808,-1,808,869,870,-1,808,870,898,-1,898,870,871,-1,898,871,899,-1,899,871,872,-1,899,872,900,-1,900,872,873,-1,900,873,901,-1,901,873,874,-1,901,874,902,-1,902,874,875,-1,902,875,903,-1,903,875,876,-1,903,876,904,-1,904,876,877,-1,904,877,905,-1,905,877,878,-1,905,878,906,-1,906,878,879,-1,906,879,907,-1,907,879,880,-1,907,880,908,-1,908,880,881,-1,908,881,909,-1,909,881,882,-1,909,882,910,-1,910,882,883,-1,910,883,911,-1,911,883,884,-1,911,884,912,-1,912,884,885,-1,912,885,913,-1,913,885,886,-1,913,886,914,-1,914,886,887,-1,914,887,915,-1,915,887,888,-1,915,888,916,-1,916,888,889,-1,916,889,917,-1,917,889,890,-1,917,890,918,-1,918,890,891,-1,918,891,919,-1,919,891,892,-1,919,892,920,-1,920,892,893,-1,920,893,921,-1,921,893,894,-1,921,894,922,-1,922,894,895,-1,922,895,923,-1,287,291,814,-1,814,291,813,-1,814,813,924,-1,924,813,896,-1,924,896,925,-1,925,896,897,-1,925,897,809,-1,809,897,800,-1,809,800,760,-1,926,806,927,-1,927,806,808,-1,927,808,928,-1,928,808,898,-1,928,898,929,-1,929,898,899,-1,929,899,930,-1,930,899,900,-1,930,900,931,-1,931,900,901,-1,931,901,932,-1,932,901,902,-1,932,902,933,-1,933,902,903,-1,933,903,934,-1,934,903,904,-1,934,904,935,-1,935,904,905,-1,935,905,936,-1,936,905,906,-1,936,906,937,-1,937,906,907,-1,937,907,938,-1,938,907,908,-1,938,908,939,-1,939,908,909,-1,939,909,940,-1,940,909,910,-1,940,910,941,-1,941,910,911,-1,941,911,942,-1,942,911,912,-1,942,912,943,-1,943,912,913,-1,943,913,944,-1,944,913,914,-1,944,914,945,-1,945,914,915,-1,945,915,946,-1,946,915,916,-1,946,916,947,-1,947,916,917,-1,947,917,948,-1,948,917,918,-1,948,918,949,-1,949,918,919,-1,949,919,950,-1,950,919,920,-1,950,920,951,-1,951,920,921,-1,951,921,952,-1,952,921,922,-1,952,922,953,-1,953,922,923,-1,953,923,805,-1,284,288,839,-1,839,288,814,-1,839,814,864,-1,864,814,924,-1,864,924,895,-1,895,924,925,-1,895,925,923,-1,923,925,809,-1,923,809,805,-1,805,809,759,-1,805,759,763,-1,762,7,805,-1,805,7,954,-1,805,954,953,-1,953,954,955,-1,953,955,952,-1,952,955,956,-1,952,956,951,-1,951,956,957,-1,951,957,950,-1,950,957,958,-1,950,958,949,-1,949,958,959,-1,949,959,948,-1,948,959,960,-1,948,960,947,-1,947,960,961,-1,947,961,946,-1,946,961,962,-1,946,962,945,-1,945,962,963,-1,945,963,944,-1,944,963,964,-1,944,964,943,-1,943,964,965,-1,943,965,942,-1,942,965,966,-1,942,966,941,-1,941,966,967,-1,941,967,940,-1,940,967,968,-1,940,968,939,-1,939,968,969,-1,939,969,938,-1,938,969,970,-1,938,970,937,-1,937,970,971,-1,937,971,936,-1,936,971,972,-1,936,972,935,-1,935,972,973,-1,935,973,934,-1,934,973,974,-1,934,974,933,-1,933,974,975,-1,933,975,932,-1,932,975,976,-1,932,976,931,-1,931,976,977,-1,931,977,930,-1,930,977,978,-1,930,978,929,-1,929,978,979,-1,929,979,928,-1,928,979,980,-1,928,980,927,-1,927,980,981,-1,927,981,926,-1,926,981,982,-1,983,984,985,-1,773,772,986,-1,987,988,989,-1,990,991,992,-1,206,205,993,-1,200,201,990,-1,197,198,994,-1,194,195,995,-1,777,128,126,-1,777,126,996,-1,996,126,125,-1,996,125,997,-1,125,130,997,-1,997,130,132,-1,997,132,998,-1,132,133,998,-1,998,133,135,-1,998,135,999,-1,135,136,999,-1,999,136,138,-1,999,138,1000,-1,138,139,1000,-1,1000,139,141,-1,1000,141,1001,-1,1001,141,142,-1,1001,142,1002,-1,1002,142,144,-1,144,145,1002,-1,1002,145,147,-1,1002,147,1003,-1,147,148,1003,-1,1003,148,150,-1,1003,150,1004,-1,150,151,1004,-1,1004,151,153,-1,1004,153,1005,-1,1005,153,154,-1,1005,154,1006,-1,154,156,1006,-1,1006,156,159,-1,1006,159,1007,-1,159,158,1007,-1,1007,158,162,-1,1007,162,1008,-1,162,161,1008,-1,1008,161,165,-1,1008,165,1009,-1,1009,165,164,-1,1009,164,1010,-1,164,168,1010,-1,1010,168,167,-1,1010,167,1011,-1,1011,167,171,-1,171,170,1011,-1,1011,170,176,-1,1011,176,1012,-1,176,175,1012,-1,1012,175,173,-1,1012,173,1013,-1,1013,173,172,-1,1013,172,1014,-1,172,177,1014,-1,1014,177,179,-1,1014,179,1015,-1,179,180,1015,-1,1015,180,182,-1,1015,182,1016,-1,182,183,1016,-1,1016,183,185,-1,1016,185,1017,-1,185,186,1017,-1,1017,186,188,-1,1017,188,1018,-1,1018,188,189,-1,1018,189,1019,-1,1019,189,191,-1,1019,191,192,-1,990,201,991,-1,991,201,203,-1,991,203,206,-1,1020,996,1021,-1,1021,996,997,-1,1021,997,1022,-1,1022,997,998,-1,1022,998,1023,-1,1023,998,999,-1,1023,999,1024,-1,1024,999,1000,-1,1024,1000,1025,-1,1025,1000,1001,-1,1025,1001,1026,-1,1026,1001,1002,-1,1026,1002,1027,-1,1027,1002,1003,-1,1027,1003,1028,-1,1028,1003,1004,-1,1028,1004,1029,-1,1029,1004,1005,-1,1029,1005,1030,-1,1030,1005,1006,-1,1030,1006,1031,-1,1031,1006,1007,-1,1031,1007,1032,-1,1032,1007,1008,-1,1032,1008,1033,-1,1033,1008,1009,-1,1033,1009,1034,-1,1034,1009,1010,-1,1034,1010,1035,-1,1035,1010,1011,-1,1035,1011,1036,-1,1036,1011,1012,-1,1036,1012,1037,-1,1037,1012,1013,-1,1037,1013,1038,-1,1038,1013,1014,-1,1038,1014,1039,-1,1039,1014,1015,-1,1039,1015,1040,-1,1040,1015,1016,-1,1040,1016,1041,-1,1041,1016,1017,-1,1041,1017,1042,-1,1042,1017,1018,-1,1042,1018,1043,-1,1043,1018,1019,-1,1043,1019,1044,-1,768,766,1020,-1,1020,766,765,-1,1020,765,996,-1,996,765,775,-1,996,775,777,-1,769,768,1045,-1,1045,768,1020,-1,1045,1020,1046,-1,1046,1020,1021,-1,1046,1021,1047,-1,1047,1021,1022,-1,1047,1022,1048,-1,1048,1022,1023,-1,1048,1023,1049,-1,1049,1023,1024,-1,1049,1024,1050,-1,1050,1024,1025,-1,1050,1025,1051,-1,1051,1025,1026,-1,1051,1026,1052,-1,1052,1026,1027,-1,1052,1027,1053,-1,1053,1027,1028,-1,1053,1028,1054,-1,1054,1028,1029,-1,1054,1029,1055,-1,1055,1029,1030,-1,1055,1030,1056,-1,1056,1030,1031,-1,1056,1031,1057,-1,1057,1031,1032,-1,1057,1032,1058,-1,1058,1032,1033,-1,1058,1033,1059,-1,1059,1033,1034,-1,1059,1034,1060,-1,1060,1034,1035,-1,1060,1035,1061,-1,1061,1035,1036,-1,1061,1036,1062,-1,1062,1036,1037,-1,1062,1037,1063,-1,1063,1037,1038,-1,1063,1038,1064,-1,1064,1038,1039,-1,1064,1039,1065,-1,1065,1039,1040,-1,1065,1040,1066,-1,1066,1040,1041,-1,1066,1041,1067,-1,1067,1041,1042,-1,1067,1042,1068,-1,1068,1042,1043,-1,1068,1043,1069,-1,1069,1043,1044,-1,1069,1044,1070,-1,206,993,991,-1,991,993,1071,-1,991,1071,992,-1,992,1071,1072,-1,992,1072,1073,-1,198,200,994,-1,994,200,990,-1,994,990,1074,-1,1074,990,992,-1,1074,992,1075,-1,1075,992,1073,-1,1075,1073,1076,-1,772,769,986,-1,986,769,1045,-1,986,1045,1077,-1,1077,1045,1046,-1,1077,1046,1078,-1,1078,1046,1047,-1,1078,1047,1079,-1,1079,1047,1048,-1,1079,1048,1080,-1,1080,1048,1049,-1,1080,1049,1081,-1,1081,1049,1050,-1,1081,1050,1082,-1,1082,1050,1051,-1,1082,1051,1083,-1,1083,1051,1052,-1,1083,1052,1084,-1,1084,1052,1053,-1,1084,1053,1085,-1,1085,1053,1054,-1,1085,1054,1086,-1,1086,1054,1055,-1,1086,1055,1087,-1,1087,1055,1056,-1,1087,1056,1088,-1,1088,1056,1057,-1,1088,1057,1089,-1,1089,1057,1058,-1,1089,1058,1090,-1,1090,1058,1059,-1,1090,1059,1091,-1,1091,1059,1060,-1,1091,1060,1092,-1,1092,1060,1061,-1,1092,1061,1093,-1,1093,1061,1062,-1,1093,1062,1094,-1,1094,1062,1063,-1,1094,1063,1095,-1,1095,1063,1064,-1,1095,1064,1096,-1,1096,1064,1065,-1,1096,1065,1097,-1,1097,1065,1066,-1,1097,1066,1098,-1,1098,1066,1067,-1,1098,1067,1099,-1,1099,1067,1068,-1,1099,1068,1100,-1,1100,1068,1069,-1,1100,1069,1101,-1,1101,1069,1070,-1,1101,1070,1102,-1,195,197,995,-1,995,197,994,-1,995,994,1103,-1,1103,994,1074,-1,1103,1074,1104,-1,1104,1074,1075,-1,1104,1075,989,-1,989,1075,1076,-1,989,1076,987,-1,771,773,1105,-1,1105,773,986,-1,1105,986,1106,-1,1106,986,1077,-1,1106,1077,1107,-1,1107,1077,1078,-1,1107,1078,1108,-1,1108,1078,1079,-1,1108,1079,1109,-1,1109,1079,1080,-1,1109,1080,1110,-1,1110,1080,1081,-1,1110,1081,1111,-1,1111,1081,1082,-1,1111,1082,1112,-1,1112,1082,1083,-1,1112,1083,1113,-1,1113,1083,1084,-1,1113,1084,1114,-1,1114,1084,1085,-1,1114,1085,1115,-1,1115,1085,1086,-1,1115,1086,1116,-1,1116,1086,1087,-1,1116,1087,1117,-1,1117,1087,1088,-1,1117,1088,1118,-1,1118,1088,1089,-1,1118,1089,1119,-1,1119,1089,1090,-1,1119,1090,1120,-1,1120,1090,1091,-1,1120,1091,1121,-1,1121,1091,1092,-1,1121,1092,1122,-1,1122,1092,1093,-1,1122,1093,1123,-1,1123,1093,1094,-1,1123,1094,1124,-1,1124,1094,1095,-1,1124,1095,1125,-1,1125,1095,1096,-1,1125,1096,1126,-1,1126,1096,1097,-1,1126,1097,1127,-1,1127,1097,1098,-1,1127,1098,1128,-1,1128,1098,1099,-1,1128,1099,1129,-1,1129,1099,1100,-1,1129,1100,1130,-1,1130,1100,1101,-1,1130,1101,1131,-1,1131,1101,1102,-1,1131,1102,985,-1,192,194,1019,-1,1019,194,995,-1,1019,995,1044,-1,1044,995,1103,-1,1044,1103,1070,-1,1070,1103,1104,-1,1070,1104,1102,-1,1102,1104,989,-1,1102,989,985,-1,985,989,988,-1,985,988,983,-1,984,30,985,-1,985,30,29,-1,985,29,1131,-1,1131,29,28,-1,1131,28,1130,-1,1130,28,27,-1,1130,27,1129,-1,1129,27,26,-1,1129,26,1128,-1,1128,26,25,-1,1128,25,1127,-1,1127,25,24,-1,1127,24,1126,-1,1126,24,23,-1,1126,23,1125,-1,1125,23,22,-1,1125,22,1124,-1,1124,22,21,-1,1124,21,1123,-1,1123,21,20,-1,1123,20,1122,-1,1122,20,19,-1,1122,19,1121,-1,1121,19,18,-1,1121,18,1120,-1,1120,18,17,-1,1120,17,1119,-1,1119,17,45,-1,1119,45,1118,-1,1118,45,44,-1,1118,44,1117,-1,1117,44,43,-1,1117,43,1116,-1,1116,43,42,-1,1116,42,1115,-1,1115,42,41,-1,1115,41,1114,-1,1114,41,40,-1,1114,40,1113,-1,1113,40,39,-1,1113,39,1112,-1,1112,39,38,-1,1112,38,1111,-1,1111,38,37,-1,1111,37,1110,-1,1110,37,36,-1,1110,36,1109,-1,1109,36,35,-1,1109,35,1108,-1,1108,35,34,-1,1108,34,1107,-1,1107,34,33,-1,1107,33,1106,-1,1106,33,32,-1,1106,32,1105,-1,1105,32,31,-1,1105,31,771,-1,771,31,4,-1,988,987,1132,-1,867,866,1133,-1,865,869,1134,-1,926,982,1135,-1,807,806,1136,-1,1136,806,926,-1,867,1133,868,-1,218,815,1137,-1,1138,215,1139,-1,1139,215,106,-1,1139,106,1137,-1,1137,106,105,-1,1137,105,218,-1,1140,213,1141,-1,1141,213,217,-1,1141,217,1138,-1,1138,217,216,-1,1138,216,215,-1,1142,1143,1144,-1,1144,1143,1145,-1,1144,1145,1146,-1,1146,1145,1140,-1,1146,1140,1147,-1,1147,1140,1141,-1,1147,1141,1148,-1,1148,1141,1138,-1,1148,1138,1149,-1,1149,1138,1139,-1,1149,1139,1133,-1,1133,1139,1137,-1,1133,1137,868,-1,868,1137,815,-1,211,210,1143,-1,1143,210,208,-1,1143,208,1145,-1,1145,208,207,-1,1145,207,1140,-1,1140,207,214,-1,1140,214,213,-1,1150,30,984,-1,926,1135,1136,-1,1136,1135,1151,-1,1136,1151,1152,-1,1152,1151,1153,-1,1152,1153,1154,-1,1154,1153,1155,-1,1154,1155,1156,-1,1156,1155,1157,-1,1156,1157,1158,-1,1158,1157,1159,-1,1158,1159,1160,-1,1160,1159,1150,-1,1160,1150,1161,-1,1161,1150,984,-1,1161,984,983,-1,983,988,1161,-1,1161,988,1132,-1,1161,1132,1160,-1,1160,1132,1162,-1,1160,1162,1158,-1,1158,1162,1163,-1,1158,1163,1156,-1,1156,1163,1164,-1,1156,1164,1154,-1,1154,1164,1165,-1,1154,1165,1152,-1,1152,1165,1166,-1,1152,1166,1136,-1,1136,1166,1134,-1,1136,1134,807,-1,807,1134,869,-1,987,1076,1132,-1,1132,1076,1142,-1,1132,1142,1162,-1,1162,1142,1144,-1,1162,1144,1163,-1,1163,1144,1146,-1,1163,1146,1164,-1,1164,1146,1147,-1,1164,1147,1165,-1,1165,1147,1148,-1,1165,1148,1166,-1,1166,1148,1149,-1,1166,1149,1134,-1,1134,1149,1133,-1,1134,1133,865,-1,865,1133,866,-1,1076,1073,1142,-1,1142,1073,1072,-1,1142,1072,1143,-1,1143,1072,1071,-1,1143,1071,211,-1,211,1071,993,-1,211,993,205,-1,
        ]
    }
}
Shape{
    appearance Appearance {
        material  Material {
            diffuseColor 0.0 1.0 0.0
            specularColor 0.0 0.5019607843137255 0.0
            ambientIntensity 0.587
            transparency 0.0
            shininess 0.5
        }
    }
    geometry IndexedFaceSet {
        ccw TRUE
        solid FALSE
        coord DEF co Coordinate {
            point [
                -0.1732 -0.0794 0.161, -0.1732 -0.1425 0.161, -0.1732 -0.0794 0.1614, -0.1732 -0.1425 0.1614, -0.2012 -0.1425 0.161, -0.2012 -0.1425 0.1614, -0.2012 -0.0794 0.161, -0.2012 -0.0794 0.1614
            ]
        }
        coordIndex [
            0,1,2,-1,2,1,3,-1,1,4,3,-1,3,4,5,-1,4,6,5,-1,5,6,7,-1,6,0,7,-1,7,0,2,-1,6,4,0,-1,0,4,1,-1,
        ]
    }
}
Shape{
    appearance Appearance {
        material  Material {
            diffuseColor 0.0 0.0 0.0
            specularColor 0.0 0.0 0.0
            ambientIntensity 0.0
            transparency 0.0
            shininess 0.5
        }
    }
    geometry IndexedFaceSet {
        ccw TRUE
        solid FALSE
        coord DEF co Coordinate {
            point [
                -0.1302 -0.1587 0.1301, -0.1302 -0.1588 0.1283, -0.1302 -0.1548 0.1301, -0.1302 -0.1548 0.1283, -0.1366 -0.1587 0.1301, -0.1366 -0.1548 0.1301, -0.1366 -0.1585 0.1443, -0.1366 -0.1546 0.1443, -0.1386 -0.1585 0.1443, -0.1386 -0.1546 0.1443, -0.1386 -0.1588 0.1283, -0.1386 -0.1548 0.1283, -0.122 -0.1588 0.128, -0.122 -0.1548 0.128, -0.1195 -0.1548 0.1282, -0.1195 -0.1588 0.1283, -0.1178 -0.1548 0.1288, -0.1178 -0.1588 0.1288, -0.1176 -0.1548 0.1289, -0.1176 -0.1588 0.129, -0.1176 -0.1587 0.131, -0.1176 -0.1548 0.1309, -0.1191 -0.1548 0.1302, -0.1191 -0.1587 0.1302, -0.1209 -0.1548 0.1299, -0.1209 -0.1587 0.1299, -0.1217 -0.1548 0.1298, -0.1217 -0.1587 0.1299, -0.1233 -0.1548 0.13, -0.1233 -0.1587 0.1301, -0.1245 -0.1548 0.1305, -0.1245 -0.1587 0.1305, -0.1255 -0.1548 0.1312, -0.1255 -0.1587 0.1313, -0.1258 -0.1548 0.1315, -0.1258 -0.1587 0.1316, -0.1266 -0.1548 0.1326, -0.1266 -0.1587 0.1326, -0.1271 -0.1547 0.1339, -0.1271 -0.1587 0.1339, -0.1274 -0.1547 0.1355, -0.1274 -0.1587 0.1355, -0.1274 -0.1547 0.1361, -0.1274 -0.1587 0.1361, -0.1272 -0.1547 0.1381, -0.1272 -0.1586 0.1382, -0.1266 -0.1547 0.1395, -0.1266 -0.1586 0.1396, -0.1259 -0.1547 0.1407, -0.1259 -0.1586 0.1407, -0.1257 -0.1546 0.1409, -0.1257 -0.1586 0.1409, -0.1246 -0.1546 0.1418, -0.1246 -0.1586 0.1419, -0.1233 -0.1546 0.1424, -0.1233 -0.1586 0.1424, -0.1219 -0.1546 0.1426, -0.1219 -0.1586 0.1427, -0.1213 -0.1546 0.1427, -0.1213 -0.1586 0.1427, -0.1194 -0.1546 0.1424, -0.1194 -0.1586 0.1425, -0.1177 -0.1546 0.1418, -0.1177 -0.1586 0.1419, -0.1176 -0.1546 0.1417, -0.1176 -0.1586 0.1418, -0.1176 -0.1585 0.1439, -0.1176 -0.1546 0.1439, -0.1214 -0.1546 0.1445, -0.1214 -0.1585 0.1446, -0.1213 -0.1585 0.1446, -0.1192 -0.1546 0.1444, -0.1192 -0.1585 0.1444, -0.1197 -0.1546 0.1444, -0.1213 -0.1546 0.1445, -0.1224 -0.1546 0.1444, -0.1237 -0.1585 0.1443, -0.1237 -0.1546 0.1442, -0.1254 -0.1546 0.1436, -0.1254 -0.1585 0.1436, -0.1269 -0.1546 0.1425, -0.1269 -0.1586 0.1426, -0.1272 -0.1546 0.1422, -0.1272 -0.1586 0.1422, -0.1284 -0.1547 0.1407, -0.1284 -0.1586 0.1407, -0.1288 -0.1547 0.1396, -0.1292 -0.1586 0.1389, -0.1292 -0.1547 0.1389, -0.1295 -0.1547 0.1368, -0.1295 -0.1586 0.1368, -0.1295 -0.1547 0.136, -0.1295 -0.1587 0.136, -0.1293 -0.1548 0.1336, -0.1293 -0.1587 0.1336, -0.1288 -0.1548 0.1323, -0.1287 -0.1587 0.1319, -0.1287 -0.1548 0.1318, -0.1277 -0.1548 0.1305, -0.1277 -0.1587 0.1305, -0.1275 -0.1548 0.1302, -0.1275 -0.1587 0.1302, -0.1262 -0.1548 0.1291, -0.1262 -0.1588 0.1292, -0.1247 -0.1548 0.1284, -0.1247 -0.1588 0.1284, -0.123 -0.1548 0.128, -0.123 -0.1588 0.1281, -0.1057 -0.1587 0.1301, -0.1057 -0.1588 0.1283, -0.1057 -0.1548 0.1301, -0.1057 -0.1548 0.1283, -0.1123 -0.1548 0.1301, -0.1123 -0.1587 0.1301, -0.108 -0.1548 0.1301, -0.1123 -0.1587 0.1355, -0.1123 -0.1547 0.1355, -0.1066 -0.1547 0.1355, -0.1066 -0.1587 0.1355, -0.108 -0.1547 0.1355, -0.1066 -0.1586 0.1374, -0.1066 -0.1547 0.1373, -0.1123 -0.1547 0.1373, -0.1123 -0.1586 0.1374, -0.108 -0.1547 0.1373, -0.1123 -0.1586 0.1425, -0.1123 -0.1546 0.1424, -0.1061 -0.1546 0.1424, -0.1061 -0.1586 0.1425, -0.108 -0.1546 0.1424, -0.1061 -0.1585 0.1443, -0.1061 -0.1546 0.1443, -0.1144 -0.1546 0.1443, -0.1144 -0.1585 0.1443, -0.108 -0.1546 0.1443, -0.1144 -0.1588 0.1283, -0.1144 -0.1548 0.1283, -0.108 -0.1548 0.1283, -0.0928 -0.1587 0.1328, -0.0936 -0.1587 0.1318, -0.0921 -0.1587 0.1306, -0.0939 -0.1587 0.1315, -0.0937 -0.1587 0.1294, -0.0949 -0.1587 0.1308, -0.0956 -0.1588 0.1286, -0.0963 -0.1587 0.1304, -0.0983 -0.1588 0.1283, -0.0983 -0.1587 0.1301, -0.1027 -0.1588 0.1283, -0.1006 -0.1587 0.1301, -0.1027 -0.1585 0.1443, -0.1006 -0.1586 0.1425, -0.0981 -0.1585 0.1443, -0.0982 -0.1586 0.1425, -0.0957 -0.1585 0.1441, -0.0962 -0.1586 0.1423, -0.0938 -0.1586 0.1433, -0.0948 -0.1586 0.1418, -0.0921 -0.1586 0.1422, -0.0936 -0.1586 0.141, -0.0915 -0.1586 0.1417, -0.0931 -0.1586 0.1404, -0.0905 -0.1586 0.1403, -0.0925 -0.1586 0.1395, -0.0899 -0.1586 0.1388, -0.092 -0.1586 0.1383, -0.0897 -0.1586 0.1365, -0.0918 -0.1586 0.1365, -0.0897 -0.1587 0.1355, -0.0919 -0.1587 0.1354, -0.0901 -0.1587 0.1336, -0.0922 -0.1587 0.134, -0.0909 -0.1587 0.132, -0.0983 -0.1548 0.1283, -0.1027 -0.1548 0.1283, -0.0921 -0.1548 0.1305, -0.0956 -0.1548 0.1286, -0.0954 -0.1548 0.1287, -0.0937 -0.1548 0.1293, -0.0909 -0.1548 0.1319, -0.0901 -0.1548 0.1336, -0.0897 -0.1547 0.1355, -0.0897 -0.1547 0.1365, -0.0899 -0.1547 0.1387, -0.0905 -0.1547 0.1402, -0.0915 -0.1546 0.1416, -0.0921 -0.1546 0.1421, -0.0981 -0.1546 0.1443, -0.0938 -0.1546 0.1433, -0.0954 -0.1546 0.1439, -0.0957 -0.1546 0.144, -0.1027 -0.1546 0.1443, -0.0982 -0.1546 0.1424, -0.1006 -0.1546 0.1424, -0.1006 -0.1548 0.1301, -0.0983 -0.1548 0.1301, -0.0936 -0.1548 0.1317, -0.0939 -0.1548 0.1315, -0.0949 -0.1548 0.1308, -0.0963 -0.1548 0.1303, -0.0918 -0.1547 0.1364, -0.0919 -0.1547 0.1354, -0.0922 -0.1547 0.1339, -0.0928 -0.1548 0.1327, -0.0936 -0.1546 0.1409, -0.0931 -0.1547 0.1404, -0.0925 -0.1547 0.1395, -0.092 -0.1547 0.1383, -0.0962 -0.1546 0.1422, -0.0948 -0.1546 0.1417
            ]
        }
        coordIndex [
            0,1,2,-1,2,1,3,-1,4,0,5,-1,5,0,2,-1,6,4,7,-1,7,4,5,-1,8,6,9,-1,9,6,7,-1,10,8,11,-1,11,8,9,-1,1,10,3,-1,3,10,11,-1,6,8,4,-1,4,8,10,-1,4,10,0,-1,0,10,1,-1,12,13,14,-1,12,14,15,-1,15,14,16,-1,15,16,17,-1,17,16,18,-1,17,18,19,-1,20,19,21,-1,21,19,18,-1,20,21,22,-1,20,22,23,-1,23,22,24,-1,23,24,25,-1,25,24,26,-1,25,26,27,-1,27,26,28,-1,27,28,29,-1,29,28,30,-1,29,30,31,-1,31,30,32,-1,31,32,33,-1,33,32,34,-1,33,34,35,-1,35,34,36,-1,35,36,37,-1,37,36,38,-1,37,38,39,-1,39,38,40,-1,39,40,41,-1,41,40,42,-1,41,42,43,-1,43,42,44,-1,43,44,45,-1,45,44,46,-1,45,46,47,-1,47,46,48,-1,47,48,49,-1,49,48,50,-1,49,50,51,-1,51,50,52,-1,51,52,53,-1,53,52,54,-1,53,54,55,-1,55,54,56,-1,55,56,57,-1,57,56,58,-1,57,58,59,-1,59,58,60,-1,59,60,61,-1,61,60,62,-1,61,62,63,-1,63,62,64,-1,63,64,65,-1,66,65,67,-1,67,65,64,-1,68,69,70,-1,66,67,71,-1,66,71,72,-1,72,71,73,-1,72,73,70,-1,70,73,74,-1,70,74,68,-1,69,68,75,-1,69,75,76,-1,75,77,76,-1,76,77,78,-1,76,78,79,-1,79,78,80,-1,79,80,81,-1,81,80,82,-1,81,82,83,-1,83,82,84,-1,83,84,85,-1,85,84,86,-1,85,86,87,-1,86,88,87,-1,87,88,89,-1,87,89,90,-1,90,89,91,-1,90,91,92,-1,92,91,93,-1,92,93,94,-1,94,93,95,-1,94,95,96,-1,95,97,96,-1,96,97,98,-1,96,98,99,-1,99,98,100,-1,99,100,101,-1,101,100,102,-1,101,102,103,-1,103,102,104,-1,103,104,105,-1,105,104,106,-1,105,106,107,-1,107,106,13,-1,107,13,12,-1,63,65,66,-1,45,47,85,-1,63,66,61,-1,61,66,72,-1,61,72,59,-1,59,72,70,-1,59,70,57,-1,57,70,69,-1,57,69,55,-1,55,69,76,-1,55,76,53,-1,19,20,17,-1,17,20,23,-1,17,23,15,-1,15,23,25,-1,15,25,12,-1,12,25,27,-1,12,27,107,-1,107,27,29,-1,107,29,105,-1,105,29,31,-1,105,31,103,-1,103,31,33,-1,103,33,101,-1,101,33,35,-1,101,35,99,-1,99,35,37,-1,99,37,96,-1,85,47,83,-1,76,79,53,-1,53,79,81,-1,53,81,51,-1,51,81,83,-1,51,83,49,-1,49,83,47,-1,92,43,90,-1,90,43,45,-1,90,45,87,-1,87,45,85,-1,96,37,94,-1,94,37,39,-1,94,39,92,-1,92,39,41,-1,92,41,43,-1,108,109,110,-1,110,109,111,-1,112,113,114,-1,114,113,108,-1,114,108,110,-1,115,113,116,-1,116,113,112,-1,117,118,119,-1,119,118,115,-1,119,115,116,-1,120,118,121,-1,121,118,117,-1,122,123,124,-1,124,123,120,-1,124,120,121,-1,125,123,126,-1,126,123,122,-1,127,128,129,-1,129,128,125,-1,129,125,126,-1,130,128,131,-1,131,128,127,-1,132,133,134,-1,134,133,130,-1,134,130,131,-1,135,133,136,-1,136,133,132,-1,111,109,137,-1,137,109,135,-1,137,135,136,-1,135,109,108,-1,108,113,135,-1,135,113,115,-1,135,115,133,-1,128,130,125,-1,125,130,133,-1,125,133,123,-1,123,133,115,-1,123,115,120,-1,120,115,118,-1,138,139,140,-1,140,139,141,-1,140,141,142,-1,142,141,143,-1,142,143,144,-1,144,143,145,-1,144,145,146,-1,146,145,147,-1,146,147,148,-1,148,147,149,-1,148,149,150,-1,150,149,151,-1,150,151,152,-1,152,151,153,-1,152,153,154,-1,154,153,155,-1,154,155,156,-1,156,155,157,-1,156,157,158,-1,158,157,159,-1,158,159,160,-1,160,159,161,-1,160,161,162,-1,162,161,163,-1,162,163,164,-1,164,163,165,-1,164,165,166,-1,166,165,167,-1,166,167,168,-1,168,167,169,-1,168,169,170,-1,170,169,171,-1,170,171,172,-1,172,171,138,-1,172,138,140,-1,146,148,173,-1,173,148,174,-1,175,140,142,-1,146,173,176,-1,146,176,144,-1,144,176,177,-1,144,177,142,-1,142,177,178,-1,142,178,175,-1,140,175,179,-1,140,179,172,-1,172,179,180,-1,172,180,170,-1,170,180,181,-1,170,181,168,-1,168,181,182,-1,168,182,166,-1,166,182,183,-1,166,183,164,-1,164,183,184,-1,164,184,162,-1,162,184,185,-1,162,185,160,-1,160,185,186,-1,160,186,158,-1,187,152,154,-1,158,186,188,-1,158,188,156,-1,156,188,189,-1,156,189,154,-1,154,189,190,-1,154,190,187,-1,150,152,191,-1,191,152,187,-1,148,150,174,-1,174,150,191,-1,153,151,192,-1,192,151,193,-1,151,149,193,-1,193,149,194,-1,149,147,194,-1,194,147,195,-1,139,196,197,-1,139,197,141,-1,141,197,198,-1,141,198,143,-1,143,198,199,-1,143,199,145,-1,145,199,195,-1,145,195,147,-1,167,200,201,-1,167,201,169,-1,169,201,202,-1,169,202,171,-1,171,202,203,-1,171,203,138,-1,138,203,196,-1,138,196,139,-1,159,204,205,-1,159,205,161,-1,161,205,206,-1,161,206,163,-1,163,206,207,-1,163,207,165,-1,165,207,200,-1,165,200,167,-1,153,192,208,-1,153,208,155,-1,155,208,209,-1,155,209,157,-1,157,209,204,-1,157,204,159,-1,
        ]
    }
}
Shape{
    appearance Appearance {
        material  Material {
            diffuseColor 1.0 1.0 1.0
            specularColor 0.5019607843137255 0.5019607843137255 0.5019607843137255
            ambientIntensity 1.0
            transparency 0.0
            shininess 0.5
        }
    }
    geometry IndexedFaceSet {
        ccw TRUE
        solid FALSE
        coord DEF co Coordinate {
            point [
                -0.1006 -0.1546 0.1424, -0.1006 -0.1548 0.1301, -0.0982 -0.1546 0.1424, -0.0983 -0.1548 0.1301, -0.0963 -0.1548 0.1303, -0.0949 -0.1548 0.1308, -0.0939 -0.1548 0.1315, -0.0936 -0.1548 0.1317, -0.0928 -0.1548 0.1327, -0.0922 -0.1547 0.1339, -0.0919 -0.1547 0.1354, -0.0918 -0.1547 0.1364, -0.092 -0.1547 0.1383, -0.0925 -0.1547 0.1395, -0.0931 -0.1547 0.1404, -0.0936 -0.1546 0.1409, -0.0962 -0.1546 0.1422, -0.0948 -0.1546 0.1417
            ]
        }
        coordIndex [
            0,1,2,-1,2,1,3,-1,2,3,4,-1,4,5,2,-1,2,5,6,-1,2,6,7,-1,7,8,2,-1,2,8,9,-1,2,9,10,-1,10,11,2,-1,2,11,12,-1,2,12,13,-1,13,14,2,-1,2,14,15,-1,2,15,16,-1,16,15,17,-1,
        ]
    }
}
Shape{
    appearance Appearance {
        material  Material {
            diffuseColor 0.0 0.0 0.0
            specularColor 0.0 0.0 0.0
            ambientIntensity 0.0
            transparency 0.0
            shininess 0.5
        }
    }
    geometry IndexedFaceSet {
        ccw TRUE
        solid FALSE
        coord DEF co Coordinate {
            point [
                -0.0843 -0.1587 0.1345, -0.085 -0.1587 0.1327, -0.0789 -0.1587 0.1345, -0.0783 -0.1587 0.1327, -0.0819 -0.1586 0.1412, -0.0827 -0.1585 0.1443, -0.0888 -0.1588 0.1283, -0.0865 -0.1588 0.1283, -0.0818 -0.1586 0.1416, -0.0817 -0.1586 0.1423, -0.0805 -0.1585 0.1443, -0.0816 -0.1586 0.1423, -0.0815 -0.1586 0.1416, -0.0814 -0.1586 0.1412, -0.0744 -0.1588 0.1283, -0.0767 -0.1588 0.1283, -0.0805 -0.1546 0.1443, -0.0744 -0.1548 0.1283, -0.0827 -0.1546 0.1443, -0.0888 -0.1548 0.1283, -0.0842 -0.1547 0.1404, -0.0865 -0.1548 0.1283, -0.085 -0.1548 0.1326, -0.0783 -0.1548 0.1326, -0.0842 -0.1548 0.1326, -0.0767 -0.1548 0.1283, -0.0843 -0.1547 0.1344, -0.0789 -0.1547 0.1344, -0.0814 -0.1546 0.1411, -0.0816 -0.1546 0.1422, -0.0815 -0.1546 0.1415, -0.0817 -0.1546 0.1422, -0.0819 -0.1546 0.1411, -0.0818 -0.1546 0.1416
            ]
        }
        coordIndex [
            0,1,2,-1,2,1,3,-1,4,5,0,-1,0,5,6,-1,0,6,1,-1,1,6,7,-1,4,8,5,-1,5,8,9,-1,5,9,10,-1,10,9,11,-1,10,11,12,-1,12,13,10,-1,10,13,2,-1,10,2,14,-1,14,2,3,-1,14,3,15,-1,10,14,16,-1,16,14,17,-1,5,10,18,-1,18,10,16,-1,19,6,20,-1,20,6,5,-1,20,5,18,-1,7,6,21,-1,21,6,19,-1,1,7,22,-1,22,7,21,-1,23,3,24,-1,24,3,1,-1,24,1,22,-1,15,3,25,-1,25,3,23,-1,14,15,17,-1,17,15,25,-1,0,2,26,-1,26,2,27,-1,2,13,27,-1,27,13,28,-1,11,29,30,-1,11,30,12,-1,12,30,28,-1,12,28,13,-1,11,9,29,-1,29,9,31,-1,4,32,33,-1,4,33,8,-1,8,33,31,-1,8,31,9,-1,4,0,32,-1,32,0,26,-1,
        ]
    }
}
Shape{
    appearance Appearance {
        material  Material {
            diffuseColor 1.0 1.0 1.0
            specularColor 0.5019607843137255 0.5019607843137255 0.5019607843137255
            ambientIntensity 1.0
            transparency 0.0
            shininess 0.5
        }
    }
    geometry IndexedFaceSet {
        ccw TRUE
        solid FALSE
        coord DEF co Coordinate {
            point [
                -0.0816 -0.1546 0.1422, -0.0817 -0.1546 0.1422, -0.0815 -0.1546 0.1415, -0.0818 -0.1546 0.1416, -0.0814 -0.1546 0.1411, -0.0819 -0.1546 0.1411, -0.0789 -0.1547 0.1344, -0.0843 -0.1547 0.1344
            ]
        }
        coordIndex [
            0,1,2,-1,2,1,3,-1,2,3,4,-1,4,3,5,-1,4,5,6,-1,6,5,7,-1,
        ]
    }
}
Shape{
    appearance Appearance {
        material  Material {
            diffuseColor 0.0 0.0 0.0
            specularColor 0.0 0.0 0.0
            ambientIntensity 0.0
            transparency 0.0
            shininess 0.5
        }
    }
    geometry IndexedFaceSet {
        ccw TRUE
        solid FALSE
        coord DEF co Coordinate {
            point [
                -0.13 -0.1591 0.1047, -0.13 -0.1591 0.1029, -0.13 -0.1552 0.1047, -0.13 -0.1552 0.1029, -0.1366 -0.1591 0.1047, -0.1366 -0.1552 0.1047, -0.1366 -0.159 0.1101, -0.1366 -0.1551 0.1101, -0.1309 -0.159 0.1101, -0.1309 -0.1551 0.1101, -0.1309 -0.159 0.112, -0.1309 -0.1551 0.1119, -0.1366 -0.159 0.112, -0.1366 -0.1551 0.1119, -0.1366 -0.1589 0.1171, -0.1366 -0.155 0.117, -0.1304 -0.1589 0.1171, -0.1304 -0.155 0.117, -0.1304 -0.1589 0.1189, -0.1304 -0.155 0.1189, -0.1386 -0.1589 0.1189, -0.1386 -0.155 0.1189, -0.1386 -0.1591 0.1029, -0.1386 -0.1552 0.1029, -0.121 -0.1591 0.1047, -0.1209 -0.1591 0.1047, -0.1211 -0.1591 0.1065, -0.1209 -0.1591 0.1074, -0.1189 -0.159 0.1103, -0.1209 -0.1591 0.1075, -0.1209 -0.159 0.1086, -0.1209 -0.1591 0.1029, -0.1189 -0.1591 0.1029, -0.1259 -0.1591 0.1053, -0.1274 -0.1591 0.1038, -0.1257 -0.1591 0.105, -0.1271 -0.1591 0.1035, -0.1255 -0.1591 0.1048, -0.1265 -0.1591 0.1031, -0.1251 -0.1591 0.1045, -0.1258 -0.1591 0.1028, -0.1246 -0.1591 0.1044, -0.1248 -0.1591 0.1026, -0.124 -0.1591 0.1043, -0.1258 -0.159 0.1093, -0.1253 -0.159 0.1078, -0.1248 -0.159 0.108, -0.1213 -0.1591 0.1058, -0.1218 -0.1591 0.1052, -0.1214 -0.1591 0.104, -0.122 -0.1591 0.105, -0.1221 -0.1591 0.1034, -0.1226 -0.1591 0.1046, -0.1226 -0.1591 0.1031, -0.1232 -0.1591 0.1044, -0.1234 -0.1591 0.1028, -0.1245 -0.1591 0.1026, -0.1243 -0.159 0.1097, -0.1236 -0.159 0.1083, -0.1209 -0.159 0.1102, -0.127 -0.159 0.1135, -0.127 -0.159 0.1116, -0.1266 -0.159 0.1138, -0.1256 -0.159 0.1125, -0.1251 -0.159 0.1144, -0.1243 -0.159 0.1129, -0.1231 -0.159 0.1146, -0.1232 -0.159 0.113, -0.1219 -0.159 0.1145, -0.1225 -0.159 0.1129, -0.121 -0.159 0.1142, -0.122 -0.159 0.1127, -0.1203 -0.159 0.1139, -0.1217 -0.159 0.1125, -0.1198 -0.159 0.1134, -0.1214 -0.159 0.1121, -0.1194 -0.159 0.1127, -0.1212 -0.159 0.1117, -0.1191 -0.159 0.1118, -0.121 -0.159 0.111, -0.1261 -0.1591 0.1065, -0.1281 -0.1591 0.1062, -0.1261 -0.1591 0.1061, -0.1281 -0.1591 0.106, -0.126 -0.1591 0.1057, -0.128 -0.1591 0.1051, -0.1278 -0.1591 0.1044, -0.1255 -0.1591 0.1076, -0.1267 -0.159 0.1089, -0.1258 -0.1591 0.1073, -0.1273 -0.159 0.1084, -0.126 -0.1591 0.1069, -0.1277 -0.159 0.1078, -0.128 -0.1591 0.1071, -0.1231 -0.155 0.1146, -0.1251 -0.155 0.1143, -0.1266 -0.155 0.1137, -0.127 -0.155 0.1135, -0.127 -0.1551 0.1115, -0.1256 -0.155 0.1124, -0.1243 -0.155 0.1128, -0.1232 -0.155 0.1129, -0.1225 -0.155 0.1128, -0.122 -0.155 0.1127, -0.1217 -0.155 0.1124, -0.1214 -0.1551 0.1121, -0.1212 -0.1551 0.1117, -0.121 -0.1551 0.1109, -0.1209 -0.1551 0.1101, -0.1243 -0.1551 0.1096, -0.1258 -0.1551 0.1093, -0.1267 -0.1551 0.1088, -0.1273 -0.1551 0.1083, -0.1277 -0.1551 0.1077, -0.128 -0.1551 0.107, -0.1281 -0.1551 0.1062, -0.1281 -0.1551 0.1059, -0.128 -0.1552 0.105, -0.1278 -0.1552 0.1044, -0.1274 -0.1552 0.1038, -0.1271 -0.1552 0.1035, -0.1245 -0.1552 0.1026, -0.1265 -0.1552 0.103, -0.1258 -0.1552 0.1027, -0.1256 -0.1552 0.1027, -0.1248 -0.1552 0.1026, -0.1234 -0.1552 0.1027, -0.1226 -0.1552 0.103, -0.1221 -0.1552 0.1033, -0.1214 -0.1552 0.104, -0.121 -0.1552 0.1046, -0.1209 -0.1552 0.1046, -0.1209 -0.1552 0.1029, -0.1189 -0.1552 0.1029, -0.1189 -0.1551 0.1102, -0.1191 -0.1551 0.1118, -0.1194 -0.155 0.1127, -0.1198 -0.155 0.1133, -0.1203 -0.155 0.1138, -0.121 -0.155 0.1142, -0.1219 -0.155 0.1144, -0.1255 -0.1551 0.1075, -0.1253 -0.1551 0.1077, -0.1248 -0.1551 0.108, -0.1236 -0.1551 0.1082, -0.1261 -0.1551 0.1061, -0.1261 -0.1551 0.1064, -0.126 -0.1551 0.1069, -0.1258 -0.1551 0.1072, -0.1255 -0.1552 0.1047, -0.1257 -0.1552 0.1049, -0.1259 -0.1551 0.1053, -0.126 -0.1551 0.1056, -0.124 -0.1552 0.1042, -0.1246 -0.1552 0.1043, -0.1251 -0.1552 0.1045, -0.1218 -0.1551 0.1052, -0.122 -0.1552 0.1049, -0.1226 -0.1552 0.1045, -0.1232 -0.1552 0.1043, -0.1209 -0.1551 0.1075, -0.1209 -0.1551 0.1074, -0.1211 -0.1551 0.1065, -0.1213 -0.1551 0.1058, -0.1209 -0.1551 0.1086
            ]
        }
        coordIndex [
            0,1,2,-1,2,1,3,-1,4,0,5,-1,5,0,2,-1,6,4,7,-1,7,4,5,-1,8,6,9,-1,9,6,7,-1,10,8,11,-1,11,8,9,-1,12,10,13,-1,13,10,11,-1,14,12,15,-1,15,12,13,-1,16,14,17,-1,17,14,15,-1,18,16,19,-1,19,16,17,-1,20,18,21,-1,21,18,19,-1,22,20,23,-1,23,20,21,-1,1,22,3,-1,3,22,23,-1,22,1,0,-1,0,4,22,-1,22,4,6,-1,22,6,20,-1,16,18,14,-1,14,18,20,-1,14,20,12,-1,12,20,6,-1,12,6,10,-1,10,6,8,-1,24,25,26,-1,27,28,29,-1,29,28,30,-1,31,32,25,-1,25,32,28,-1,25,28,26,-1,26,28,27,-1,33,34,35,-1,35,34,36,-1,35,36,37,-1,37,36,38,-1,37,38,39,-1,39,38,40,-1,39,40,41,-1,41,40,42,-1,41,42,43,-1,44,45,46,-1,26,47,24,-1,24,47,48,-1,24,48,49,-1,49,48,50,-1,49,50,51,-1,51,50,52,-1,51,52,53,-1,53,52,54,-1,53,54,55,-1,55,54,43,-1,55,43,56,-1,56,43,42,-1,44,46,57,-1,57,46,58,-1,57,58,59,-1,60,61,62,-1,62,61,63,-1,62,63,64,-1,64,63,65,-1,64,65,66,-1,66,65,67,-1,66,67,68,-1,68,67,69,-1,68,69,70,-1,70,69,71,-1,70,71,72,-1,72,71,73,-1,72,73,74,-1,74,73,75,-1,74,75,76,-1,76,75,77,-1,76,77,78,-1,78,77,79,-1,78,79,28,-1,28,79,59,-1,28,59,30,-1,30,59,58,-1,80,81,82,-1,82,81,83,-1,82,83,84,-1,84,83,85,-1,84,85,33,-1,33,85,86,-1,33,86,34,-1,45,44,87,-1,87,44,88,-1,87,88,89,-1,89,88,90,-1,89,90,91,-1,91,90,92,-1,91,92,80,-1,80,92,93,-1,80,93,81,-1,66,94,95,-1,66,95,64,-1,64,95,96,-1,64,96,62,-1,62,96,97,-1,62,97,60,-1,61,60,98,-1,98,60,97,-1,61,98,99,-1,61,99,63,-1,63,99,100,-1,63,100,65,-1,65,100,101,-1,65,101,67,-1,67,101,102,-1,67,102,69,-1,69,102,103,-1,69,103,71,-1,71,103,104,-1,71,104,73,-1,73,104,105,-1,73,105,75,-1,75,105,106,-1,75,106,77,-1,77,106,107,-1,77,107,79,-1,79,107,108,-1,79,108,59,-1,57,59,109,-1,109,59,108,-1,57,109,110,-1,57,110,44,-1,44,110,111,-1,44,111,88,-1,88,111,112,-1,88,112,90,-1,90,112,113,-1,90,113,92,-1,92,113,114,-1,92,114,93,-1,93,114,115,-1,93,115,81,-1,81,115,116,-1,81,116,83,-1,83,116,117,-1,83,117,85,-1,85,117,118,-1,85,118,86,-1,86,118,119,-1,86,119,34,-1,34,119,120,-1,34,120,36,-1,121,56,42,-1,36,120,122,-1,36,122,38,-1,38,122,123,-1,38,123,40,-1,40,123,124,-1,40,124,42,-1,42,124,125,-1,42,125,121,-1,56,121,126,-1,56,126,55,-1,55,126,127,-1,55,127,53,-1,53,127,128,-1,53,128,51,-1,51,128,129,-1,51,129,49,-1,49,129,130,-1,49,130,24,-1,25,24,131,-1,131,24,130,-1,31,25,132,-1,132,25,131,-1,32,31,133,-1,133,31,132,-1,28,32,134,-1,134,32,133,-1,28,134,135,-1,28,135,78,-1,78,135,136,-1,78,136,76,-1,76,136,137,-1,76,137,74,-1,74,137,138,-1,74,138,72,-1,72,138,139,-1,72,139,70,-1,70,139,140,-1,70,140,68,-1,68,140,94,-1,68,94,66,-1,87,141,142,-1,87,142,45,-1,45,142,143,-1,45,143,46,-1,46,143,144,-1,46,144,58,-1,82,145,146,-1,82,146,80,-1,80,146,147,-1,80,147,91,-1,91,147,148,-1,91,148,89,-1,89,148,141,-1,89,141,87,-1,37,149,150,-1,37,150,35,-1,35,150,151,-1,35,151,33,-1,33,151,152,-1,33,152,84,-1,84,152,145,-1,84,145,82,-1,43,153,154,-1,43,154,41,-1,41,154,155,-1,41,155,39,-1,39,155,149,-1,39,149,37,-1,48,156,157,-1,48,157,50,-1,50,157,158,-1,50,158,52,-1,52,158,159,-1,52,159,54,-1,54,159,153,-1,54,153,43,-1,29,160,161,-1,29,161,27,-1,27,161,162,-1,27,162,26,-1,26,162,163,-1,26,163,47,-1,47,163,156,-1,47,156,48,-1,29,30,160,-1,160,30,164,-1,30,58,164,-1,164,58,144,-1,
        ]
    }
}
Shape{
    appearance Appearance {
        material  Material {
            diffuseColor 1.0 1.0 1.0
            specularColor 0.5019607843137255 0.5019607843137255 0.5019607843137255
            ambientIntensity 1.0
            transparency 0.0
            shininess 0.5
        }
    }
    geometry IndexedFaceSet {
        ccw TRUE
        solid FALSE
        coord DEF co Coordinate {
            point [
                -0.1209 -0.1551 0.1086, -0.1236 -0.1551 0.1082, -0.1209 -0.1551 0.1075, -0.1248 -0.1551 0.108, -0.1253 -0.1551 0.1077, -0.1255 -0.1551 0.1075, -0.1209 -0.1551 0.1074, -0.1211 -0.1551 0.1065, -0.1258 -0.1551 0.1072, -0.1213 -0.1551 0.1058, -0.1257 -0.1552 0.1049, -0.1255 -0.1552 0.1047, -0.122 -0.1552 0.1049, -0.1259 -0.1551 0.1053, -0.1226 -0.1552 0.1045, -0.1232 -0.1552 0.1043, -0.124 -0.1552 0.1042, -0.126 -0.1551 0.1069, -0.1261 -0.1551 0.1064, -0.1218 -0.1551 0.1052, -0.1261 -0.1551 0.1061, -0.126 -0.1551 0.1056, -0.1251 -0.1552 0.1045, -0.1246 -0.1552 0.1043
            ]
        }
        coordIndex [
            0,1,2,-1,2,1,3,-1,3,4,2,-1,2,4,5,-1,2,5,6,-1,6,5,7,-1,7,5,8,-1,7,8,9,-1,10,11,12,-1,10,12,13,-1,14,12,15,-1,15,12,16,-1,8,17,9,-1,9,17,18,-1,9,18,19,-1,19,18,20,-1,19,20,12,-1,12,20,21,-1,12,21,13,-1,11,22,12,-1,12,22,23,-1,12,23,16,-1,
        ]
    }
}
Shape{
    appearance Appearance {
        material  Material {
            diffuseColor 0.0 0.0 0.0
            specularColor 0.0 0.0 0.0
            ambientIntensity 0.0
            transparency 0.0
            shininess 0.5
        }
    }
    geometry IndexedFaceSet {
        ccw TRUE
        solid FALSE
        coord DEF co Coordinate {
            point [
                -0.1162 -0.1551 0.1053, -0.1162 -0.1591 0.1054, -0.1155 -0.1591 0.1049, -0.1129 -0.1591 0.1043, -0.1129 -0.1552 0.1042, -0.1142 -0.1552 0.1044, -0.1142 -0.1591 0.1044, -0.1153 -0.1552 0.1048, -0.1155 -0.1552 0.1049, -0.1162 -0.1591 0.1033, -0.1162 -0.1552 0.1033, -0.1153 -0.1552 0.1029, -0.1148 -0.1591 0.1028, -0.1131 -0.1552 0.1026, -0.1131 -0.1591 0.1026, -0.1144 -0.1552 0.1027, -0.1148 -0.1552 0.1028, -0.1118 -0.1552 0.1027, -0.1114 -0.1591 0.1028, -0.1114 -0.1552 0.1028, -0.1103 -0.1552 0.1031, -0.1103 -0.1591 0.1032, -0.1098 -0.1552 0.1035, -0.1098 -0.1591 0.1035, -0.1092 -0.1552 0.104, -0.1092 -0.1591 0.1041, -0.1088 -0.1552 0.1045, -0.1088 -0.1591 0.1046, -0.1086 -0.1551 0.1052, -0.1086 -0.1591 0.1052, -0.1085 -0.1551 0.106, -0.1085 -0.1591 0.106, -0.1086 -0.1551 0.1067, -0.1086 -0.1591 0.1068, -0.1088 -0.1551 0.1073, -0.1088 -0.1591 0.1074, -0.1092 -0.1551 0.1079, -0.1092 -0.159 0.1079, -0.1096 -0.1551 0.1083, -0.1096 -0.159 0.1083, -0.111 -0.1551 0.109, -0.111 -0.159 0.1091, -0.1117 -0.1551 0.1093, -0.1117 -0.159 0.1094, -0.113 -0.1551 0.1099, -0.113 -0.159 0.1099, -0.1137 -0.1551 0.1103, -0.1137 -0.159 0.1104, -0.1139 -0.1551 0.1105, -0.1139 -0.159 0.1106, -0.114 -0.1551 0.1108, -0.114 -0.159 0.1109, -0.1141 -0.1551 0.1111, -0.1141 -0.159 0.1112, -0.1141 -0.1551 0.1114, -0.1141 -0.159 0.1114, -0.1141 -0.1551 0.1117, -0.1141 -0.159 0.1118, -0.114 -0.1551 0.112, -0.114 -0.159 0.112, -0.1138 -0.1551 0.1122, -0.1138 -0.159 0.1123, -0.1135 -0.155 0.1125, -0.1135 -0.159 0.1126, -0.1131 -0.155 0.1127, -0.1131 -0.159 0.1128, -0.1125 -0.155 0.1129, -0.1125 -0.159 0.1129, -0.1119 -0.155 0.1129, -0.1119 -0.159 0.113, -0.1105 -0.155 0.1127, -0.1105 -0.159 0.1128, -0.1094 -0.155 0.1123, -0.1094 -0.159 0.1124, -0.109 -0.1551 0.1121, -0.109 -0.159 0.1121, -0.109 -0.159 0.1141, -0.109 -0.155 0.114, -0.1103 -0.155 0.1144, -0.1103 -0.159 0.1145, -0.1117 -0.155 0.1146, -0.1117 -0.159 0.1146, -0.1134 -0.155 0.1144, -0.1134 -0.159 0.1144, -0.1144 -0.155 0.1139, -0.1144 -0.159 0.114, -0.1149 -0.155 0.1136, -0.1149 -0.159 0.1137, -0.1153 -0.155 0.1133, -0.1155 -0.159 0.1132, -0.1155 -0.155 0.1131, -0.1159 -0.155 0.1126, -0.1159 -0.159 0.1126, -0.1161 -0.1551 0.1119, -0.1161 -0.159 0.112, -0.1162 -0.1551 0.1112, -0.1162 -0.159 0.1113, -0.1161 -0.1551 0.1104, -0.1161 -0.159 0.1105, -0.1159 -0.1551 0.1098, -0.1159 -0.159 0.1099, -0.1156 -0.1551 0.1094, -0.1156 -0.159 0.1094, -0.1132 -0.1551 0.1079, -0.1132 -0.159 0.1079, -0.1144 -0.159 0.1085, -0.1153 -0.1551 0.109, -0.1153 -0.159 0.1091, -0.1153 -0.1551 0.109, -0.1144 -0.1551 0.1084, -0.1118 -0.1551 0.1073, -0.1118 -0.1591 0.1074, -0.1111 -0.1551 0.1069, -0.1111 -0.1591 0.1069, -0.1108 -0.1551 0.1066, -0.1108 -0.1591 0.1066, -0.1107 -0.1551 0.1063, -0.1107 -0.1591 0.1064, -0.1106 -0.1551 0.106, -0.1106 -0.1591 0.1061, -0.1105 -0.1551 0.1058, -0.1105 -0.1591 0.1058, -0.1106 -0.1551 0.1054, -0.1106 -0.1591 0.1054, -0.1107 -0.1551 0.1051, -0.1107 -0.1591 0.1052, -0.1109 -0.1552 0.1048, -0.1109 -0.1591 0.1049, -0.1111 -0.1552 0.1046, -0.1111 -0.1591 0.1047, -0.1113 -0.1552 0.1045, -0.1113 -0.1591 0.1046, -0.1118 -0.1552 0.1043, -0.1118 -0.1591 0.1044, -0.1128 -0.1552 0.1042, -0.1128 -0.1591 0.1043, -0.0985 -0.159 0.1143, -0.0965 -0.159 0.1143, -0.0985 -0.155 0.1143, -0.0965 -0.155 0.1143, -0.1017 -0.1591 0.1057, -0.1017 -0.1551 0.1057, -0.1018 -0.1551 0.1051, -0.1018 -0.1591 0.1052, -0.1019 -0.1552 0.1048, -0.1019 -0.1591 0.1048, -0.102 -0.1591 0.1048, -0.102 -0.1552 0.1048, -0.1022 -0.1591 0.1057, -0.1022 -0.1551 0.1057, -0.1052 -0.159 0.1143, -0.1042 -0.1551 0.1115, -0.1052 -0.155 0.1143, -0.1074 -0.159 0.1143, -0.1074 -0.155 0.1143, -0.103 -0.1591 0.1029, -0.1042 -0.1551 0.1061, -0.103 -0.1552 0.1029, -0.1038 -0.1552 0.1008, -0.1038 -0.1591 0.1009, -0.103 -0.1552 0.1027, -0.1042 -0.1552 0.1001, -0.1042 -0.1592 0.1001, -0.1042 -0.1552 0.1001, -0.1046 -0.1552 0.0996, -0.1046 -0.1592 0.0997, -0.1049 -0.1552 0.0994, -0.1049 -0.1592 0.0995, -0.1053 -0.1552 0.0993, -0.1053 -0.1592 0.0993, -0.1058 -0.1552 0.0992, -0.1058 -0.1592 0.0992, -0.1059 -0.1552 0.0992, -0.1059 -0.1592 0.0992, -0.1066 -0.1552 0.0993, -0.1066 -0.1592 0.0993, -0.107 -0.1552 0.0994, -0.107 -0.1592 0.0995, -0.107 -0.1592 0.0977, -0.107 -0.1553 0.0976, -0.1064 -0.1553 0.0975, -0.1064 -0.1592 0.0976, -0.1057 -0.1553 0.0975, -0.1057 -0.1592 0.0975, -0.1049 -0.1553 0.0976, -0.1049 -0.1592 0.0976, -0.1042 -0.1553 0.0978, -0.1041 -0.1592 0.0979, -0.1041 -0.1553 0.0979, -0.1034 -0.1552 0.0983, -0.1034 -0.1592 0.0984, -0.1032 -0.1552 0.0985, -0.1032 -0.1592 0.0986, -0.1025 -0.1552 0.0994, -0.1025 -0.1592 0.0995, -0.1016 -0.1552 0.1011, -0.1016 -0.1591 0.1012, -0.101 -0.1552 0.1027, -0.0857 -0.1591 0.1047, -0.0857 -0.1591 0.1029, -0.0857 -0.1552 0.1047, -0.0857 -0.1552 0.1029, -0.0922 -0.1591 0.1047, -0.0892 -0.1552 0.1047, -0.0922 -0.1552 0.1047, -0.0922 -0.159 0.1101, -0.0922 -0.1551 0.1101, -0.0865 -0.159 0.1101, -0.0892 -0.1551 0.1101, -0.0865 -0.1551 0.1101, -0.0865 -0.159 0.112, -0.0865 -0.1551 0.1119, -0.0922 -0.1551 0.1119, -0.0922 -0.159 0.112, -0.0892 -0.1551 0.1119, -0.0922 -0.1589 0.1171, -0.0922 -0.155 0.117, -0.086 -0.155 0.117, -0.086 -0.1589 0.1171, -0.0892 -0.155 0.117, -0.086 -0.1589 0.1189, -0.086 -0.155 0.1189, -0.0943 -0.155 0.1189, -0.0943 -0.1589 0.1189, -0.0892 -0.155 0.1189, -0.0943 -0.1591 0.1029, -0.0943 -0.1552 0.1029, -0.0892 -0.1552 0.1029, -0.0727 -0.1591 0.1074, -0.0735 -0.1591 0.1064, -0.072 -0.1591 0.1052, -0.0738 -0.1591 0.1061, -0.0737 -0.1591 0.104, -0.0749 -0.1591 0.1054, -0.0755 -0.1591 0.1032, -0.0762 -0.1591 0.105, -0.0783 -0.1591 0.1029, -0.0783 -0.1591 0.1047, -0.0827 -0.1591 0.1029, -0.0806 -0.1591 0.1047, -0.0827 -0.1589 0.1189, -0.0806 -0.1589 0.1171, -0.0781 -0.1589 0.1189, -0.0782 -0.1589 0.1171, -0.0756 -0.1589 0.1186, -0.0761 -0.1589 0.1168, -0.0737 -0.1589 0.1179, -0.0747 -0.1589 0.1163, -0.072 -0.1589 0.1168, -0.0736 -0.1589 0.1156, -0.0715 -0.1589 0.1163, -0.073 -0.1589 0.115, -0.0705 -0.159 0.1149, -0.0724 -0.159 0.1141, -0.0699 -0.159 0.1134, -0.072 -0.159 0.1129, -0.0696 -0.159 0.1111, -0.0718 -0.159 0.1111, -0.0697 -0.159 0.1101, -0.0718 -0.159 0.11, -0.0701 -0.159 0.1082, -0.0722 -0.159 0.1086, -0.0708 -0.1591 0.1066, -0.0783 -0.1552 0.1029, -0.0827 -0.1552 0.1029, -0.0755 -0.1552 0.1032, -0.0737 -0.1552 0.1039, -0.072 -0.1551 0.1051, -0.0708 -0.1551 0.1065, -0.0701 -0.1551 0.1082, -0.0697 -0.1551 0.1101, -0.0696 -0.1551 0.1111, -0.0699 -0.155 0.1133, -0.0705 -0.155 0.1148, -0.0715 -0.155 0.1162, -0.072 -0.155 0.1167, -0.0737 -0.155 0.1179, -0.0756 -0.155 0.1186, -0.0781 -0.155 0.1189, -0.0827 -0.155 0.1189, -0.0782 -0.155 0.117, -0.0806 -0.155 0.117, -0.0806 -0.1552 0.1047, -0.0783 -0.1552 0.1047, -0.0735 -0.1551 0.1063, -0.0738 -0.1551 0.1061, -0.0749 -0.1551 0.1054, -0.0762 -0.1552 0.1049, -0.0718 -0.1551 0.111, -0.0718 -0.1551 0.11, -0.0722 -0.1551 0.1085, -0.0727 -0.1551 0.1073, -0.0736 -0.155 0.1155, -0.073 -0.155 0.115, -0.0724 -0.155 0.1141, -0.072 -0.155 0.1128, -0.0761 -0.155 0.1168, -0.0747 -0.155 0.1163
            ]
        }
        coordIndex [
            0,1,2,-1,3,4,5,-1,3,5,6,-1,6,5,7,-1,6,7,2,-1,2,7,8,-1,2,8,0,-1,9,1,10,-1,10,1,0,-1,10,11,9,-1,9,11,12,-1,13,14,15,-1,15,14,12,-1,15,12,16,-1,16,12,11,-1,13,17,14,-1,14,17,18,-1,17,19,18,-1,18,19,20,-1,18,20,21,-1,21,20,22,-1,21,22,23,-1,23,22,24,-1,23,24,25,-1,25,24,26,-1,25,26,27,-1,27,26,28,-1,27,28,29,-1,29,28,30,-1,29,30,31,-1,31,30,32,-1,31,32,33,-1,33,32,34,-1,33,34,35,-1,35,34,36,-1,35,36,37,-1,37,36,38,-1,37,38,39,-1,39,38,40,-1,39,40,41,-1,41,40,42,-1,41,42,43,-1,43,42,44,-1,43,44,45,-1,45,44,46,-1,45,46,47,-1,47,46,48,-1,47,48,49,-1,49,48,50,-1,49,50,51,-1,51,50,52,-1,51,52,53,-1,53,52,54,-1,53,54,55,-1,55,54,56,-1,55,56,57,-1,57,56,58,-1,57,58,59,-1,59,58,60,-1,59,60,61,-1,61,60,62,-1,61,62,63,-1,63,62,64,-1,63,64,65,-1,65,64,66,-1,65,66,67,-1,67,66,68,-1,67,68,69,-1,69,68,70,-1,69,70,71,-1,71,70,72,-1,71,72,73,-1,73,72,74,-1,73,74,75,-1,76,75,77,-1,77,75,74,-1,76,77,78,-1,76,78,79,-1,79,78,80,-1,79,80,81,-1,81,80,82,-1,81,82,83,-1,83,82,84,-1,83,84,85,-1,85,84,86,-1,85,86,87,-1,86,88,87,-1,87,88,89,-1,88,90,89,-1,89,90,91,-1,89,91,92,-1,92,91,93,-1,92,93,94,-1,94,93,95,-1,94,95,96,-1,96,95,97,-1,96,97,98,-1,98,97,99,-1,98,99,100,-1,100,99,101,-1,100,101,102,-1,103,104,105,-1,102,101,106,-1,102,106,107,-1,107,106,108,-1,107,108,105,-1,105,108,109,-1,105,109,103,-1,104,103,110,-1,104,110,111,-1,111,110,112,-1,111,112,113,-1,113,112,114,-1,113,114,115,-1,115,114,116,-1,115,116,117,-1,117,116,118,-1,117,118,119,-1,119,118,120,-1,119,120,121,-1,121,120,122,-1,121,122,123,-1,123,122,124,-1,123,124,125,-1,125,124,126,-1,125,126,127,-1,127,126,128,-1,127,128,129,-1,129,128,130,-1,129,130,131,-1,131,130,132,-1,131,132,133,-1,133,132,134,-1,133,134,135,-1,135,134,4,-1,135,4,3,-1,59,61,87,-1,87,61,85,-1,85,61,63,-1,85,63,83,-1,125,25,27,-1,111,43,104,-1,104,43,45,-1,125,27,123,-1,123,27,29,-1,123,29,121,-1,121,29,31,-1,121,31,119,-1,119,31,33,-1,119,33,117,-1,117,33,35,-1,117,35,115,-1,115,35,37,-1,115,37,113,-1,113,37,39,-1,113,39,111,-1,111,39,41,-1,111,41,43,-1,25,125,23,-1,23,125,127,-1,23,127,21,-1,14,3,12,-1,12,3,6,-1,12,6,9,-1,9,6,2,-1,9,2,1,-1,63,65,83,-1,83,65,67,-1,83,67,81,-1,81,67,69,-1,81,69,79,-1,79,69,71,-1,79,71,76,-1,76,71,73,-1,76,73,75,-1,127,129,21,-1,21,129,131,-1,21,131,18,-1,18,131,133,-1,18,133,14,-1,14,133,135,-1,14,135,3,-1,87,89,59,-1,59,89,92,-1,59,92,57,-1,57,92,94,-1,57,94,55,-1,55,94,96,-1,55,96,53,-1,53,96,98,-1,53,98,51,-1,51,98,100,-1,51,100,49,-1,49,100,102,-1,49,102,47,-1,47,102,107,-1,47,107,45,-1,45,107,105,-1,45,105,104,-1,136,137,138,-1,138,137,139,-1,140,136,141,-1,141,136,138,-1,140,141,142,-1,140,142,143,-1,143,142,144,-1,143,144,145,-1,146,145,147,-1,147,145,144,-1,148,146,149,-1,149,146,147,-1,148,149,150,-1,150,149,151,-1,150,151,152,-1,153,150,154,-1,154,150,152,-1,153,154,155,-1,155,154,156,-1,155,156,157,-1,158,159,160,-1,160,159,155,-1,160,155,157,-1,158,161,159,-1,159,161,162,-1,161,163,162,-1,162,163,164,-1,162,164,165,-1,165,164,166,-1,165,166,167,-1,167,166,168,-1,167,168,169,-1,169,168,170,-1,169,170,171,-1,171,170,172,-1,171,172,173,-1,173,172,174,-1,173,174,175,-1,175,174,176,-1,175,176,177,-1,178,177,179,-1,179,177,176,-1,178,179,180,-1,178,180,181,-1,181,180,182,-1,181,182,183,-1,183,182,184,-1,183,184,185,-1,185,184,186,-1,185,186,187,-1,186,188,187,-1,187,188,189,-1,187,189,190,-1,190,189,191,-1,190,191,192,-1,192,191,193,-1,192,193,194,-1,194,193,195,-1,194,195,196,-1,139,137,197,-1,197,137,196,-1,197,196,195,-1,143,145,196,-1,137,136,196,-1,196,136,140,-1,196,140,143,-1,150,153,148,-1,148,153,155,-1,148,155,146,-1,165,167,187,-1,183,173,181,-1,181,173,175,-1,181,175,178,-1,178,175,177,-1,145,146,196,-1,196,146,155,-1,196,155,194,-1,187,167,185,-1,185,167,169,-1,185,169,183,-1,183,169,171,-1,183,171,173,-1,155,159,194,-1,194,159,162,-1,194,162,192,-1,192,162,165,-1,192,165,190,-1,190,165,187,-1,198,199,200,-1,200,199,201,-1,198,200,202,-1,202,200,203,-1,202,203,204,-1,205,202,206,-1,206,202,204,-1,205,206,207,-1,207,206,208,-1,207,208,209,-1,210,207,211,-1,211,207,209,-1,212,213,214,-1,214,213,210,-1,214,210,211,-1,215,213,216,-1,216,213,212,-1,217,218,219,-1,219,218,215,-1,219,215,216,-1,220,218,221,-1,221,218,217,-1,222,223,224,-1,224,223,220,-1,224,220,221,-1,225,223,226,-1,226,223,222,-1,225,226,199,-1,199,226,227,-1,199,227,201,-1,225,199,198,-1,198,202,225,-1,225,202,205,-1,225,205,223,-1,218,220,215,-1,215,220,223,-1,215,223,213,-1,213,223,205,-1,213,205,210,-1,210,205,207,-1,228,229,230,-1,230,229,231,-1,230,231,232,-1,232,231,233,-1,232,233,234,-1,234,233,235,-1,234,235,236,-1,236,235,237,-1,236,237,238,-1,238,237,239,-1,238,239,240,-1,240,239,241,-1,240,241,242,-1,242,241,243,-1,242,243,244,-1,244,243,245,-1,244,245,246,-1,246,245,247,-1,246,247,248,-1,248,247,249,-1,248,249,250,-1,250,249,251,-1,250,251,252,-1,252,251,253,-1,252,253,254,-1,254,253,255,-1,254,255,256,-1,256,255,257,-1,256,257,258,-1,258,257,259,-1,258,259,260,-1,260,259,261,-1,260,261,262,-1,262,261,228,-1,262,228,230,-1,236,238,263,-1,263,238,264,-1,236,263,265,-1,236,265,234,-1,234,265,266,-1,234,266,232,-1,232,266,267,-1,232,267,230,-1,230,267,268,-1,230,268,262,-1,262,268,269,-1,262,269,260,-1,260,269,270,-1,260,270,258,-1,258,270,271,-1,258,271,256,-1,256,271,272,-1,256,272,254,-1,254,272,273,-1,254,273,252,-1,252,273,274,-1,252,274,250,-1,250,274,275,-1,250,275,248,-1,248,275,276,-1,248,276,246,-1,246,276,277,-1,246,277,244,-1,244,277,278,-1,244,278,242,-1,240,242,279,-1,279,242,278,-1,238,240,264,-1,264,240,279,-1,243,241,280,-1,280,241,281,-1,241,239,281,-1,281,239,282,-1,239,237,282,-1,282,237,283,-1,229,284,285,-1,229,285,231,-1,231,285,286,-1,231,286,233,-1,233,286,287,-1,233,287,235,-1,235,287,283,-1,235,283,237,-1,257,288,289,-1,257,289,259,-1,259,289,290,-1,259,290,261,-1,261,290,291,-1,261,291,228,-1,228,291,284,-1,228,284,229,-1,249,292,293,-1,249,293,251,-1,251,293,294,-1,251,294,253,-1,253,294,295,-1,253,295,255,-1,255,295,288,-1,255,288,257,-1,243,280,296,-1,243,296,245,-1,245,296,297,-1,245,297,247,-1,247,297,292,-1,247,292,249,-1,
        ]
    }
}
Shape{
    appearance Appearance {
        material  Material {
            diffuseColor 1.0 1.0 1.0
            specularColor 0.5019607843137255 0.5019607843137255 0.5019607843137255
            ambientIntensity 1.0
            transparency 0.0
            shininess 0.5
        }
    }
    geometry IndexedFaceSet {
        ccw TRUE
        solid FALSE
        coord DEF co Coordinate {
            point [
                -0.0806 -0.155 0.117, -0.0806 -0.1552 0.1047, -0.0782 -0.155 0.117, -0.0783 -0.1552 0.1047, -0.0762 -0.1552 0.1049, -0.0749 -0.1551 0.1054, -0.0738 -0.1551 0.1061, -0.0735 -0.1551 0.1063, -0.0727 -0.1551 0.1073, -0.0722 -0.1551 0.1085, -0.0718 -0.1551 0.11, -0.0718 -0.1551 0.111, -0.072 -0.155 0.1128, -0.0724 -0.155 0.1141, -0.073 -0.155 0.115, -0.0736 -0.155 0.1155, -0.0761 -0.155 0.1168, -0.0747 -0.155 0.1163
            ]
        }
        coordIndex [
            0,1,2,-1,2,1,3,-1,2,3,4,-1,4,5,2,-1,2,5,6,-1,2,6,7,-1,7,8,2,-1,2,8,9,-1,2,9,10,-1,10,11,2,-1,2,11,12,-1,2,12,13,-1,13,14,2,-1,2,14,15,-1,2,15,16,-1,16,15,17,-1,
        ]
    }
}
Shape{
    appearance Appearance {
        material  Material {
            diffuseColor 0.0 0.0 0.0
            specularColor 0.0 0.0 0.0
            ambientIntensity 0.0
            transparency 0.0
            shininess 0.5
        }
    }
    geometry IndexedFaceSet {
        ccw TRUE
        solid FALSE
        coord DEF co Coordinate {
            point [
                -0.0643 -0.159 0.1091, -0.0649 -0.1591 0.1073, -0.0589 -0.159 0.1091, -0.0582 -0.1591 0.1073, -0.0619 -0.1589 0.1158, -0.0626 -0.1589 0.1189, -0.0687 -0.1591 0.1029, -0.0664 -0.1591 0.1029, -0.0617 -0.1589 0.1162, -0.0616 -0.1589 0.1169, -0.0604 -0.1589 0.1189, -0.0615 -0.1589 0.1169, -0.0614 -0.1589 0.1162, -0.0613 -0.1589 0.1158, -0.0543 -0.1591 0.1029, -0.0566 -0.1591 0.1029, -0.0604 -0.155 0.1189, -0.0543 -0.1552 0.1029, -0.0626 -0.155 0.1189, -0.0687 -0.1552 0.1029, -0.0664 -0.1552 0.1029, -0.0649 -0.1551 0.1072, -0.0582 -0.1551 0.1072, -0.0566 -0.1552 0.1029, -0.0643 -0.1551 0.109, -0.0589 -0.1551 0.109, -0.0613 -0.155 0.1157, -0.0615 -0.155 0.1168, -0.0614 -0.155 0.1161, -0.0616 -0.155 0.1168, -0.0619 -0.155 0.1157, -0.0617 -0.155 0.1162
            ]
        }
        coordIndex [
            0,1,2,-1,2,1,3,-1,4,5,0,-1,0,5,6,-1,0,6,1,-1,1,6,7,-1,4,8,5,-1,5,8,9,-1,5,9,10,-1,10,9,11,-1,10,11,12,-1,12,13,10,-1,10,13,2,-1,10,2,14,-1,14,2,3,-1,14,3,15,-1,10,14,16,-1,16,14,17,-1,5,10,18,-1,18,10,16,-1,6,5,19,-1,19,5,18,-1,7,6,20,-1,20,6,19,-1,1,7,21,-1,21,7,20,-1,3,1,22,-1,22,1,21,-1,15,3,23,-1,23,3,22,-1,14,15,17,-1,17,15,23,-1,0,2,24,-1,24,2,25,-1,2,13,25,-1,25,13,26,-1,11,27,28,-1,11,28,12,-1,12,28,26,-1,12,26,13,-1,11,9,27,-1,27,9,29,-1,4,30,31,-1,4,31,8,-1,8,31,29,-1,8,29,9,-1,4,0,30,-1,30,0,24,-1,
        ]
    }
}
Shape{
    appearance Appearance {
        material  Material {
            diffuseColor 1.0 1.0 1.0
            specularColor 0.5019607843137255 0.5019607843137255 0.5019607843137255
            ambientIntensity 1.0
            transparency 0.0
            shininess 0.5
        }
    }
    geometry IndexedFaceSet {
        ccw TRUE
        solid FALSE
        coord DEF co Coordinate {
            point [
                -0.0615 -0.155 0.1168, -0.0616 -0.155 0.1168, -0.0614 -0.155 0.1161, -0.0617 -0.155 0.1162, -0.0613 -0.155 0.1157, -0.0619 -0.155 0.1157, -0.0589 -0.1551 0.109, -0.0643 -0.1551 0.109
            ]
        }
        coordIndex [
            0,1,2,-1,2,1,3,-1,2,3,4,-1,4,3,5,-1,4,5,6,-1,6,5,7,-1,
        ]
    }
}
Shape{
    appearance Appearance {
        material  Material {
            diffuseColor 0.0 0.0 0.0
            specularColor 0.0 0.0 0.0
            ambientIntensity 0.0
            transparency 0.0
            shininess 0.5
        }
    }
    geometry IndexedFaceSet {
        ccw TRUE
        solid FALSE
        coord DEF co Coordinate {
            point [
                -0.2094 -0.1591 0.1006, -0.2077 -0.1592 0.0986, -0.2104 -0.159 0.1107, -0.2124 -0.1587 0.1305, -0.2098 -0.1587 0.1318, -0.2105 -0.1586 0.1388, -0.1904 -0.1592 0.1002, -0.189 -0.1591 0.1028, -0.1884 -0.1591 0.1056, -0.206 -0.1586 0.1394, -0.1724 -0.1589 0.1163, -0.1759 -0.1588 0.1223, -0.1883 -0.159 0.1079, -0.1912 -0.159 0.1144, -0.1883 -0.1591 0.1067, -0.1944 -0.1592 0.0966, -0.1921 -0.1592 0.0982, -0.2028 -0.1591 0.1033, -0.2019 -0.1591 0.1027, -0.2055 -0.1592 0.0969, -0.2008 -0.1591 0.1023, -0.1957 -0.159 0.1084, -0.1954 -0.1591 0.1073, -0.1954 -0.1591 0.1062, -0.1956 -0.1591 0.1051, -0.1961 -0.1591 0.1041, -0.2033 -0.1586 0.1392, -0.1998 -0.1587 0.1309, -0.1984 -0.1587 0.134, -0.2129 -0.159 0.1122, -0.212 -0.1591 0.1035, -0.2105 -0.1591 0.1031, -0.201 -0.1586 0.1419, -0.1959 -0.1586 0.1371, -0.1983 -0.1585 0.1442, -0.1928 -0.1586 0.1395, -0.1956 -0.1585 0.1459, -0.207 -0.1587 0.1325, -0.2058 -0.1587 0.1326, -0.2046 -0.1586 0.1393, -0.2032 -0.1587 0.1322, -0.2007 -0.1587 0.1313, -0.2042 -0.1591 0.1062, -0.204 -0.1591 0.1051, -0.2035 -0.1591 0.1042, -0.2028 -0.1592 0.0958, -0.2001 -0.1592 0.0953, -0.1998 -0.1591 0.1022, -0.1997 -0.1592 0.0953, -0.1987 -0.1591 0.1023, -0.1969 -0.1592 0.0957, -0.1977 -0.1591 0.1027, -0.1969 -0.1591 0.1033, -0.1686 -0.1588 0.1276, -0.1677 -0.1588 0.1276, -0.163 -0.1587 0.1337, -0.1655 -0.1588 0.1273, -0.162 -0.1587 0.1334, -0.1636 -0.1588 0.1265, -0.1587 -0.1587 0.1316, -0.1618 -0.1588 0.1253, -0.1557 -0.1588 0.1289, -0.1605 -0.1588 0.1238, -0.1535 -0.1588 0.1256, -0.1594 -0.1589 0.1218, -0.1522 -0.1589 0.1221, -0.1589 -0.1589 0.1197, -0.1518 -0.1589 0.1188, -0.1588 -0.1589 0.1187, -0.1518 -0.1589 0.1179, -0.1591 -0.1589 0.1165, -0.1734 -0.1591 0.1029, -0.1731 -0.1591 0.1029, -0.1721 -0.159 0.1098, -0.1903 -0.1585 0.1479, -0.1891 -0.1586 0.1411, -0.1847 -0.1585 0.1486, -0.2169 -0.1588 0.1239, -0.2244 -0.1589 0.122, -0.2172 -0.1589 0.1212, -0.2244 -0.1589 0.121, -0.2171 -0.1589 0.1195, -0.2238 -0.1589 0.1165, -0.2163 -0.1589 0.1167, -0.2222 -0.159 0.1122, -0.2149 -0.159 0.1143, -0.2196 -0.159 0.1085, -0.2161 -0.1591 0.1055, -0.167 -0.159 0.1098, -0.1663 -0.1591 0.1029, -0.165 -0.159 0.1102, -0.163 -0.1591 0.1035, -0.163 -0.159 0.1111, -0.1595 -0.1591 0.1051, -0.1613 -0.159 0.1125, -0.1565 -0.1591 0.1075, -0.1611 -0.159 0.1127, -0.156 -0.159 0.108, -0.1599 -0.159 0.1144, -0.154 -0.159 0.1107, -0.1524 -0.159 0.1142, -0.1692 -0.1586 0.1427, -0.1725 -0.1587 0.1363, -0.1654 -0.1586 0.1384, -0.1702 -0.1587 0.133, -0.1689 -0.1588 0.1291, -0.2147 -0.1586 0.1372, -0.2183 -0.1587 0.1346, -0.2143 -0.1588 0.1287, -0.2191 -0.1587 0.1339, -0.2159 -0.1588 0.1265, -0.2218 -0.1587 0.1304, -0.2236 -0.1588 0.1263, -0.2042 -0.1591 0.1073, -0.2039 -0.159 0.1084, -0.2091 -0.159 0.1132, -0.2033 -0.159 0.1093, -0.2072 -0.1589 0.1153, -0.2028 -0.159 0.1099, -0.2049 -0.1589 0.1169, -0.2019 -0.159 0.1105, -0.2024 -0.1589 0.1179, -0.2009 -0.159 0.1109, -0.1997 -0.1589 0.1182, -0.1998 -0.159 0.111, -0.1983 -0.1589 0.1181, -0.199 -0.159 0.111, -0.1956 -0.1589 0.1175, -0.198 -0.159 0.1106, -0.1931 -0.1589 0.1162, -0.197 -0.159 0.1101, -0.1963 -0.159 0.1093, -0.1854 -0.1586 0.1418, -0.1846 -0.1586 0.1418, -0.18 -0.1585 0.1481, -0.1812 -0.1586 0.1414, -0.1743 -0.1585 0.1461, -0.1776 -0.1586 0.1402, -0.1743 -0.1586 0.1381, -0.1763 -0.1591 0.1056, -0.176 -0.1591 0.1049, -0.1727 -0.159 0.1099, -0.1755 -0.1591 0.1041, -0.1749 -0.1591 0.1036, -0.1724 -0.159 0.1098, -0.1741 -0.1591 0.1031, -0.1764 -0.1591 0.1064, -0.1728 -0.159 0.1099, -0.1763 -0.1591 0.1068, -0.1736 -0.159 0.1098, -0.1744 -0.159 0.1095, -0.1751 -0.159 0.1091, -0.1757 -0.159 0.1084, -0.1761 -0.1591 0.1076, -0.1518 -0.155 0.1187, -0.1522 -0.1549 0.122, -0.1527 -0.1549 0.1234, -0.1535 -0.1549 0.1255, -0.1557 -0.1548 0.1288, -0.1587 -0.1548 0.1315, -0.162 -0.1548 0.1333, -0.163 -0.1548 0.1336, -0.1654 -0.1547 0.1383, -0.1692 -0.1546 0.1426, -0.1718 -0.1546 0.1444, -0.1743 -0.1546 0.1461, -0.18 -0.1545 0.1481, -0.1847 -0.1545 0.1486, -0.1983 -0.1546 0.1441, -0.1979 -0.1546 0.1444, -0.1956 -0.1546 0.1458, -0.1903 -0.1546 0.1479, -0.201 -0.1546 0.1418, -0.2033 -0.1547 0.1391, -0.2046 -0.1547 0.1393, -0.206 -0.1547 0.1393, -0.2105 -0.1547 0.1388, -0.2147 -0.1547 0.1371, -0.2183 -0.1547 0.1346, -0.2191 -0.1547 0.1339, -0.2244 -0.1549 0.1209, -0.2218 -0.1548 0.1303, -0.2236 -0.1549 0.1262, -0.2241 -0.1549 0.1234, -0.2244 -0.1549 0.122, -0.2238 -0.155 0.1164, -0.2222 -0.1551 0.1122, -0.2196 -0.1551 0.1085, -0.2161 -0.1551 0.1055, -0.212 -0.1552 0.1035, -0.2105 -0.1552 0.103, -0.2104 -0.1552 0.1027, -0.2094 -0.1552 0.1006, -0.2077 -0.1552 0.0985, -0.2055 -0.1553 0.0968, -0.2044 -0.1553 0.0964, -0.2028 -0.1553 0.0957, -0.2001 -0.1553 0.0953, -0.1997 -0.1553 0.0953, -0.1883 -0.1551 0.1067, -0.1969 -0.1553 0.0956, -0.195 -0.1553 0.0964, -0.1944 -0.1553 0.0966, -0.1921 -0.1552 0.0982, -0.1904 -0.1552 0.1002, -0.189 -0.1552 0.1027, -0.189 -0.1552 0.1027, -0.1884 -0.1551 0.1055, -0.1883 -0.1551 0.1078, -0.1724 -0.155 0.1162, -0.1759 -0.1549 0.1223, -0.1912 -0.155 0.1143, -0.1931 -0.155 0.1161, -0.1956 -0.155 0.1174, -0.1983 -0.155 0.1181, -0.1997 -0.155 0.1182, -0.2024 -0.155 0.1178, -0.2049 -0.155 0.1169, -0.2072 -0.155 0.1153, -0.2091 -0.155 0.1131, -0.2104 -0.1551 0.1107, -0.2129 -0.1551 0.1122, -0.2149 -0.155 0.1143, -0.2163 -0.155 0.1166, -0.2171 -0.1549 0.1194, -0.2172 -0.1549 0.1211, -0.2169 -0.1549 0.1234, -0.2169 -0.1549 0.1239, -0.2159 -0.1549 0.1264, -0.2143 -0.1548 0.1287, -0.2124 -0.1548 0.1305, -0.2098 -0.1548 0.1318, -0.207 -0.1548 0.1325, -0.2058 -0.1548 0.1325, -0.2032 -0.1548 0.1322, -0.2007 -0.1548 0.1313, -0.1998 -0.1548 0.1308, -0.1984 -0.1547 0.1339, -0.1959 -0.1547 0.1371, -0.1928 -0.1547 0.1395, -0.1891 -0.1546 0.1411, -0.1854 -0.1546 0.1417, -0.1846 -0.1546 0.1417, -0.1812 -0.1546 0.1414, -0.1776 -0.1547 0.1401, -0.1743 -0.1547 0.138, -0.1725 -0.1547 0.1362, -0.1702 -0.1548 0.1329, -0.1689 -0.1548 0.1291, -0.1686 -0.1548 0.1275, -0.1677 -0.1548 0.1275, -0.1655 -0.1548 0.1272, -0.1636 -0.1549 0.1265, -0.1618 -0.1549 0.1252, -0.1605 -0.1549 0.1238, -0.1603 -0.1549 0.1234, -0.1594 -0.1549 0.1218, -0.1589 -0.1549 0.1196, -0.1588 -0.155 0.1186, -0.1591 -0.155 0.1164, -0.1599 -0.155 0.1144, -0.1611 -0.155 0.1126, -0.1613 -0.155 0.1124, -0.163 -0.1551 0.1111, -0.165 -0.1551 0.1101, -0.167 -0.1551 0.1097, -0.1721 -0.1551 0.1097, -0.1724 -0.1551 0.1098, -0.1727 -0.1551 0.1098, -0.1728 -0.1551 0.1099, -0.1736 -0.1551 0.1098, -0.1744 -0.1551 0.1095, -0.1751 -0.1551 0.109, -0.1757 -0.1551 0.1084, -0.1761 -0.1551 0.1076, -0.1763 -0.1551 0.1067, -0.1764 -0.1551 0.1063, -0.1763 -0.1551 0.1056, -0.176 -0.1552 0.1048, -0.1755 -0.1552 0.1041, -0.1749 -0.1552 0.1035, -0.1741 -0.1552 0.1031, -0.1734 -0.1552 0.1028, -0.1731 -0.1552 0.1028, -0.1663 -0.1552 0.1028, -0.163 -0.1552 0.1034, -0.1595 -0.1552 0.105, -0.1565 -0.1551 0.1074, -0.156 -0.1551 0.1079, -0.154 -0.1551 0.1106, -0.1524 -0.155 0.1142, -0.1518 -0.155 0.1179, -0.1998 -0.1551 0.111, -0.199 -0.1551 0.1109, -0.198 -0.1551 0.1106, -0.197 -0.1551 0.11, -0.1963 -0.1551 0.1092, -0.1957 -0.1551 0.1083, -0.1954 -0.1551 0.1073, -0.1954 -0.1551 0.1062, -0.1956 -0.1552 0.1051, -0.1961 -0.1552 0.1041, -0.1969 -0.1552 0.1032, -0.1977 -0.1552 0.1026, -0.1987 -0.1552 0.1022, -0.1998 -0.1552 0.1021, -0.2008 -0.1552 0.1022, -0.2019 -0.1552 0.1026, -0.2028 -0.1552 0.1033, -0.2035 -0.1552 0.1041, -0.204 -0.1552 0.105, -0.2042 -0.1551 0.1061, -0.2042 -0.1551 0.1072, -0.2039 -0.1551 0.1083, -0.2033 -0.1551 0.1093, -0.2028 -0.1551 0.1099, -0.2019 -0.1551 0.1105, -0.2009 -0.1551 0.1109
            ]
        }
        coordIndex [
            0,1,2,-1,3,4,5,-1,6,7,8,-1,5,4,9,-1,10,11,12,-1,12,11,13,-1,12,13,14,-1,14,13,15,-1,14,15,8,-1,8,15,16,-1,8,16,6,-1,17,1,18,-1,18,1,19,-1,18,19,20,-1,21,22,13,-1,13,22,23,-1,13,23,15,-1,15,23,24,-1,15,24,25,-1,26,27,28,-1,29,30,2,-1,2,30,31,-1,2,31,0,-1,26,28,32,-1,32,28,33,-1,32,33,34,-1,34,33,35,-1,34,35,36,-1,4,37,9,-1,9,37,38,-1,9,38,39,-1,39,38,40,-1,39,40,26,-1,26,40,41,-1,26,41,27,-1,42,2,43,-1,43,2,1,-1,43,1,44,-1,44,1,17,-1,19,45,20,-1,20,45,46,-1,20,46,47,-1,47,46,48,-1,47,48,49,-1,49,48,50,-1,49,50,51,-1,51,50,15,-1,51,15,52,-1,52,15,25,-1,53,54,55,-1,55,54,56,-1,55,56,57,-1,57,56,58,-1,57,58,59,-1,59,58,60,-1,59,60,61,-1,61,60,62,-1,61,62,63,-1,63,62,64,-1,63,64,65,-1,65,64,66,-1,65,66,67,-1,67,66,68,-1,67,68,69,-1,69,68,70,-1,71,72,73,-1,36,35,74,-1,74,35,75,-1,74,75,76,-1,77,78,79,-1,79,78,80,-1,79,80,81,-1,81,80,82,-1,81,82,83,-1,83,82,84,-1,83,84,85,-1,85,84,86,-1,85,86,29,-1,29,86,87,-1,29,87,30,-1,73,72,88,-1,88,72,89,-1,88,89,90,-1,90,89,91,-1,90,91,92,-1,92,91,93,-1,92,93,94,-1,94,93,95,-1,94,95,96,-1,96,95,97,-1,96,97,98,-1,98,97,99,-1,98,99,70,-1,70,99,100,-1,70,100,69,-1,101,102,103,-1,103,102,104,-1,103,104,55,-1,55,104,105,-1,55,105,53,-1,5,106,3,-1,3,106,107,-1,3,107,108,-1,108,107,109,-1,108,109,110,-1,110,109,111,-1,110,111,77,-1,77,111,112,-1,77,112,78,-1,42,113,2,-1,2,113,114,-1,2,114,115,-1,115,114,116,-1,115,116,117,-1,117,116,118,-1,117,118,119,-1,119,118,120,-1,119,120,121,-1,121,120,122,-1,121,122,123,-1,123,122,124,-1,123,124,125,-1,125,124,126,-1,125,126,127,-1,127,126,128,-1,127,128,129,-1,129,128,130,-1,129,130,13,-1,13,130,131,-1,13,131,21,-1,75,132,76,-1,76,132,133,-1,76,133,134,-1,134,133,135,-1,134,135,136,-1,136,135,137,-1,136,137,101,-1,101,137,138,-1,101,138,102,-1,139,140,141,-1,141,140,142,-1,141,142,143,-1,73,144,71,-1,71,144,141,-1,71,141,145,-1,145,141,143,-1,139,141,146,-1,146,141,147,-1,146,147,148,-1,148,147,149,-1,148,149,150,-1,150,151,148,-1,148,151,152,-1,148,152,153,-1,67,154,155,-1,67,155,65,-1,65,155,156,-1,65,156,63,-1,156,157,63,-1,63,157,158,-1,63,158,61,-1,61,158,159,-1,61,159,59,-1,59,159,160,-1,59,160,57,-1,57,160,161,-1,57,161,55,-1,55,161,162,-1,55,162,103,-1,103,162,163,-1,103,163,101,-1,101,163,136,-1,136,163,164,-1,164,165,136,-1,136,165,166,-1,136,166,134,-1,134,166,167,-1,134,167,76,-1,168,34,169,-1,169,34,36,-1,169,36,170,-1,170,36,74,-1,170,74,171,-1,171,74,76,-1,171,76,167,-1,34,168,172,-1,34,172,32,-1,32,172,173,-1,32,173,26,-1,26,173,174,-1,26,174,39,-1,39,174,175,-1,39,175,9,-1,9,175,176,-1,9,176,5,-1,5,176,177,-1,5,177,106,-1,106,177,178,-1,106,178,107,-1,107,178,179,-1,107,179,109,-1,180,80,78,-1,109,179,181,-1,109,181,111,-1,111,181,182,-1,111,182,112,-1,112,182,183,-1,112,183,78,-1,78,183,184,-1,78,184,180,-1,80,180,185,-1,80,185,82,-1,82,185,186,-1,82,186,84,-1,84,186,187,-1,84,187,86,-1,86,187,188,-1,86,188,87,-1,87,188,189,-1,87,189,30,-1,30,189,190,-1,30,190,31,-1,31,190,191,-1,31,191,0,-1,191,192,0,-1,0,192,193,-1,0,193,1,-1,1,193,194,-1,1,194,19,-1,19,194,195,-1,19,195,45,-1,195,196,45,-1,45,196,197,-1,45,197,46,-1,46,197,198,-1,46,198,48,-1,199,14,8,-1,48,198,200,-1,48,200,50,-1,50,200,201,-1,50,201,15,-1,201,202,15,-1,15,202,203,-1,15,203,16,-1,16,203,204,-1,16,204,6,-1,6,204,205,-1,6,205,7,-1,7,205,206,-1,7,206,8,-1,8,206,207,-1,8,207,199,-1,12,14,208,-1,208,14,199,-1,10,12,209,-1,209,12,208,-1,11,10,210,-1,210,10,209,-1,13,11,211,-1,211,11,210,-1,13,211,212,-1,13,212,129,-1,129,212,213,-1,129,213,127,-1,127,213,214,-1,127,214,125,-1,125,214,215,-1,125,215,123,-1,123,215,216,-1,123,216,121,-1,121,216,217,-1,121,217,119,-1,119,217,218,-1,119,218,117,-1,117,218,219,-1,117,219,115,-1,115,219,220,-1,115,220,2,-1,2,220,221,-1,2,221,29,-1,29,221,222,-1,29,222,85,-1,85,222,223,-1,85,223,83,-1,83,223,224,-1,83,224,81,-1,81,224,225,-1,81,225,79,-1,225,226,79,-1,79,226,77,-1,226,227,77,-1,77,227,228,-1,77,228,110,-1,110,228,229,-1,110,229,108,-1,108,229,230,-1,108,230,3,-1,3,230,231,-1,3,231,4,-1,4,231,232,-1,4,232,37,-1,37,232,233,-1,37,233,38,-1,38,233,234,-1,38,234,40,-1,40,234,235,-1,40,235,41,-1,41,235,236,-1,41,236,27,-1,27,236,237,-1,27,237,28,-1,28,237,238,-1,28,238,33,-1,33,238,239,-1,33,239,35,-1,35,239,240,-1,35,240,75,-1,75,240,241,-1,75,241,132,-1,132,241,242,-1,132,242,133,-1,133,242,243,-1,133,243,135,-1,135,243,244,-1,135,244,137,-1,137,244,245,-1,137,245,138,-1,138,245,246,-1,138,246,102,-1,102,246,247,-1,102,247,104,-1,104,247,248,-1,104,248,105,-1,105,248,249,-1,105,249,53,-1,54,53,250,-1,250,53,249,-1,54,250,251,-1,54,251,56,-1,56,251,252,-1,56,252,58,-1,58,252,253,-1,58,253,60,-1,60,253,254,-1,60,254,62,-1,62,254,255,-1,62,255,64,-1,255,256,64,-1,64,256,257,-1,64,257,66,-1,66,257,258,-1,66,258,68,-1,68,258,259,-1,68,259,70,-1,70,259,260,-1,70,260,98,-1,98,260,261,-1,98,261,96,-1,96,261,262,-1,96,262,94,-1,94,262,263,-1,94,263,92,-1,92,263,264,-1,92,264,90,-1,90,264,265,-1,90,265,88,-1,73,88,266,-1,266,88,265,-1,73,266,267,-1,73,267,144,-1,144,267,268,-1,144,268,141,-1,141,268,269,-1,141,269,147,-1,147,269,270,-1,147,270,149,-1,149,270,271,-1,149,271,150,-1,150,271,272,-1,150,272,151,-1,151,272,273,-1,151,273,152,-1,152,273,274,-1,152,274,153,-1,153,274,275,-1,153,275,148,-1,148,275,276,-1,148,276,146,-1,146,276,277,-1,146,277,139,-1,139,277,278,-1,139,278,140,-1,140,278,279,-1,140,279,142,-1,142,279,280,-1,142,280,143,-1,143,280,281,-1,143,281,145,-1,145,281,282,-1,145,282,71,-1,71,282,283,-1,71,283,72,-1,89,72,284,-1,284,72,283,-1,89,284,285,-1,89,285,91,-1,91,285,286,-1,91,286,93,-1,93,286,287,-1,93,287,95,-1,95,287,288,-1,95,288,97,-1,97,288,289,-1,97,289,99,-1,99,289,290,-1,99,290,100,-1,100,290,291,-1,100,291,69,-1,69,291,154,-1,69,154,67,-1,124,292,293,-1,124,293,126,-1,126,293,294,-1,126,294,128,-1,128,294,295,-1,128,295,130,-1,130,295,296,-1,130,296,131,-1,131,296,297,-1,131,297,21,-1,21,297,298,-1,21,298,22,-1,22,298,299,-1,22,299,23,-1,23,299,300,-1,23,300,24,-1,24,300,301,-1,24,301,25,-1,25,301,302,-1,25,302,52,-1,52,302,303,-1,52,303,51,-1,51,303,304,-1,51,304,49,-1,49,304,305,-1,49,305,47,-1,47,305,306,-1,47,306,20,-1,20,306,307,-1,20,307,18,-1,18,307,308,-1,18,308,17,-1,17,308,309,-1,17,309,44,-1,44,309,310,-1,44,310,43,-1,43,310,311,-1,43,311,42,-1,42,311,312,-1,42,312,113,-1,113,312,313,-1,113,313,114,-1,114,313,314,-1,114,314,116,-1,116,314,315,-1,116,315,118,-1,118,315,316,-1,118,316,120,-1,120,316,317,-1,120,317,122,-1,122,317,292,-1,122,292,124,-1,
        ]
    }
}
Shape{
    appearance Appearance {
        material  Material {
            diffuseColor 1.0 1.0 1.0
            specularColor 0.5019607843137255 0.5019607843137255 0.5019607843137255
            ambientIntensity 1.0
            transparency 0.0
            shininess 0.5
        }
    }
    geometry IndexedFaceSet {
        ccw TRUE
        solid FALSE
        coord DEF co Coordinate {
            point [
                -0.1998 -0.1552 0.1021, -0.2028 -0.1551 0.1099, -0.2033 -0.1551 0.1093, -0.1998 -0.1551 0.111, -0.199 -0.1551 0.1109, -0.1987 -0.1552 0.1022, -0.2009 -0.1551 0.1109, -0.2019 -0.1551 0.1105, -0.1969 -0.1552 0.1032, -0.1963 -0.1551 0.1092, -0.197 -0.1551 0.11, -0.204 -0.1552 0.105, -0.2035 -0.1552 0.1041, -0.2028 -0.1552 0.1033, -0.1977 -0.1552 0.1026, -0.198 -0.1551 0.1106, -0.2039 -0.1551 0.1083, -0.2042 -0.1551 0.1072, -0.2042 -0.1551 0.1061, -0.2019 -0.1552 0.1026, -0.2008 -0.1552 0.1022, -0.1956 -0.1552 0.1051, -0.1954 -0.1551 0.1062, -0.1961 -0.1552 0.1041, -0.1954 -0.1551 0.1073, -0.1957 -0.1551 0.1083
            ]
        }
        coordIndex [
            0,1,2,-1,3,0,4,-1,4,0,5,-1,3,6,0,-1,0,6,7,-1,0,7,1,-1,8,9,10,-1,11,12,2,-1,2,12,13,-1,5,14,4,-1,4,14,8,-1,4,8,15,-1,15,8,10,-1,16,17,2,-1,2,17,18,-1,2,18,11,-1,13,19,2,-1,2,19,20,-1,2,20,0,-1,21,22,23,-1,23,22,24,-1,23,24,8,-1,8,24,25,-1,8,25,9,-1,
        ]
    }
}