#VRML V2.0 utf8
# 3D model generated by kicad-lcsc-manager
# Based on easyeda2kicad.py v1.0.1

Shape{
    appearance Appearance {
        material  Material {
            diffuseColor 0.2235294117647059 0.2235294117647059 0.2235294117647059
            specularColor 0.11372549019607843 0.11372549019607843 0.11372549019607843
            ambientIntensity 0.2235
            transparency 0.0
            shininess 0.5
        }
    }
    geometry IndexedFaceSet {
        ccw TRUE
        solid FALSE
        coord DEF co Coordinate {
            point [
                6.998 0.0451 0.683, 6.998 0.0451 0.6357, 6.998 0.0664 0.6357, 6.998 0.203 0.6135, 6.998 0.2198 0.6135, 6.998 0.2198 0.6292, 6.998 0.0715 0.6417, 6.998 0.071 0.6431, 6.998 0.071 0.6292, 6.998 -0.1607 0.6825, 6.998 -0.1592 0.6834, 6.998 -0.3319 0.6834, 6.998 -0.0303 0.6416, 6.998 -0.0199 0.633, 6.998 0.0164 0.6834, 6.998 0.0164 0.6292, 6.998 -0.079 0.6882, 6.998 -0.0721 0.6834, 6.998 -0.0635 0.6776, 6.998 -0.0507 0.6627, 6.998 -0.043 0.6476, 6.998 -0.0417 0.6471, 6.998 -0.3319 1.2598, 6.998 -0.1505 0.6887, 6.998 -0.263 1.2598, 6.998 -0.1329 0.6952, 6.998 0.0164 1.2598, 6.998 -0.1152 0.6973, 6.998 -0.0979 0.6953, 6.998 -0.3319 0.6292, 6.998 -0.2422 0.6292, 6.998 -0.2392 0.6361, 6.998 -0.2298 0.6484, 6.998 -0.2278 0.6503, 6.998 -0.2158 0.6589, 6.998 -0.2018 0.6645, 6.998 -0.1861 0.6666, 6.998 -0.172 0.6724, 6.998 -0.1818 0.6663, 6.998 -0.1774 0.6658, 6.998 -0.2055 0.5467, 6.998 -0.2193 0.5533, 6.998 -0.3319 0.5445, 6.998 -0.2317 0.5637, 6.998 -0.24 0.5755, 6.998 -0.2456 0.5896, 6.998 -0.3319 0.6135, 6.998 -0.2476 0.6051, 6.998 -0.2475 0.6081, 6.998 -0.2466 0.6135, 6.998 -0.2451 0.6224, 6.998 -0.3319 0.5233, 6.998 -0.181 0.5233, 6.998 -0.1841 0.5246, 6.998 -0.2013 0.5455, 6.998 -0.2008 0.5445, 6.998 -0.1973 0.5371, 6.998 -0.1916 0.5301, 6.998 -0.3319 0.2598, 6.998 -0.3043 0.2598, 6.998 -0.3043 0.378, 6.998 0.0164 0.5233, 6.998 -0.1496 0.5233, 6.998 0.0164 0.378, 6.998 -0.1902 0.378, 6.998 -0.1557 0.5209, 6.998 -0.1653 0.5197, 6.998 -0.1663 0.5197, 6.998 -0.1753 0.521, 6.998 0.0164 0.5445, 6.998 -0.1298 0.5445, 6.998 -0.1302 0.5432, 6.998 -0.1349 0.5349, 6.998 -0.1397 0.5296, 6.998 -0.1473 0.5243, 6.998 -0.1437 0.5893, 6.998 -0.1368 0.5831, 6.998 -0.0859 0.6096, 6.998 -0.0293 0.6018, 6.998 -0.0313 0.609, 6.998 -0.034 0.6135, 6.998 -0.2227 0.6135, 6.998 -0.0786 0.5679, 6.998 -0.0757 0.5683, 6.998 -0.0742 0.5895, 6.998 -0.0753 0.5682, 6.998 -0.0071 0.5849, 6.998 -0.0055 0.5979, 6.998 0.0164 0.6135, 6.998 -0.0073 0.6107, 6.998 -0.0117 0.5728, 6.998 -0.0195 0.5618, 6.998 -0.0293 0.5534, 6.998 -0.0851 0.5635, 6.998 -0.0836 0.5652, 6.998 -0.0812 0.5669, 6.998 -0.0786 0.5451, 6.998 -0.0811 0.5461, 6.998 -0.0836 0.5478, 6.998 -0.0866 0.5609, 6.998 -0.1273 0.5614, 6.998 -0.0874 0.558, 6.998 -0.0844 0.5487, 6.998 -0.0861 0.5511, 6.998 -0.0871 0.5537, 6.998 -0.0875 0.5565, 6.998 -0.1273 0.5576, 6.998 -0.1277 0.5524, 6.998 -0.1747 0.5948, 6.998 -0.1653 0.596, 6.998 -0.161 0.5958, 6.998 -0.1518 0.5936, 6.998 -0.0742 0.568, 6.998 -0.0734 0.5679, 6.998 -0.0563 0.5679, 6.998 -0.0408 0.5476, 6.998 -0.0541 0.5447, 6.998 -0.0764 0.5447, 6.998 -0.1969 0.5788, 6.998 -0.223 0.5988, 6.998 -0.22 0.5896, 6.998 -0.2162 0.5833, 6.998 -0.2095 0.5763, 6.998 -0.2009 0.5709, 6.998 -0.2237 0.6058, 6.998 -0.1907 0.586, 6.998 -0.183 0.5915, 6.998 -0.0368 0.5773, 6.998 -0.0327 0.5831, 6.998 -0.03 0.5898, 6.998 -0.029 0.5975, 6.998 -0.0491 0.5694, 6.998 -0.0424 0.5726, 6.998 -0.0621 0.6292, 6.998 -0.2154 0.6292, 6.998 -0.0616 0.6271, 6.998 -0.2191 0.6239, 6.998 -0.2225 0.6154, 6.998 -0.0586 0.6271, 6.998 -0.0351 0.6154, 6.998 -0.0386 0.6193, 6.998 -0.0445 0.6235, 6.998 -0.0511 0.6261, 6.998 -0.1148 0.6745, 6.998 -0.1168 0.6745, 6.998 -0.1685 0.6397, 6.998 -0.1656 0.6381, 6.998 -0.1595 0.6506, 6.998 -0.1509 0.6607, 6.998 -0.1294 0.6726, 6.998 -0.1417 0.6674, 6.998 -0.177 0.6427, 6.998 -0.1857 0.6438, 6.998 -0.191 0.6434, 6.998 -0.0704 0.6507, 6.998 -0.0791 0.6608, 6.998 -0.0643 0.6386, 6.998 -0.0895 0.6681, 6.998 -0.1014 0.6728, 6.998 -0.2002 0.6409, 6.998 -0.2085 0.6362, 6.998 -0.2138 0.6314, 6.998 -0.0171 0.6292, 6.998 -0.0121 0.6223, 6.998 -0.0085 0.6135, 6.998 0.2136 0.5983, 6.998 0.203 0.5983, 6.998 0.1861 0.5983, 6.998 0.193 0.569, 6.998 0.193 0.551, 6.998 0.203 0.569, 6.998 0.203 0.551, 6.998 0.2121 0.569, 6.998 0.2148 0.551, 6.998 0.2121 0.5751, 6.998 0.2136 0.5922, 6.998 0.203 0.5751, 6.998 0.203 0.5922, 6.998 0.193 0.5751, 6.998 0.193 0.5922, 6.998 0.1719 0.5831, 6.998 0.1789 0.5831, 6.998 0.153 0.6135, 6.998 0.153 0.5738, 6.998 0.1597 0.5544, 6.998 0.1615 0.5543, 6.998 0.2198 0.5445, 6.998 0.2148 0.5449, 6.998 0.203 0.5445, 6.998 0.203 0.5449, 6.998 0.1861 0.5449, 6.998 0.1605 0.5513, 6.998 0.1607 0.5513, 6.998 0.161 0.5526, 6.998 0.113 0.5532, 6.998 0.1063 0.6135, 6.998 0.1063 0.5445, 6.998 0.1157 0.5516, 6.998 0.1161 0.5514, 6.998 0.1161 0.5656, 6.998 0.115 0.5667, 6.998 0.1141 0.5681, 6.998 0.1134 0.5702, 6.998 0.1131 0.5728, 6.998 0.1133 0.5752, 6.998 0.1161 0.5656, 6.998 0.119 0.5445, 6.998 0.1178 0.5446, 6.998 0.1161 0.5445, 6.998 0.1161 0.5452, 6.998 0.113 0.5463, 6.998 0.1234 0.544, 6.998 0.1161 0.5233, 6.998 0.1277 0.5445, 6.998 0.1405 0.5233, 6.998 0.1366 0.5616, 6.998 0.1378 0.5598, 6.998 0.137 0.5757, 6.998 0.1174 0.5809, 6.998 0.1194 0.5821, 6.998 0.1161 0.6135, 6.998 0.1405 0.5445, 6.998 0.1377 0.5505, 6.998 0.1364 0.5487, 6.998 0.1141 0.5773, 6.998 0.1154 0.5791, 6.998 0.1161 0.5798, 6.998 0.1385 0.5578, 6.998 0.1388 0.5553, 6.998 0.1385 0.5526, 6.998 0.123 0.5834, 6.998 0.1279 0.5839, 6.998 0.1405 0.6135, 6.998 0.137 0.5822, 6.998 0.1316 0.5837, 6.998 0.1345 0.5471, 6.998 0.1325 0.5459, 6.998 0.1288 0.5446, 6.998 0.1273 0.5785, 6.998 0.1253 0.5783, 6.998 0.12 0.5734, 6.998 0.1235 0.5779, 6.998 0.122 0.5771, 6.998 0.12 0.5725, 6.998 0.1203 0.5714, 6.998 0.1208 0.5705, 6.998 0.1214 0.5698, 6.998 0.1238 0.5683, 6.998 0.1317 0.578, 6.998 0.1279 0.5665, 6.998 0.1354 0.5766, 6.998 0.1305 0.5655, 6.998 0.135 0.563, 6.998 0.121 0.5762, 6.998 0.1204 0.5753, 6.998 0.1201 0.5744, 6.998 0.1199 0.55, 6.998 0.1232 0.5617, 6.998 0.1192 0.5635, 6.998 0.124 0.5495, 6.998 0.1243 0.5495, 6.998 0.1276 0.5598, 6.998 0.1278 0.5499, 6.998 0.1319 0.5546, 6.998 0.1319 0.5555, 6.998 0.1295 0.5505, 6.998 0.1301 0.5509, 6.998 0.1309 0.5516, 6.998 0.1315 0.5524, 6.998 0.1318 0.5534, 6.998 0.1316 0.5565, 6.998 0.131 0.5574, 6.998 0.1302 0.5583, 6.998 0.2698 0.6292, 6.998 0.2525 0.6296, 6.998 0.2449 0.6296, 6.998 0.2321 0.683, 6.998 0.2698 0.6834, 6.998 0.2198 0.6834, 6.998 0.2121 0.6296, 6.998 0.2044 0.6296, 6.998 0.203 0.6292, 6.998 0.2198 0.6442, 6.998 0.2172 0.6442, 6.998 0.203 0.6834, 6.998 0.2198 0.67, 6.998 0.2248 0.683, 6.998 0.1479 0.6357, 6.998 0.1479 0.6296, 6.998 0.153 0.6292, 6.998 0.1467 0.6769, 6.998 0.153 0.6834, 6.998 0.1467 0.683, 6.998 0.1405 0.6834, 6.998 0.1405 0.683, 6.998 0.1261 0.6537, 6.998 0.1261 0.6357, 6.998 0.1405 0.6537, 6.998 0.1405 0.6357, 6.998 0.1452 0.6537, 6.998 0.1452 0.6598, 6.998 0.1261 0.6769, 6.998 0.1261 0.6598, 6.998 0.1405 0.6769, 6.998 0.1405 0.6598, 6.998 0.1192 0.6296, 6.998 0.1161 0.6292, 6.998 0.1405 0.6292, 6.998 0.1405 0.6296, 6.998 0.1192 0.683, 6.998 0.1161 0.6834, 6.998 0.4043 0.2598, 6.998 0.4319 0.2598, 6.998 0.4043 0.378, 6.998 0.4319 0.5233, 6.998 0.3756 0.378, 6.998 0.3756 0.5233, 6.998 0.2698 0.378, 6.998 0.2698 0.5233, 6.998 0.2198 0.378, 6.998 0.2198 0.5233, 6.998 0.203 0.378, 6.998 0.203 0.5233, 6.998 0.153 0.378, 6.998 0.153 0.5233, 6.998 0.1405 0.378, 6.998 0.1161 0.378, 6.998 0.1063 0.378, 6.998 0.1063 0.5233, 6.998 0.0765 0.6624, 6.998 0.1063 0.6374, 6.998 0.0782 0.6671, 6.998 0.0807 0.6709, 6.998 0.0758 0.6557, 6.998 0.0758 0.6552, 6.998 0.1031 0.636, 6.998 0.097 0.6349, 6.998 0.1022 0.677, 6.998 0.096 0.6777, 6.998 0.0936 0.6776, 6.998 0.089 0.6766, 6.998 0.1085 0.6745, 6.998 0.1085 0.6384, 6.998 0.1077 0.675, 6.998 0.1063 0.6755, 6.998 0.0848 0.6746, 6.998 0.0814 0.6717, 6.998 0.0766 0.6487, 6.998 0.0783 0.6443, 6.998 0.081 0.6405, 6.998 0.0859 0.6368, 6.998 0.0898 0.6354, 6.998 0.0948 0.6349, 6.998 0.0824 0.6392, 6.998 0.1014 0.6834, 6.998 0.1033 0.6833, 6.998 0.1063 0.6834, 6.998 0.1063 0.6824, 6.998 0.1085 0.6817, 6.998 0.0964 0.6839, 6.998 0.1063 1.2598, 6.998 0.0959 0.6839, 6.998 0.071 1.2598, 6.998 0.0918 0.6834, 6.998 0.071 0.6834, 6.998 0.0831 0.681, 6.998 0.0888 0.6831, 6.998 0.0726 0.6713, 6.998 0.0763 0.676, 6.998 0.0778 0.6775, 6.998 0.0678 0.6834, 6.998 0.07 0.6654, 6.998 0.071 0.6676, 6.998 0.0694 0.6474, 6.998 0.0678 0.6292, 6.998 0.0686 0.6553, 6.998 0.0687 0.6585, 6.998 0.0845 0.6302, 6.998 0.0795 0.6326, 6.998 0.0754 0.636, 6.998 0.0745 0.637, 6.998 0.089 0.6292, 6.998 0.071 0.6135, 6.998 0.0902 0.6289, 6.998 0.0938 0.6287, 6.998 0.0982 0.6292, 6.998 0.1085 0.6318, 6.998 0.1079 0.6315, 6.998 0.1063 0.6292, 6.998 0.1063 0.6309, 6.998 0.1023 0.6296, 6.998 0.0761 0.5632, 6.998 0.0771 0.5739, 6.998 0.0748 0.5613, 6.998 0.0738 0.5589, 6.998 0.071 0.5445, 6.998 0.0745 0.5498, 6.998 0.0737 0.5521, 6.998 0.0943 0.5835, 6.998 0.0971 0.5827, 6.998 0.0993 0.5814, 6.998 0.1011 0.5797, 6.998 0.1025 0.5775, 6.998 0.0782 0.565, 6.998 0.0811 0.5664, 6.998 0.0814 0.5766, 6.998 0.086 0.5676, 6.998 0.0918 0.5783, 6.998 0.0896 0.5785, 6.998 0.0855 0.5781, 6.998 0.0789 0.5455, 6.998 0.0766 0.547, 6.998 0.0759 0.5478, 6.998 0.0973 0.5508, 6.998 0.0971 0.5508, 6.998 0.0973 0.5449, 6.998 0.0961 0.5492, 6.998 0.094 0.547, 6.998 0.0734 0.5551, 6.998 0.0734 0.5561, 6.998 0.0771 0.5804, 6.998 0.0789 0.5814, 6.998 0.0839 0.5832, 6.998 0.0902 0.5839, 6.998 0.1035 0.5744, 6.998 0.104 0.5695, 6.998 0.104 0.5449, 6.998 0.0973 0.5692, 6.998 0.0971 0.5721, 6.998 0.0964 0.5745, 6.998 0.0956 0.5759, 6.998 0.0946 0.577, 6.998 0.0934 0.5777, 6.998 0.0891 0.5445, 6.998 0.0889 0.5444, 6.998 0.071 0.5233, 6.998 0.071 0.378, 6.998 0.0854 0.544, 6.998 0.0816 0.5445, 6.998 0.0814 0.5445, 6.998 0.1497 0.5831, 6.998 0.1423 0.5831, 6.998 0.157 0.5445, 6.998 0.1572 0.545, 6.998 0.153 0.5558, 6.998 0.1543 0.5381, 6.998 0.153 0.5445, 6.998 0.153 0.5357, 6.998 0.153 0.5357, 6.998 0.1437 0.5335, 6.998 0.1437 0.5275, 6.998 0.145 0.533, 6.998 0.1474 0.5327, 6.998 0.149 0.5329, 6.998 0.153 0.5282, 6.998 0.1507 0.5273, 6.998 0.148 0.527, 6.998 0.1465 0.527, 6.998 0.1505 0.5334, 6.998 0.1517 0.5343, 6.998 0.1616 0.5392, 6.998 0.1585 0.5333, 6.998 0.1637 0.5445, 6.998 0.1561 0.5303, 6.998 0.1556 0.5299, 6.998 0.1533 0.5283, 6.998 0.0916 0.5454, 6.998 0.0382 0.5983, 6.998 0.0382 0.5449, 6.998 0.0678 0.5445, 6.998 0.0678 0.5233, 6.998 0.0678 0.378, 6.998 0.0657 0.5983, 6.998 0.0678 0.6135, 6.998 0.0657 0.5922, 6.998 0.067 0.551, 6.998 0.067 0.5449, 6.998 0.0451 0.569, 6.998 0.0451 0.551, 6.998 0.0642 0.569, 6.998 0.0642 0.5751, 6.998 0.0451 0.5751, 6.998 0.0451 0.5922, 6.998 0.2668 0.5623, 6.998 0.2641 0.5568, 6.998 0.2698 0.5445, 6.998 0.2657 0.5843, 6.998 0.2676 0.5791, 6.998 0.2698 0.6135, 6.998 0.2683 0.5723, 6.998 0.2681 0.5685, 6.998 0.2603 0.5524, 6.998 0.2593 0.5515, 6.998 0.254 0.5481, 6.998 0.2486 0.5973, 6.998 0.255 0.5949, 6.998 0.2478 0.5458, 6.998 0.2395 0.5449, 6.998 0.2249 0.5449, 6.998 0.2249 0.5983, 6.998 0.2401 0.5983, 6.998 0.2603 0.5912, 6.998 0.2625 0.589, 6.998 0.2789 0.5449, 6.998 0.2713 0.5449, 6.998 0.3117 0.5449, 6.998 0.3063 0.5595, 6.998 0.284 0.5595, 6.998 0.2916 0.5983, 6.998 0.299 0.5983, 6.998 0.3756 0.5445, 6.998 0.2394 0.6442, 6.998 0.0382 0.6296, 6.998 0.0382 0.683, 6.998 0.0664 0.6296, 6.998 0.1999 0.647, 6.998 0.1972 0.6415, 6.998 0.1727 0.6296, 6.998 0.158 0.6296, 6.998 0.1872 0.6328, 6.998 0.181 0.6305, 6.998 0.158 0.683, 6.998 0.1732 0.683, 6.998 0.1817 0.682, 6.998 0.1881 0.6796, 6.998 0.1989 0.6689, 6.998 0.2007 0.6637, 6.998 0.2015 0.657, 6.998 0.2013 0.6532, 6.998 0.1934 0.6371, 6.998 0.1924 0.6362, 6.998 0.1934 0.6759, 6.998 0.1956 0.6737, 6.998 0.3193 0.5449, 6.998 0.3756 0.6135, 6.998 0.3756 0.6292, 6.998 0.3756 0.6834, 6.998 0.4319 0.5445, 6.998 0.4319 0.6135, 6.998 0.4319 0.6292, 6.998 0.4319 0.6834, 6.998 0.0678 1.2598, 6.998 0.4319 1.2598, 6.998 0.3756 1.2598, 6.998 0.2698 1.2598, 6.998 0.2198 1.2598, 6.998 0.203 1.2598, 6.998 0.153 1.2598, 6.998 0.1405 1.2598, 6.998 0.1161 1.2598, 6.8799 -0.45 0.2598, 6.1161 -0.45 0.2598, 5.998 -0.3319 0.2598, 4.998 -0.3319 0.2598, 4.8799 -0.45 0.2598, 4.1161 -0.45 0.2598, 5.8799 -0.45 0.2598, 5.1161 -0.45 0.2598, -2.002 -0.3319 0.2598, -2.1201 -0.45 0.2598, -2.8839 -0.45 0.2598, -6.002 -0.3319 0.2598, -6.1201 -0.45 0.2598, -6.8839 -0.45 0.2598, 3.998 -0.3319 0.2598, 2.8799 -0.45 0.2598, 2.1161 -0.45 0.2598, 2.998 -0.3319 0.2598, 1.998 -0.3319 0.2598, 1.8799 -0.45 0.2598, 1.1161 -0.45 0.2598, -1.1201 -0.45 0.2598, -1.8839 -0.45 0.2598, -1.002 -0.3319 0.2598, -3.1201 -0.45 0.2598, -3.8839 -0.45 0.2598, -3.002 -0.3319 0.2598, -4.002 -0.3319 0.2598, -7.002 -0.3043 0.2598, -5.1201 -0.45 0.2598, -5.8839 -0.45 0.2598, -5.002 -0.3319 0.2598, -7.002 -0.3319 0.2598, -4.8839 -0.45 0.2598, -4.1201 -0.45 0.2598, -0.1201 -0.45 0.2598, -0.8839 -0.45 0.2598, -0.002 -0.3319 0.2598, 0.998 -0.3319 0.2598, 3.1161 -0.45 0.2598, 3.8799 -0.45 0.2598, 0.1161 -0.45 0.2598, 0.8799 -0.45 0.2598, -6.1201 0.55 1.2598, -6.1201 0.55 0.2598, -6.815 0.55 1.2598, -6.8839 0.55 0.2598, -6.8839 0.55 1.2598, -7.002 0.4319 0.2598, -7.002 0.4043 0.2598, -7.002 0.4043 0.378, -7.002 -0.3043 0.378, -7.002 -0.3319 1.2598, -7.002 -0.1902 0.378, -7.002 -0.263 1.2598, -7.002 0.4319 1.2598, -6.8839 -0.45 1.2598, -6.815 -0.45 1.2598, -6.1201 -0.45 1.2598, 6.8799 -0.45 1.2598, -4.628 0.176 1.2598, -4.376 0.176 1.2598, -4.002 0.4319 1.2598, -6.815 -0.263 1.2598, -6.002 0.4319 1.2598, -6.376 0.176 1.2598, -6.002 -0.263 1.2598, -6.376 -0.076 1.2598, -6.628 -0.076 1.2598, -6.628 0.176 1.2598, -5.002 -0.263 1.2598, -5.002 0.4319 1.2598, -5.1201 0.55 1.2598, -5.8839 0.55 1.2598, -5.628 0.176 1.2598, -5.628 -0.076 1.2598, -5.376 -0.076 1.2598, -5.376 0.176 1.2598, -4.1201 0.55 1.2598, -4.8839 0.55 1.2598, -4.002 -0.263 1.2598, -4.376 -0.076 1.2598, -4.628 -0.076 1.2598, -3.002 0.4319 1.2598, -3.376 0.176 1.2598, -3.002 -0.263 1.2598, -3.376 -0.076 1.2598, -3.628 -0.076 1.2598, -3.628 0.176 1.2598, -3.1201 0.55 1.2598, -3.8839 0.55 1.2598, -2.376 0.176 1.2598, -2.376 -0.076 1.2598, -2.002 -0.263 1.2598, -2.002 0.4319 1.2598, -2.1201 0.55 1.2598, -2.8839 0.55 1.2598, -2.628 0.176 1.2598, -2.628 -0.076 1.2598, -0.002 -0.263 1.2598, -0.002 0.4319 1.2598, -0.1201 0.55 1.2598, -1.376 -0.076 1.2598, -1.628 -0.076 1.2598, -0.8839 0.55 1.2598, -1.002 0.4319 1.2598, -0.628 0.176 1.2598, -0.376 0.176 1.2598, -0.376 -0.076 1.2598, -0.628 -0.076 1.2598, -1.628 0.176 1.2598, -1.376 0.176 1.2598, -1.1201 0.55 1.2598, -1.8839 0.55 1.2598, 0.1161 0.55 1.2598, 0.8799 0.55 1.2598, 0.372 0.176 1.2598, 0.998 0.4319 1.2598, 0.624 0.176 1.2598, 0.998 -0.263 1.2598, 0.624 -0.076 1.2598, 0.372 -0.076 1.2598, 1.1161 0.55 1.2598, 1.8799 0.55 1.2598, 1.372 0.176 1.2598, 1.998 0.4319 1.2598, 1.624 0.176 1.2598, 1.998 -0.263 1.2598, 1.624 -0.076 1.2598, 1.372 -0.076 1.2598, 2.1161 0.55 1.2598, 2.8799 0.55 1.2598, 2.372 0.176 1.2598, 2.998 0.4319 1.2598, 2.624 0.176 1.2598, 2.998 -0.263 1.2598, 2.624 -0.076 1.2598, 2.372 -0.076 1.2598, 3.1161 0.55 1.2598, 3.8799 0.55 1.2598, 3.372 0.176 1.2598, 3.998 0.4319 1.2598, 3.624 0.176 1.2598, 3.998 -0.263 1.2598, 3.624 -0.076 1.2598, 3.372 -0.076 1.2598, 4.1161 0.55 1.2598, 4.8799 0.55 1.2598, 4.372 0.176 1.2598, 4.998 0.4319 1.2598, 4.624 0.176 1.2598, 4.998 -0.263 1.2598, 4.624 -0.076 1.2598, 4.372 -0.076 1.2598, 5.1161 0.55 1.2598, 5.8799 0.55 1.2598, 5.372 0.176 1.2598, 5.998 0.4319 1.2598, 5.624 0.176 1.2598, 5.998 -0.263 1.2598, 5.624 -0.076 1.2598, 5.372 -0.076 1.2598, 6.624 -0.076 1.2598, 6.372 -0.076 1.2598, 6.372 0.176 1.2598, 6.1161 0.55 1.2598, 6.624 0.176 1.2598, 6.8799 0.55 1.2598, 6.1161 -0.45 1.2598, 5.998 -0.3319 1.2598, 4.1161 -0.45 1.2598, 4.8799 -0.45 1.2598, 4.998 -0.3319 1.2598, 3.998 -0.3319 1.2598, 5.1161 -0.45 1.2598, 5.8799 -0.45 1.2598, 2.998 -0.3319 1.2598, 3.1161 -0.45 1.2598, 3.8799 -0.45 1.2598, 1.998 -0.3319 1.2598, 2.1161 -0.45 1.2598, 2.8799 -0.45 1.2598, 0.998 -0.3319 1.2598, 1.1161 -0.45 1.2598, 1.8799 -0.45 1.2598, -0.002 -0.3319 1.2598, 0.1161 -0.45 1.2598, 0.8799 -0.45 1.2598, -2.002 -0.3319 1.2598, -1.8839 -0.45 1.2598, -1.1201 -0.45 1.2598, -1.002 -0.3319 1.2598, -0.8839 -0.45 1.2598, -0.1201 -0.45 1.2598, -3.002 -0.3319 1.2598, -2.8839 -0.45 1.2598, -2.1201 -0.45 1.2598, -4.002 -0.3319 1.2598, -3.8839 -0.45 1.2598, -3.1201 -0.45 1.2598, -5.002 -0.3319 1.2598, -4.8839 -0.45 1.2598, -4.1201 -0.45 1.2598, -5.1201 -0.45 1.2598, -5.8839 -0.45 1.2598, -6.002 -0.3319 1.2598, 4.998 0.4319 0.2598, 5.1161 0.55 0.2598, 5.8799 0.55 0.2598, -0.8839 0.55 0.2598, -0.1201 0.55 0.2598, -1.002 0.4319 0.2598, -0.002 0.4319 0.2598, 6.8799 0.55 0.2598, 6.1161 0.55 0.2598, 5.998 0.4319 0.2598, -3.8839 0.55 0.2598, -3.1201 0.55 0.2598, -4.002 0.4319 0.2598, -3.002 0.4319 0.2598, -2.8839 0.55 0.2598, -2.1201 0.55 0.2598, -6.002 0.4319 0.2598, 1.998 0.4319 0.2598, 2.1161 0.55 0.2598, 2.8799 0.55 0.2598, -5.8839 0.55 0.2598, -5.1201 0.55 0.2598, -5.002 0.4319 0.2598, 1.1161 0.55 0.2598, 1.8799 0.55 0.2598, 0.998 0.4319 0.2598, -2.002 0.4319 0.2598, -4.1201 0.55 0.2598, -4.8839 0.55 0.2598, 4.1161 0.55 0.2598, 4.8799 0.55 0.2598, 3.998 0.4319 0.2598, -1.8839 0.55 0.2598, -1.1201 0.55 0.2598, 2.998 0.4319 0.2598, 0.8799 0.55 0.2598, 0.1161 0.55 0.2598, 3.8799 0.55 0.2598, 3.1161 0.55 0.2598, -6.002 -0.3043 0.378, -5.002 -0.3043 0.378, -4.002 -0.3043 0.378, -3.002 -0.3043 0.378, -2.002 -0.3043 0.378, -1.002 -0.3043 0.378, -0.002 -0.3043 0.378, 1.998 -0.3043 0.378, 2.998 -0.3043 0.378, 3.998 -0.3043 0.378, 4.998 -0.3043 0.378, 5.998 -0.3043 0.378, 6.811 -0.3043 0.378, 6.811 0.4043 0.378, 5.998 0.4043 0.378, 4.998 0.4043 0.378, 3.998 0.4043 0.378, 2.998 0.4043 0.378, -1.002 0.4043 0.378, -0.002 0.4043 0.378, 1.998 0.4043 0.378, -2.002 0.4043 0.378, -3.002 0.4043 0.378, -4.002 0.4043 0.378, -5.002 0.4043 0.378, -6.002 0.4043 0.378, -6.002 -0.1902 0.378, -6.376 -0.076 0.378, -6.376 0.176 0.378, -6.628 0.176 0.378, -6.628 -0.076 0.378, -5.376 0.176 0.378, -5.376 -0.076 0.378, -5.002 -0.1902 0.378, -5.628 -0.076 0.378, -5.628 0.176 0.378, -4.376 0.176 0.378, -4.376 -0.076 0.378, -4.002 -0.1902 0.378, -4.628 -0.076 0.378, -4.628 0.176 0.378, -3.376 0.176 0.378, -3.376 -0.076 0.378, -3.002 -0.1902 0.378, -3.628 -0.076 0.378, -3.628 0.176 0.378, -2.628 -0.076 0.378, -2.376 -0.076 0.378, -2.628 0.176 0.378, -2.376 0.176 0.378, -2.002 -0.1902 0.378, -1.376 0.176 0.378, -1.376 -0.076 0.378, -1.002 -0.1902 0.378, -1.628 -0.076 0.378, -1.628 0.176 0.378, -0.628 -0.076 0.378, -0.376 -0.076 0.378, -0.628 0.176 0.378, -0.376 0.176 0.378, -0.002 -0.1902 0.378, 1.624 0.176 0.378, 1.624 -0.076 0.378, 1.998 -0.1902 0.378, 1.372 -0.076 0.378, 0.624 -0.076 0.378, 1.372 0.176 0.378, 0.624 0.176 0.378, 0.372 0.176 0.378, 0.372 -0.076 0.378, 2.624 0.176 0.378, 2.624 -0.076 0.378, 2.998 -0.1902 0.378, 2.372 -0.076 0.378, 2.372 0.176 0.378, 3.624 0.176 0.378, 3.624 -0.076 0.378, 3.998 -0.1902 0.378, 3.372 -0.076 0.378, 3.372 0.176 0.378, 4.624 0.176 0.378, 4.624 -0.076 0.378, 4.998 -0.1902 0.378, 4.372 -0.076 0.378, 4.372 0.176 0.378, 5.624 0.176 0.378, 5.624 -0.076 0.378, 5.998 -0.1902 0.378, 5.372 -0.076 0.378, 5.372 0.176 0.378, 6.624 0.176 0.378, 6.624 -0.076 0.378, 6.811 -0.1902 0.378, 6.372 -0.076 0.378, 6.372 0.176 0.378
            ]
        }
        coordIndex [
            0,1,2,-1,3,4,5,-1,6,7,8,-1,9,10,11,-1,12,13,14,-1,14,13,15,-1,16,17,14,-1,14,17,18,-1,14,18,19,-1,19,20,14,-1,14,20,21,-1,14,21,12,-1,11,10,22,-1,22,10,23,-1,22,23,24,-1,24,23,25,-1,24,25,26,-1,26,25,27,-1,26,27,28,-1,11,29,30,-1,30,31,11,-1,11,31,32,-1,11,32,33,-1,33,34,11,-1,11,34,35,-1,11,35,9,-1,9,35,36,-1,9,36,37,-1,37,36,38,-1,37,38,39,-1,40,41,42,-1,42,41,43,-1,43,44,42,-1,42,44,45,-1,42,45,46,-1,46,45,47,-1,47,48,46,-1,46,48,49,-1,46,49,29,-1,29,49,50,-1,29,50,30,-1,51,52,53,-1,54,40,55,-1,55,40,42,-1,55,42,56,-1,56,42,51,-1,56,51,57,-1,57,51,53,-1,58,59,60,-1,61,62,63,-1,63,62,64,-1,62,65,64,-1,64,65,66,-1,64,66,67,-1,67,68,64,-1,64,68,52,-1,64,52,60,-1,60,52,51,-1,60,51,58,-1,69,70,61,-1,61,70,71,-1,61,71,72,-1,72,73,61,-1,61,73,74,-1,61,74,62,-1,75,76,77,-1,78,79,77,-1,77,79,80,-1,77,80,81,-1,82,83,84,-1,84,83,85,-1,86,69,87,-1,87,69,88,-1,87,88,89,-1,86,90,69,-1,69,90,91,-1,69,91,92,-1,93,94,84,-1,84,94,95,-1,84,95,82,-1,96,97,70,-1,70,97,98,-1,93,84,99,-1,99,84,100,-1,99,100,101,-1,98,102,70,-1,70,102,103,-1,70,103,104,-1,101,100,105,-1,105,100,106,-1,105,106,104,-1,104,106,107,-1,104,107,70,-1,108,109,81,-1,81,109,110,-1,81,110,77,-1,77,110,111,-1,77,111,75,-1,85,112,84,-1,84,112,113,-1,84,113,114,-1,92,115,69,-1,69,115,116,-1,69,116,70,-1,70,116,117,-1,70,117,96,-1,118,119,120,-1,120,121,118,-1,118,121,122,-1,118,122,123,-1,119,118,124,-1,124,118,125,-1,124,125,81,-1,81,125,126,-1,81,126,108,-1,127,128,84,-1,84,128,129,-1,84,129,77,-1,77,129,130,-1,77,130,78,-1,114,131,84,-1,84,131,132,-1,84,132,127,-1,133,134,135,-1,135,134,136,-1,135,136,137,-1,137,81,135,-1,135,81,80,-1,135,80,138,-1,138,80,139,-1,139,140,138,-1,138,140,141,-1,138,141,142,-1,143,144,133,-1,145,134,146,-1,146,134,133,-1,146,133,147,-1,147,133,148,-1,144,149,133,-1,133,149,150,-1,133,150,148,-1,145,151,134,-1,134,151,152,-1,134,152,153,-1,154,155,156,-1,156,155,157,-1,156,157,133,-1,133,157,158,-1,133,158,143,-1,159,160,153,-1,153,160,161,-1,153,161,134,-1,13,162,15,-1,15,162,163,-1,15,163,88,-1,88,163,164,-1,88,164,89,-1,165,4,166,-1,166,4,3,-1,166,3,167,-1,168,169,170,-1,170,169,171,-1,170,171,172,-1,172,171,173,-1,172,173,174,-1,174,173,175,-1,174,175,176,-1,176,175,177,-1,176,177,178,-1,178,177,179,-1,180,181,182,-1,183,184,185,-1,165,175,4,-1,4,175,173,-1,4,173,186,-1,186,173,187,-1,186,187,188,-1,188,187,189,-1,188,189,190,-1,191,192,184,-1,184,192,193,-1,184,193,185,-1,194,195,196,-1,197,198,199,-1,200,201,194,-1,201,202,194,-1,194,202,203,-1,194,203,195,-1,195,203,204,-1,197,199,194,-1,194,199,205,-1,194,205,200,-1,206,207,208,-1,208,207,209,-1,208,209,196,-1,196,209,210,-1,196,210,194,-1,211,212,213,-1,213,212,214,-1,215,216,217,-1,218,219,220,-1,221,222,223,-1,204,224,195,-1,195,224,225,-1,195,225,220,-1,220,225,226,-1,220,226,218,-1,227,228,221,-1,221,228,229,-1,221,229,222,-1,219,230,220,-1,220,230,231,-1,220,231,232,-1,216,227,217,-1,217,227,221,-1,217,221,233,-1,233,221,232,-1,233,232,234,-1,234,232,231,-1,223,235,221,-1,221,235,236,-1,221,236,237,-1,238,239,240,-1,240,239,241,-1,240,241,242,-1,240,243,238,-1,238,243,244,-1,238,244,245,-1,245,246,238,-1,238,246,247,-1,238,247,248,-1,248,247,249,-1,248,249,250,-1,250,249,251,-1,250,251,217,-1,217,251,252,-1,217,252,215,-1,253,254,242,-1,242,254,255,-1,242,255,240,-1,256,257,198,-1,198,257,258,-1,198,258,199,-1,256,259,257,-1,257,259,260,-1,257,260,261,-1,261,260,262,-1,261,263,264,-1,262,265,261,-1,261,265,266,-1,261,266,267,-1,267,268,261,-1,261,268,269,-1,261,269,263,-1,264,270,261,-1,261,270,271,-1,261,271,272,-1,273,274,275,-1,274,273,276,-1,276,273,277,-1,276,277,278,-1,279,280,281,-1,5,282,283,-1,281,280,284,-1,284,280,285,-1,284,285,278,-1,278,285,286,-1,278,286,276,-1,287,288,289,-1,290,291,292,-1,292,291,293,-1,292,293,294,-1,295,296,297,-1,297,296,298,-1,297,298,299,-1,299,298,287,-1,299,287,300,-1,301,302,303,-1,303,302,304,-1,303,304,290,-1,305,306,307,-1,289,288,307,-1,307,288,308,-1,307,308,305,-1,294,293,309,-1,309,293,310,-1,309,310,305,-1,311,312,313,-1,313,312,314,-1,313,314,315,-1,315,316,317,-1,317,316,318,-1,317,318,319,-1,319,318,320,-1,319,320,321,-1,321,320,322,-1,321,322,323,-1,323,322,324,-1,323,324,325,-1,325,324,214,-1,325,214,326,-1,326,214,212,-1,326,212,327,-1,327,212,328,-1,329,330,331,-1,331,330,332,-1,329,333,330,-1,330,333,334,-1,330,334,335,-1,335,334,336,-1,337,338,330,-1,330,338,339,-1,330,339,340,-1,305,310,306,-1,306,310,341,-1,306,341,342,-1,342,341,343,-1,342,343,330,-1,330,343,344,-1,330,344,337,-1,340,345,330,-1,330,345,346,-1,330,346,332,-1,347,348,349,-1,350,351,334,-1,334,351,352,-1,334,352,336,-1,347,349,334,-1,334,349,353,-1,334,353,350,-1,354,355,356,-1,356,355,357,-1,356,357,310,-1,310,357,358,-1,310,358,341,-1,359,360,361,-1,361,360,362,-1,361,362,363,-1,364,365,366,-1,367,368,364,-1,364,368,369,-1,364,369,365,-1,370,371,364,-1,364,371,372,-1,364,372,367,-1,7,373,374,-1,374,373,375,-1,374,375,370,-1,370,375,376,-1,370,376,371,-1,377,378,8,-1,378,379,8,-1,8,379,380,-1,8,380,6,-1,377,8,381,-1,381,8,382,-1,381,382,383,-1,383,382,384,-1,384,382,195,-1,384,195,385,-1,342,386,306,-1,306,386,387,-1,306,387,388,-1,388,387,389,-1,388,389,390,-1,391,392,393,-1,393,392,394,-1,395,396,397,-1,398,399,195,-1,399,400,195,-1,195,400,401,-1,195,401,402,-1,391,403,392,-1,392,403,404,-1,392,404,405,-1,405,404,406,-1,407,408,406,-1,406,408,409,-1,406,409,405,-1,410,411,395,-1,395,411,412,-1,395,412,396,-1,413,414,415,-1,415,414,416,-1,415,416,417,-1,397,418,395,-1,395,418,419,-1,395,419,382,-1,382,419,394,-1,382,394,420,-1,420,394,392,-1,420,421,382,-1,382,421,422,-1,382,422,195,-1,195,422,423,-1,195,423,398,-1,402,424,195,-1,195,424,425,-1,195,425,196,-1,196,425,426,-1,196,426,415,-1,427,428,406,-1,406,428,429,-1,406,429,430,-1,430,431,406,-1,406,431,432,-1,406,432,407,-1,433,434,328,-1,434,435,328,-1,328,435,436,-1,328,436,327,-1,434,437,435,-1,435,437,438,-1,435,438,395,-1,395,438,439,-1,395,439,410,-1,185,180,183,-1,183,180,182,-1,183,182,440,-1,440,182,441,-1,442,443,444,-1,445,446,447,-1,447,446,448,-1,446,221,449,-1,237,213,221,-1,221,213,214,-1,221,214,449,-1,449,214,450,-1,449,451,446,-1,446,451,452,-1,446,452,453,-1,454,455,324,-1,324,455,456,-1,324,456,214,-1,214,456,457,-1,214,457,450,-1,453,458,446,-1,446,458,459,-1,446,459,448,-1,460,461,322,-1,460,322,462,-1,461,463,322,-1,322,463,464,-1,322,464,324,-1,324,464,465,-1,324,465,454,-1,211,206,212,-1,212,206,208,-1,212,208,328,-1,328,208,196,-1,328,196,433,-1,433,196,415,-1,433,415,466,-1,466,415,417,-1,467,88,468,-1,468,88,69,-1,468,69,469,-1,469,69,61,-1,469,61,470,-1,470,61,63,-1,470,63,471,-1,467,472,473,-1,472,474,473,-1,473,474,475,-1,473,475,469,-1,469,475,476,-1,469,476,468,-1,477,478,479,-1,479,478,475,-1,479,475,480,-1,480,475,474,-1,480,474,481,-1,481,474,482,-1,483,484,485,-1,486,487,488,-1,488,487,489,-1,488,489,485,-1,485,489,490,-1,485,490,483,-1,484,491,485,-1,485,491,492,-1,485,492,493,-1,488,494,495,-1,493,496,485,-1,485,496,497,-1,485,497,186,-1,186,497,498,-1,186,498,4,-1,4,498,499,-1,4,499,500,-1,495,501,488,-1,488,501,502,-1,488,502,486,-1,503,504,485,-1,505,506,507,-1,485,504,488,-1,488,504,508,-1,488,508,509,-1,7,374,8,-1,8,374,473,-1,8,473,382,-1,382,473,469,-1,382,469,395,-1,395,469,470,-1,395,470,435,-1,435,470,471,-1,435,471,436,-1,390,385,388,-1,388,385,195,-1,388,195,306,-1,306,195,220,-1,306,220,307,-1,307,220,232,-1,307,232,289,-1,316,510,318,-1,318,510,485,-1,318,485,320,-1,320,485,186,-1,320,186,322,-1,322,186,188,-1,322,188,462,-1,462,188,190,-1,462,190,181,-1,181,190,167,-1,181,167,182,-1,182,167,3,-1,182,3,281,-1,281,3,5,-1,281,5,279,-1,279,5,283,-1,511,282,275,-1,275,282,5,-1,275,5,273,-1,273,5,4,-1,273,4,488,-1,488,4,500,-1,488,500,494,-1,467,473,88,-1,88,473,374,-1,88,374,15,-1,15,374,512,-1,15,512,14,-1,512,513,14,-1,14,513,0,-1,14,0,370,-1,370,0,2,-1,370,2,374,-1,374,2,514,-1,374,514,512,-1,515,516,281,-1,517,518,289,-1,289,518,291,-1,289,291,287,-1,287,291,290,-1,287,290,300,-1,300,290,304,-1,281,519,520,-1,518,521,291,-1,291,521,522,-1,291,522,284,-1,284,522,523,-1,284,523,524,-1,525,526,284,-1,284,526,527,-1,284,527,281,-1,281,527,528,-1,281,528,515,-1,516,529,281,-1,281,529,530,-1,281,530,519,-1,524,531,284,-1,284,531,532,-1,284,532,525,-1,520,517,281,-1,281,517,289,-1,281,289,182,-1,182,289,232,-1,182,232,441,-1,441,232,221,-1,441,221,444,-1,444,221,446,-1,444,446,442,-1,442,446,445,-1,507,503,505,-1,505,503,485,-1,505,485,533,-1,533,485,510,-1,533,510,509,-1,509,510,534,-1,509,534,488,-1,488,534,535,-1,488,535,273,-1,273,535,536,-1,273,536,277,-1,315,314,316,-1,316,314,537,-1,316,537,510,-1,510,537,538,-1,510,538,534,-1,534,538,539,-1,534,539,535,-1,535,539,540,-1,535,540,536,-1,366,363,364,-1,364,363,362,-1,364,362,370,-1,370,362,541,-1,370,541,14,-1,14,541,26,-1,14,26,16,-1,16,26,28,-1,540,542,536,-1,536,542,543,-1,536,543,277,-1,277,543,544,-1,277,544,278,-1,278,544,545,-1,278,545,284,-1,284,545,546,-1,284,546,291,-1,291,546,547,-1,291,547,293,-1,293,547,548,-1,293,548,310,-1,310,548,549,-1,310,549,356,-1,356,549,360,-1,356,360,354,-1,354,360,359,-1,550,551,552,-1,553,554,555,-1,556,557,552,-1,552,557,553,-1,558,559,560,-1,561,562,563,-1,555,564,553,-1,553,564,59,-1,553,59,552,-1,552,59,58,-1,552,58,550,-1,565,566,567,-1,567,566,568,-1,568,569,570,-1,571,572,573,-1,573,572,558,-1,574,575,576,-1,576,575,577,-1,576,577,578,-1,579,580,581,-1,581,580,561,-1,563,582,561,-1,561,582,578,-1,561,578,581,-1,581,578,577,-1,581,577,583,-1,583,577,584,-1,585,586,587,-1,587,586,573,-1,570,588,568,-1,568,588,59,-1,568,59,567,-1,567,59,564,-1,567,564,589,-1,589,564,590,-1,560,576,558,-1,558,576,578,-1,558,578,573,-1,573,578,59,-1,573,59,587,-1,587,59,588,-1,587,588,591,-1,591,588,592,-1,593,594,595,-1,595,594,596,-1,595,596,597,-1,598,599,600,-1,578,582,601,-1,601,582,602,-1,601,602,603,-1,603,602,604,-1,603,604,600,-1,600,604,605,-1,600,605,598,-1,606,563,607,-1,607,563,562,-1,607,562,608,-1,609,22,24,-1,610,611,612,-1,613,595,597,-1,614,615,616,-1,616,615,617,-1,616,617,613,-1,613,617,618,-1,613,618,595,-1,614,593,615,-1,615,593,595,-1,615,595,619,-1,619,595,618,-1,620,621,622,-1,622,623,614,-1,624,614,625,-1,625,614,616,-1,625,616,626,-1,626,616,620,-1,626,620,627,-1,627,620,622,-1,627,622,624,-1,624,622,614,-1,628,629,621,-1,630,631,620,-1,620,631,632,-1,620,632,621,-1,621,632,610,-1,621,610,628,-1,628,610,612,-1,633,634,635,-1,635,634,636,-1,635,636,630,-1,630,636,637,-1,630,637,638,-1,633,639,634,-1,634,639,640,-1,634,640,638,-1,638,640,612,-1,638,612,630,-1,630,612,611,-1,630,611,631,-1,641,642,643,-1,644,645,641,-1,641,645,646,-1,641,646,647,-1,647,646,633,-1,647,633,648,-1,648,633,635,-1,648,635,642,-1,649,650,651,-1,652,653,643,-1,651,654,655,-1,655,656,651,-1,651,656,657,-1,651,657,649,-1,649,657,658,-1,649,658,659,-1,641,643,644,-1,644,643,653,-1,644,653,660,-1,659,656,661,-1,661,656,655,-1,661,655,660,-1,660,655,662,-1,660,662,644,-1,644,662,663,-1,664,650,665,-1,665,650,666,-1,665,666,667,-1,667,666,668,-1,667,668,669,-1,669,668,670,-1,669,670,649,-1,649,670,671,-1,649,671,650,-1,650,671,666,-1,672,667,673,-1,673,667,674,-1,673,674,675,-1,675,674,676,-1,675,676,677,-1,677,676,678,-1,677,678,669,-1,669,678,679,-1,669,679,667,-1,667,679,674,-1,680,675,681,-1,681,675,682,-1,681,682,683,-1,683,682,684,-1,683,684,685,-1,685,684,686,-1,685,686,677,-1,677,686,687,-1,677,687,675,-1,675,687,682,-1,688,683,689,-1,689,683,690,-1,689,690,691,-1,691,690,692,-1,691,692,693,-1,693,692,694,-1,693,694,685,-1,685,694,695,-1,685,695,683,-1,683,695,690,-1,696,691,697,-1,697,691,698,-1,697,698,699,-1,699,698,700,-1,699,700,701,-1,701,700,702,-1,701,702,693,-1,693,702,703,-1,693,703,691,-1,691,703,698,-1,704,699,705,-1,705,699,706,-1,705,706,707,-1,707,706,708,-1,707,708,709,-1,709,708,710,-1,709,710,701,-1,701,710,711,-1,701,711,699,-1,699,711,706,-1,712,713,709,-1,709,713,707,-1,707,713,714,-1,707,714,715,-1,715,714,716,-1,715,716,717,-1,716,362,360,-1,360,549,716,-1,716,549,548,-1,716,548,547,-1,547,546,716,-1,716,546,545,-1,716,545,544,-1,544,543,716,-1,716,543,542,-1,716,542,717,-1,609,24,718,-1,719,718,709,-1,709,718,24,-1,709,24,712,-1,712,24,26,-1,712,26,716,-1,716,26,541,-1,716,541,362,-1,720,721,722,-1,723,720,693,-1,693,720,722,-1,693,722,701,-1,701,722,724,-1,701,724,709,-1,709,724,725,-1,709,725,719,-1,685,726,727,-1,685,727,693,-1,693,727,728,-1,693,728,723,-1,677,729,730,-1,677,730,685,-1,685,730,731,-1,685,731,726,-1,669,732,733,-1,669,733,677,-1,677,733,734,-1,677,734,729,-1,649,735,736,-1,649,736,669,-1,669,736,737,-1,669,737,732,-1,738,739,740,-1,661,652,659,-1,659,652,643,-1,659,643,649,-1,649,643,741,-1,741,742,649,-1,649,742,743,-1,649,743,735,-1,642,635,643,-1,643,635,744,-1,643,744,745,-1,740,741,738,-1,738,741,643,-1,738,643,746,-1,746,643,745,-1,620,747,630,-1,630,747,748,-1,630,748,635,-1,635,748,749,-1,635,749,744,-1,750,751,752,-1,752,747,750,-1,750,747,620,-1,750,620,753,-1,753,620,754,-1,602,613,604,-1,604,613,597,-1,604,597,605,-1,754,620,755,-1,755,620,616,-1,755,616,608,-1,608,616,613,-1,608,613,607,-1,607,613,602,-1,607,602,606,-1,756,757,758,-1,759,760,761,-1,761,760,762,-1,763,312,764,-1,764,312,311,-1,764,311,765,-1,766,767,768,-1,768,767,769,-1,769,770,771,-1,599,598,772,-1,772,598,596,-1,772,596,594,-1,773,774,775,-1,776,777,772,-1,772,777,778,-1,772,778,599,-1,779,780,781,-1,781,780,773,-1,771,782,769,-1,769,782,599,-1,769,599,768,-1,768,599,778,-1,768,778,783,-1,783,778,784,-1,785,786,787,-1,787,786,756,-1,788,789,782,-1,782,789,761,-1,782,761,599,-1,599,761,762,-1,599,762,311,-1,775,790,773,-1,773,790,311,-1,773,311,781,-1,781,311,762,-1,781,762,791,-1,791,762,792,-1,758,765,756,-1,756,765,311,-1,756,311,787,-1,787,311,790,-1,787,790,793,-1,793,790,794,-1,582,563,602,-1,602,563,606,-1,562,561,608,-1,608,561,755,-1,596,598,597,-1,597,598,605,-1,772,594,614,-1,614,594,593,-1,578,601,795,-1,795,796,578,-1,578,796,797,-1,578,797,798,-1,798,799,578,-1,578,799,800,-1,578,800,59,-1,59,800,801,-1,59,801,802,-1,802,803,59,-1,59,803,804,-1,59,804,805,-1,805,806,59,-1,59,806,807,-1,59,807,60,-1,313,808,311,-1,311,808,809,-1,809,810,311,-1,311,810,811,-1,311,811,812,-1,813,599,814,-1,814,599,311,-1,814,311,815,-1,815,311,812,-1,813,816,599,-1,599,816,817,-1,599,817,818,-1,818,819,599,-1,599,819,820,-1,599,820,600,-1,601,603,821,-1,821,603,822,-1,821,822,820,-1,820,822,823,-1,820,823,600,-1,600,823,824,-1,600,824,603,-1,603,824,825,-1,603,825,822,-1,826,819,827,-1,827,819,828,-1,827,828,829,-1,829,828,821,-1,829,821,830,-1,830,821,820,-1,830,820,826,-1,826,820,819,-1,831,818,832,-1,832,818,833,-1,832,833,834,-1,834,833,828,-1,834,828,835,-1,835,828,819,-1,835,819,831,-1,831,819,818,-1,836,817,837,-1,837,817,838,-1,837,838,839,-1,839,838,833,-1,839,833,840,-1,840,833,818,-1,840,818,836,-1,836,818,817,-1,838,841,842,-1,841,838,843,-1,843,838,817,-1,843,817,844,-1,844,817,816,-1,844,816,842,-1,842,816,845,-1,842,845,838,-1,846,813,847,-1,847,813,848,-1,847,848,849,-1,849,848,845,-1,849,845,850,-1,850,845,816,-1,850,816,846,-1,846,816,813,-1,848,851,852,-1,851,848,853,-1,853,848,813,-1,853,813,854,-1,854,813,814,-1,854,814,852,-1,852,814,855,-1,852,855,848,-1,856,815,857,-1,857,815,858,-1,857,858,859,-1,858,855,859,-1,859,855,860,-1,859,860,861,-1,861,860,862,-1,856,861,815,-1,815,861,862,-1,815,862,814,-1,814,862,863,-1,814,863,855,-1,855,863,864,-1,855,864,860,-1,865,812,866,-1,866,812,867,-1,866,867,868,-1,868,867,858,-1,868,858,869,-1,869,858,815,-1,869,815,865,-1,865,815,812,-1,870,811,871,-1,871,811,872,-1,871,872,873,-1,873,872,867,-1,873,867,874,-1,874,867,812,-1,874,812,870,-1,870,812,811,-1,875,810,876,-1,876,810,877,-1,876,877,878,-1,878,877,872,-1,878,872,879,-1,879,872,811,-1,879,811,875,-1,875,811,810,-1,880,809,881,-1,881,809,882,-1,881,882,883,-1,883,882,877,-1,883,877,884,-1,884,877,810,-1,884,810,880,-1,880,810,809,-1,885,808,886,-1,886,808,887,-1,886,887,888,-1,888,887,882,-1,888,882,889,-1,889,882,809,-1,889,809,885,-1,885,809,808,-1,313,315,808,-1,808,315,317,-1,317,319,808,-1,808,319,321,-1,808,321,323,-1,323,325,808,-1,808,325,326,-1,808,326,887,-1,887,326,327,-1,887,327,436,-1,436,471,887,-1,887,471,63,-1,887,63,64,-1,601,821,795,-1,795,821,828,-1,795,828,796,-1,796,828,833,-1,796,833,797,-1,797,833,838,-1,797,838,798,-1,798,838,845,-1,798,845,799,-1,799,845,848,-1,799,848,800,-1,800,848,855,-1,800,855,801,-1,801,855,858,-1,801,858,802,-1,802,858,867,-1,802,867,803,-1,803,867,872,-1,803,872,804,-1,804,872,877,-1,804,877,805,-1,805,877,882,-1,805,882,806,-1,806,882,887,-1,806,887,807,-1,807,887,64,-1,807,64,60,-1,623,622,776,-1,776,622,777,-1,580,579,754,-1,754,579,753,-1,561,580,755,-1,755,580,754,-1,579,581,753,-1,753,581,750,-1,776,772,623,-1,623,772,614,-1,778,777,621,-1,621,777,622,-1,629,628,784,-1,784,628,783,-1,583,584,751,-1,751,584,752,-1,581,583,750,-1,750,583,751,-1,584,577,752,-1,752,577,747,-1,784,778,629,-1,629,778,621,-1,768,783,612,-1,612,783,628,-1,640,639,766,-1,766,639,767,-1,575,574,748,-1,748,574,749,-1,577,575,747,-1,747,575,748,-1,574,576,749,-1,749,576,744,-1,766,768,640,-1,640,768,612,-1,769,767,633,-1,633,767,639,-1,646,645,770,-1,770,645,771,-1,560,559,745,-1,745,559,746,-1,576,560,744,-1,744,560,745,-1,559,558,746,-1,746,558,738,-1,770,769,646,-1,646,769,633,-1,782,771,644,-1,644,771,645,-1,663,662,788,-1,788,662,789,-1,572,571,739,-1,739,571,740,-1,558,572,738,-1,738,572,739,-1,571,573,740,-1,740,573,741,-1,788,782,663,-1,663,782,644,-1,761,789,655,-1,655,789,662,-1,654,651,759,-1,759,651,760,-1,586,585,742,-1,742,585,743,-1,573,586,741,-1,741,586,742,-1,585,587,743,-1,743,587,735,-1,759,761,654,-1,654,761,655,-1,762,760,650,-1,650,760,651,-1,664,665,792,-1,792,665,791,-1,591,592,736,-1,736,592,737,-1,587,591,735,-1,735,591,736,-1,592,588,737,-1,737,588,732,-1,792,762,664,-1,664,762,650,-1,781,791,667,-1,667,791,665,-1,672,673,779,-1,779,673,780,-1,570,569,733,-1,733,569,734,-1,588,570,732,-1,732,570,733,-1,569,568,734,-1,734,568,729,-1,779,781,672,-1,672,781,667,-1,773,780,675,-1,675,780,673,-1,680,681,774,-1,774,681,775,-1,566,565,730,-1,730,565,731,-1,568,566,729,-1,729,566,730,-1,565,567,731,-1,731,567,726,-1,774,773,680,-1,680,773,675,-1,790,775,683,-1,683,775,681,-1,688,689,794,-1,794,689,793,-1,589,590,727,-1,727,590,728,-1,567,589,726,-1,726,589,727,-1,590,564,728,-1,728,564,723,-1,794,790,688,-1,688,790,683,-1,787,793,691,-1,691,793,689,-1,696,697,785,-1,785,697,786,-1,555,554,720,-1,720,554,721,-1,564,555,723,-1,723,555,720,-1,554,553,721,-1,721,553,722,-1,785,787,696,-1,696,787,691,-1,756,786,699,-1,699,786,697,-1,704,705,757,-1,757,705,758,-1,557,556,724,-1,724,556,725,-1,553,557,722,-1,722,557,724,-1,556,552,725,-1,725,552,719,-1,757,756,704,-1,704,756,699,-1,765,758,707,-1,707,758,705,-1,715,717,764,-1,764,717,763,-1,551,550,718,-1,718,550,609,-1,552,551,719,-1,719,551,718,-1,58,51,550,-1,550,51,42,-1,550,42,46,-1,22,609,11,-1,11,609,550,-1,11,550,29,-1,29,550,46,-1,764,765,715,-1,715,765,707,-1,763,717,542,-1,542,540,763,-1,763,540,539,-1,763,539,538,-1,538,537,763,-1,763,537,314,-1,763,314,312,-1,
        ]
    }
}
Shape{
    appearance Appearance {
        material  Material {
            diffuseColor 0.9686274509803922 0.8784313725490196 0.6
            specularColor 0.6784313725490196 0.615686274509804 0.4196078431372549
            ambientIntensity 0.8737
            transparency 0.0
            shininess 0.5
        }
    }
    geometry IndexedFaceSet {
        ccw TRUE
        solid FALSE
        coord DEF co Coordinate {
            point [
                -6.376 -0.076 0.2835, -6.628 -0.076 0.2835, -6.628 -0.0689 0.2204, -6.376 -0.0689 0.2204, -6.628 -0.0479 0.1605, -6.376 -0.0479 0.1605, -6.628 -0.0141 0.1067, -6.376 -0.0141 0.1067, -6.628 0.0307 0.0618, -6.376 0.0307 0.0618, -6.628 0.0845 0.0281, -6.376 0.0845 0.0281, -6.628 0.1444 0.0071, -6.376 0.1444 0.0071, -6.628 0.2075 0.0, -6.376 0.2075 0.0, -6.376 0.798 0.0, -6.628 0.798 0.0, -6.5752 0.9949 0.0527, -6.5752 0.9949 0.1992, -6.4287 0.9949 0.0527, -6.4287 0.9949 0.1992, -6.628 0.798 0.252, -6.628 0.2075 0.252, -6.376 0.798 0.252, -6.376 0.2075 0.252, -6.376 0.2005 0.2528, -6.628 0.2005 0.2528, -6.376 0.1938 0.2551, -6.628 0.1938 0.2551, -6.376 0.1878 0.2588, -6.628 0.1878 0.2588, -6.376 0.1829 0.2638, -6.628 0.1829 0.2638, -6.376 0.1791 0.2698, -6.628 0.1791 0.2698, -6.376 0.1768 0.2765, -6.628 0.1768 0.2765, -6.376 0.176 0.2835, -6.628 0.176 0.2835, -6.628 0.176 0.378, -6.628 -0.076 0.378, -6.376 0.176 0.378, -6.376 -0.076 0.378, -6.376 0.176 3.4252, -6.376 0.176 1.2598, -6.628 0.176 3.4252, -6.628 0.176 1.2598, -6.628 -0.076 3.4252, -6.628 -0.076 1.2598, -6.376 -0.076 3.4252, -6.376 -0.076 1.2598, -6.5752 0.1232 3.622, -6.5752 -0.0232 3.622, -6.4287 0.1232 3.622, -6.4287 -0.0232 3.622, -5.628 0.176 0.2835, -5.376 0.176 0.2835, -5.376 0.1689 0.2204, -5.628 0.1689 0.2204, -5.376 0.1479 0.1605, -5.628 0.1479 0.1605, -5.376 0.1141 0.1067, -5.628 0.1141 0.1067, -5.376 0.0693 0.0618, -5.628 0.0693 0.0618, -5.376 0.0155 0.0281, -5.628 0.0155 0.0281, -5.376 -0.0444 0.0071, -5.628 -0.0444 0.0071, -5.376 -0.1075 0.0, -5.628 -0.1075 0.0, -5.628 -0.698 0.0, -5.376 -0.698 0.0, -5.4287 -0.8949 0.0527, -5.4287 -0.8949 0.1992, -5.5752 -0.8949 0.0527, -5.5752 -0.8949 0.1992, -5.376 -0.698 0.252, -5.376 -0.1075 0.252, -5.628 -0.698 0.252, -5.628 -0.1075 0.252, -5.628 -0.1005 0.2528, -5.376 -0.1005 0.2528, -5.628 -0.0938 0.2551, -5.376 -0.0938 0.2551, -5.628 -0.0878 0.2588, -5.376 -0.0878 0.2588, -5.628 -0.0829 0.2638, -5.376 -0.0829 0.2638, -5.628 -0.0791 0.2698, -5.376 -0.0791 0.2698, -5.628 -0.0768 0.2765, -5.376 -0.0768 0.2765, -5.628 -0.076 0.2835, -5.376 -0.076 0.2835, -5.376 -0.076 0.378, -5.376 0.176 0.378, -5.628 -0.076 0.378, -5.628 0.176 0.378, -5.628 -0.076 3.4252, -5.628 -0.076 1.2598, -5.376 -0.076 3.4252, -5.376 -0.076 1.2598, -5.376 0.176 3.4252, -5.376 0.176 1.2598, -5.628 0.176 3.4252, -5.628 0.176 1.2598, -5.4287 -0.0232 3.622, -5.4287 0.1232 3.622, -5.5752 -0.0232 3.622, -5.5752 0.1232 3.622, -4.376 -0.076 0.2835, -4.628 -0.076 0.2835, -4.628 -0.0689 0.2204, -4.376 -0.0689 0.2204, -4.628 -0.0479 0.1605, -4.376 -0.0479 0.1605, -4.628 -0.0141 0.1067, -4.376 -0.0141 0.1067, -4.628 0.0307 0.0618, -4.376 0.0307 0.0618, -4.628 0.0845 0.0281, -4.376 0.0845 0.0281, -4.628 0.1444 0.0071, -4.376 0.1444 0.0071, -4.628 0.2075 0.0, -4.376 0.2075 0.0, -4.376 0.798 0.0, -4.628 0.798 0.0, -4.5752 0.9949 0.0527, -4.5752 0.9949 0.1992, -4.4287 0.9949 0.0527, -4.4287 0.9949 0.1992, -4.628 0.798 0.252, -4.628 0.2075 0.252, -4.376 0.798 0.252, -4.376 0.2075 0.252, -4.376 0.2005 0.2528, -4.628 0.2005 0.2528, -4.376 0.1938 0.2551, -4.628 0.1938 0.2551, -4.376 0.1878 0.2588, -4.628 0.1878 0.2588, -4.376 0.1829 0.2638, -4.628 0.1829 0.2638, -4.376 0.1791 0.2698, -4.628 0.1791 0.2698, -4.376 0.1768 0.2765, -4.628 0.1768 0.2765, -4.376 0.176 0.2835, -4.628 0.176 0.2835, -4.628 0.176 0.378, -4.628 -0.076 0.378, -4.376 0.176 0.378, -4.376 -0.076 0.378, -4.376 0.176 3.4252, -4.376 0.176 1.2598, -4.628 0.176 3.4252, -4.628 0.176 1.2598, -4.628 -0.076 3.4252, -4.628 -0.076 1.2598, -4.376 -0.076 3.4252, -4.376 -0.076 1.2598, -4.5752 0.1232 3.622, -4.5752 -0.0232 3.622, -4.4287 0.1232 3.622, -4.4287 -0.0232 3.622, -3.628 0.176 0.2835, -3.376 0.176 0.2835, -3.376 0.1689 0.2204, -3.628 0.1689 0.2204, -3.376 0.1479 0.1605, -3.628 0.1479 0.1605, -3.376 0.1141 0.1067, -3.628 0.1141 0.1067, -3.376 0.0693 0.0618, -3.628 0.0693 0.0618, -3.376 0.0155 0.0281, -3.628 0.0155 0.0281, -3.376 -0.0444 0.0071, -3.628 -0.0444 0.0071, -3.376 -0.1075 0.0, -3.628 -0.1075 0.0, -3.628 -0.698 0.0, -3.376 -0.698 0.0, -3.4287 -0.8949 0.0527, -3.4287 -0.8949 0.1992, -3.5752 -0.8949 0.0527, -3.5752 -0.8949 0.1992, -3.376 -0.698 0.252, -3.376 -0.1075 0.252, -3.628 -0.698 0.252, -3.628 -0.1075 0.252, -3.628 -0.1005 0.2528, -3.376 -0.1005 0.2528, -3.628 -0.0938 0.2551, -3.376 -0.0938 0.2551, -3.628 -0.0878 0.2588, -3.376 -0.0878 0.2588, -3.628 -0.0829 0.2638, -3.376 -0.0829 0.2638, -3.628 -0.0791 0.2698, -3.376 -0.0791 0.2698, -3.628 -0.0768 0.2765, -3.376 -0.0768 0.2765, -3.628 -0.076 0.2835, -3.376 -0.076 0.2835, -3.376 -0.076 0.378, -3.376 0.176 0.378, -3.628 -0.076 0.378, -3.628 0.176 0.378, -3.628 -0.076 3.4252, -3.628 -0.076 1.2598, -3.376 -0.076 3.4252, -3.376 -0.076 1.2598, -3.376 0.176 3.4252, -3.376 0.176 1.2598, -3.628 0.176 3.4252, -3.628 0.176 1.2598, -3.4287 -0.0232 3.622, -3.4287 0.1232 3.622, -3.5752 -0.0232 3.622, -3.5752 0.1232 3.622, -2.376 -0.076 0.2835, -2.628 -0.076 0.2835, -2.628 -0.0689 0.2204, -2.376 -0.0689 0.2204, -2.628 -0.0479 0.1605, -2.376 -0.0479 0.1605, -2.628 -0.0141 0.1067, -2.376 -0.0141 0.1067, -2.628 0.0307 0.0618, -2.376 0.0307 0.0618, -2.628 0.0845 0.0281, -2.376 0.0845 0.0281, -2.628 0.1444 0.0071, -2.376 0.1444 0.0071, -2.628 0.2075 0.0, -2.376 0.2075 0.0, -2.376 0.798 0.0, -2.628 0.798 0.0, -2.5752 0.9949 0.0527, -2.5752 0.9949 0.1992, -2.4287 0.9949 0.0527, -2.4287 0.9949 0.1992, -2.628 0.798 0.252, -2.628 0.2075 0.252, -2.376 0.798 0.252, -2.376 0.2075 0.252, -2.376 0.2005 0.2528, -2.628 0.2005 0.2528, -2.376 0.1938 0.2551, -2.628 0.1938 0.2551, -2.376 0.1878 0.2588, -2.628 0.1878 0.2588, -2.376 0.1829 0.2638, -2.628 0.1829 0.2638, -2.376 0.1791 0.2698, -2.628 0.1791 0.2698, -2.376 0.1768 0.2765, -2.628 0.1768 0.2765, -2.376 0.176 0.2835, -2.628 0.176 0.2835, -2.628 0.176 0.378, -2.628 -0.076 0.378, -2.376 0.176 0.378, -2.376 -0.076 0.378, -2.376 0.176 3.4252, -2.376 0.176 1.2598, -2.628 0.176 3.4252, -2.628 0.176 1.2598, -2.628 -0.076 3.4252, -2.628 -0.076 1.2598, -2.376 -0.076 3.4252, -2.376 -0.076 1.2598, -2.5752 0.1232 3.622, -2.5752 -0.0232 3.622, -2.4287 0.1232 3.622, -2.4287 -0.0232 3.622, -1.628 0.176 0.2835, -1.376 0.176 0.2835, -1.376 0.1689 0.2204, -1.628 0.1689 0.2204, -1.376 0.1479 0.1605, -1.628 0.1479 0.1605, -1.376 0.1141 0.1067, -1.628 0.1141 0.1067, -1.376 0.0693 0.0618, -1.628 0.0693 0.0618, -1.376 0.0155 0.0281, -1.628 0.0155 0.0281, -1.376 -0.0444 0.0071, -1.628 -0.0444 0.0071, -1.376 -0.1075 0.0, -1.628 -0.1075 0.0, -1.628 -0.698 0.0, -1.376 -0.698 0.0, -1.4287 -0.8949 0.0527, -1.4287 -0.8949 0.1992, -1.5752 -0.8949 0.0527, -1.5752 -0.8949 0.1992, -1.376 -0.698 0.252, -1.376 -0.1075 0.252, -1.628 -0.698 0.252, -1.628 -0.1075 0.252, -1.628 -0.1005 0.2528, -1.376 -0.1005 0.2528, -1.628 -0.0938 0.2551, -1.376 -0.0938 0.2551, -1.628 -0.0878 0.2588, -1.376 -0.0878 0.2588, -1.628 -0.0829 0.2638, -1.376 -0.0829 0.2638, -1.628 -0.0791 0.2698, -1.376 -0.0791 0.2698, -1.628 -0.0768 0.2765, -1.376 -0.0768 0.2765, -1.628 -0.076 0.2835, -1.376 -0.076 0.2835, -1.376 -0.076 0.378, -1.376 0.176 0.378, -1.628 -0.076 0.378, -1.628 0.176 0.378, -1.628 -0.076 3.4252, -1.628 -0.076 1.2598, -1.376 -0.076 3.4252, -1.376 -0.076 1.2598, -1.376 0.176 3.4252, -1.376 0.176 1.2598, -1.628 0.176 3.4252, -1.628 0.176 1.2598, -1.4287 -0.0232 3.622, -1.4287 0.1232 3.622, -1.5752 -0.0232 3.622, -1.5752 0.1232 3.622, -0.376 -0.076 0.2835, -0.628 -0.076 0.2835, -0.628 -0.0689 0.2204, -0.376 -0.0689 0.2204, -0.628 -0.0479 0.1605, -0.376 -0.0479 0.1605, -0.628 -0.0141 0.1067, -0.376 -0.0141 0.1067, -0.628 0.0307 0.0618, -0.376 0.0307 0.0618, -0.628 0.0845 0.0281, -0.376 0.0845 0.0281, -0.628 0.1444 0.0071, -0.376 0.1444 0.0071, -0.628 0.2075 0.0, -0.376 0.2075 0.0, -0.376 0.798 0.0, -0.628 0.798 0.0, -0.5752 0.9949 0.0527, -0.5752 0.9949 0.1992, -0.4287 0.9949 0.0527, -0.4287 0.9949 0.1992, -0.628 0.798 0.252, -0.628 0.2075 0.252, -0.376 0.798 0.252, -0.376 0.2075 0.252, -0.376 0.2005 0.2528, -0.628 0.2005 0.2528, -0.376 0.1938 0.2551, -0.628 0.1938 0.2551, -0.376 0.1878 0.2588, -0.628 0.1878 0.2588, -0.376 0.1829 0.2638, -0.628 0.1829 0.2638, -0.376 0.1791 0.2698, -0.628 0.1791 0.2698, -0.376 0.1768 0.2765, -0.628 0.1768 0.2765, -0.376 0.176 0.2835, -0.628 0.176 0.2835, -0.628 0.176 0.378, -0.628 -0.076 0.378, -0.376 0.176 0.378, -0.376 -0.076 0.378, -0.376 0.176 3.4252, -0.376 0.176 1.2598, -0.628 0.176 3.4252, -0.628 0.176 1.2598, -0.628 -0.076 3.4252, -0.628 -0.076 1.2598, -0.376 -0.076 3.4252, -0.376 -0.076 1.2598, -0.5752 0.1232 3.622, -0.5752 -0.0232 3.622, -0.4287 0.1232 3.622, -0.4287 -0.0232 3.622, 0.372 0.176 0.2835, 0.624 0.176 0.2835, 0.624 0.1689 0.2204, 0.372 0.1689 0.2204, 0.624 0.1479 0.1605, 0.372 0.1479 0.1605, 0.624 0.1141 0.1067, 0.372 0.1141 0.1067, 0.624 0.0693 0.0618, 0.372 0.0693 0.0618, 0.624 0.0155 0.0281, 0.372 0.0155 0.0281, 0.624 -0.0444 0.0071, 0.372 -0.0444 0.0071, 0.624 -0.1075 0.0, 0.372 -0.1075 0.0, 0.372 -0.698 0.0, 0.624 -0.698 0.0, 0.5713 -0.8949 0.0527, 0.5713 -0.8949 0.1992, 0.4248 -0.8949 0.0527, 0.4248 -0.8949 0.1992, 0.624 -0.698 0.252, 0.624 -0.1075 0.252, 0.372 -0.698 0.252, 0.372 -0.1075 0.252, 0.372 -0.1005 0.2528, 0.624 -0.1005 0.2528, 0.372 -0.0938 0.2551, 0.624 -0.0938 0.2551, 0.372 -0.0878 0.2588, 0.624 -0.0878 0.2588, 0.372 -0.0829 0.2638, 0.624 -0.0829 0.2638, 0.372 -0.0791 0.2698, 0.624 -0.0791 0.2698, 0.372 -0.0768 0.2765, 0.624 -0.0768 0.2765, 0.372 -0.076 0.2835, 0.624 -0.076 0.2835, 0.624 -0.076 0.378, 0.624 0.176 0.378, 0.372 -0.076 0.378, 0.372 0.176 0.378, 0.372 -0.076 3.4252, 0.372 -0.076 1.2598, 0.624 -0.076 3.4252, 0.624 -0.076 1.2598, 0.624 0.176 3.4252, 0.624 0.176 1.2598, 0.372 0.176 3.4252, 0.372 0.176 1.2598, 0.5713 -0.0232 3.622, 0.5713 0.1232 3.622, 0.4248 -0.0232 3.622, 0.4248 0.1232 3.622, 1.624 -0.076 0.2835, 1.372 -0.076 0.2835, 1.372 -0.0689 0.2204, 1.624 -0.0689 0.2204, 1.372 -0.0479 0.1605, 1.624 -0.0479 0.1605, 1.372 -0.0141 0.1067, 1.624 -0.0141 0.1067, 1.372 0.0307 0.0618, 1.624 0.0307 0.0618, 1.372 0.0845 0.0281, 1.624 0.0845 0.0281, 1.372 0.1444 0.0071, 1.624 0.1444 0.0071, 1.372 0.2075 0.0, 1.624 0.2075 0.0, 1.624 0.798 0.0, 1.372 0.798 0.0, 1.4248 0.9949 0.0527, 1.4248 0.9949 0.1992, 1.5713 0.9949 0.0527, 1.5713 0.9949 0.1992, 1.372 0.798 0.252, 1.372 0.2075 0.252, 1.624 0.798 0.252, 1.624 0.2075 0.252, 1.624 0.2005 0.2528, 1.372 0.2005 0.2528, 1.624 0.1938 0.2551, 1.372 0.1938 0.2551, 1.624 0.1878 0.2588, 1.372 0.1878 0.2588, 1.624 0.1829 0.2638, 1.372 0.1829 0.2638, 1.624 0.1791 0.2698, 1.372 0.1791 0.2698, 1.624 0.1768 0.2765, 1.372 0.1768 0.2765, 1.624 0.176 0.2835, 1.372 0.176 0.2835, 1.372 0.176 0.378, 1.372 -0.076 0.378, 1.624 0.176 0.378, 1.624 -0.076 0.378, 1.624 0.176 3.4252, 1.624 0.176 1.2598, 1.372 0.176 3.4252, 1.372 0.176 1.2598, 1.372 -0.076 3.4252, 1.372 -0.076 1.2598, 1.624 -0.076 3.4252, 1.624 -0.076 1.2598, 1.4248 0.1232 3.622, 1.4248 -0.0232 3.622, 1.5713 0.1232 3.622, 1.5713 -0.0232 3.622, 2.372 0.176 0.2835, 2.624 0.176 0.2835, 2.624 0.1689 0.2204, 2.372 0.1689 0.2204, 2.624 0.1479 0.1605, 2.372 0.1479 0.1605, 2.624 0.1141 0.1067, 2.372 0.1141 0.1067, 2.624 0.0693 0.0618, 2.372 0.0693 0.0618, 2.624 0.0155 0.0281, 2.372 0.0155 0.0281, 2.624 -0.0444 0.0071, 2.372 -0.0444 0.0071, 2.624 -0.1075 0.0, 2.372 -0.1075 0.0, 2.372 -0.698 0.0, 2.624 -0.698 0.0, 2.5713 -0.8949 0.0527, 2.5713 -0.8949 0.1992, 2.4248 -0.8949 0.0527, 2.4248 -0.8949 0.1992, 2.624 -0.698 0.252, 2.624 -0.1075 0.252, 2.372 -0.698 0.252, 2.372 -0.1075 0.252, 2.372 -0.1005 0.2528, 2.624 -0.1005 0.2528, 2.372 -0.0938 0.2551, 2.624 -0.0938 0.2551, 2.372 -0.0878 0.2588, 2.624 -0.0878 0.2588, 2.372 -0.0829 0.2638, 2.624 -0.0829 0.2638, 2.372 -0.0791 0.2698, 2.624 -0.0791 0.2698, 2.372 -0.0768 0.2765, 2.624 -0.0768 0.2765, 2.372 -0.076 0.2835, 2.624 -0.076 0.2835, 2.624 -0.076 0.378, 2.624 0.176 0.378, 2.372 -0.076 0.378, 2.372 0.176 0.378, 2.372 -0.076 3.4252, 2.372 -0.076 1.2598, 2.624 -0.076 3.4252, 2.624 -0.076 1.2598, 2.624 0.176 3.4252, 2.624 0.176 1.2598, 2.372 0.176 3.4252, 2.372 0.176 1.2598, 2.5713 -0.0232 3.622, 2.5713 0.1232 3.622, 2.4248 -0.0232 3.622, 2.4248 0.1232 3.622, 3.624 -0.076 0.2835, 3.372 -0.076 0.2835, 3.372 -0.0689 0.2204, 3.624 -0.0689 0.2204, 3.372 -0.0479 0.1605, 3.624 -0.0479 0.1605, 3.372 -0.0141 0.1067, 3.624 -0.0141 0.1067, 3.372 0.0307 0.0618, 3.624 0.0307 0.0618, 3.372 0.0845 0.0281, 3.624 0.0845 0.0281, 3.372 0.1444 0.0071, 3.624 0.1444 0.0071, 3.372 0.2075 0.0, 3.624 0.2075 0.0, 3.624 0.798 0.0, 3.372 0.798 0.0, 3.4248 0.9949 0.0527, 3.4248 0.9949 0.1992, 3.5713 0.9949 0.0527, 3.5713 0.9949 0.1992, 3.372 0.798 0.252, 3.372 0.2075 0.252, 3.624 0.798 0.252, 3.624 0.2075 0.252, 3.624 0.2005 0.2528, 3.372 0.2005 0.2528, 3.624 0.1938 0.2551, 3.372 0.1938 0.2551, 3.624 0.1878 0.2588, 3.372 0.1878 0.2588, 3.624 0.1829 0.2638, 3.372 0.1829 0.2638, 3.624 0.1791 0.2698, 3.372 0.1791 0.2698, 3.624 0.1768 0.2765, 3.372 0.1768 0.2765, 3.624 0.176 0.2835, 3.372 0.176 0.2835, 3.372 0.176 0.378, 3.372 -0.076 0.378, 3.624 0.176 0.378, 3.624 -0.076 0.378, 3.624 0.176 3.4252, 3.624 0.176 1.2598, 3.372 0.176 3.4252, 3.372 0.176 1.2598, 3.372 -0.076 3.4252, 3.372 -0.076 1.2598, 3.624 -0.076 3.4252, 3.624 -0.076 1.2598, 3.4248 0.1232 3.622, 3.4248 -0.0232 3.622, 3.5713 0.1232 3.622, 3.5713 -0.0232 3.622, 4.372 0.176 0.2835, 4.624 0.176 0.2835, 4.624 0.1689 0.2204, 4.372 0.1689 0.2204, 4.624 0.1479 0.1605, 4.372 0.1479 0.1605, 4.624 0.1141 0.1067, 4.372 0.1141 0.1067, 4.624 0.0693 0.0618, 4.372 0.0693 0.0618, 4.624 0.0155 0.0281, 4.372 0.0155 0.0281, 4.624 -0.0444 0.0071, 4.372 -0.0444 0.0071, 4.624 -0.1075 0.0, 4.372 -0.1075 0.0, 4.372 -0.698 0.0, 4.624 -0.698 0.0, 4.5713 -0.8949 0.0527, 4.5713 -0.8949 0.1992, 4.4248 -0.8949 0.0527, 4.4248 -0.8949 0.1992, 4.624 -0.698 0.252, 4.624 -0.1075 0.252, 4.372 -0.698 0.252, 4.372 -0.1075 0.252, 4.372 -0.1005 0.2528, 4.624 -0.1005 0.2528, 4.372 -0.0938 0.2551, 4.624 -0.0938 0.2551, 4.372 -0.0878 0.2588, 4.624 -0.0878 0.2588, 4.372 -0.0829 0.2638, 4.624 -0.0829 0.2638, 4.372 -0.0791 0.2698, 4.624 -0.0791 0.2698, 4.372 -0.0768 0.2765, 4.624 -0.0768 0.2765, 4.372 -0.076 0.2835, 4.624 -0.076 0.2835, 4.624 -0.076 0.378, 4.624 0.176 0.378, 4.372 -0.076 0.378, 4.372 0.176 0.378, 4.372 -0.076 3.4252, 4.372 -0.076 1.2598, 4.624 -0.076 3.4252, 4.624 -0.076 1.2598, 4.624 0.176 3.4252, 4.624 0.176 1.2598, 4.372 0.176 3.4252, 4.372 0.176 1.2598, 4.5713 -0.0232 3.622, 4.5713 0.1232 3.622, 4.4248 -0.0232 3.622, 4.4248 0.1232 3.622, 5.624 -0.076 0.2835, 5.372 -0.076 0.2835, 5.372 -0.0689 0.2204, 5.624 -0.0689 0.2204, 5.372 -0.0479 0.1605, 5.624 -0.0479 0.1605, 5.372 -0.0141 0.1067, 5.624 -0.0141 0.1067, 5.372 0.0307 0.0618, 5.624 0.0307 0.0618, 5.372 0.0845 0.0281, 5.624 0.0845 0.0281, 5.372 0.1444 0.0071, 5.624 0.1444 0.0071, 5.372 0.2075 0.0, 5.624 0.2075 0.0, 5.624 0.798 0.0, 5.372 0.798 0.0, 5.4248 0.9949 0.0527, 5.4248 0.9949 0.1992, 5.5713 0.9949 0.0527, 5.5713 0.9949 0.1992, 5.372 0.798 0.252, 5.372 0.2075 0.252, 5.624 0.798 0.252, 5.624 0.2075 0.252, 5.624 0.2005 0.2528, 5.372 0.2005 0.2528, 5.624 0.1938 0.2551, 5.372 0.1938 0.2551, 5.624 0.1878 0.2588, 5.372 0.1878 0.2588, 5.624 0.1829 0.2638, 5.372 0.1829 0.2638, 5.624 0.1791 0.2698, 5.372 0.1791 0.2698, 5.624 0.1768 0.2765, 5.372 0.1768 0.2765, 5.624 0.176 0.2835, 5.372 0.176 0.2835, 5.372 0.176 0.378, 5.372 -0.076 0.378, 5.624 0.176 0.378, 5.624 -0.076 0.378, 5.624 0.176 3.4252, 5.624 0.176 1.2598, 5.372 0.176 3.4252, 5.372 0.176 1.2598, 5.372 -0.076 3.4252, 5.372 -0.076 1.2598, 5.624 -0.076 3.4252, 5.624 -0.076 1.2598, 5.4248 0.1232 3.622, 5.4248 -0.0232 3.622, 5.5713 0.1232 3.622, 5.5713 -0.0232 3.622, 6.372 0.176 0.2835, 6.624 0.176 0.2835, 6.624 0.1689 0.2204, 6.372 0.1689 0.2204, 6.624 0.1479 0.1605, 6.372 0.1479 0.1605, 6.624 0.1141 0.1067, 6.372 0.1141 0.1067, 6.624 0.0693 0.0618, 6.372 0.0693 0.0618, 6.624 0.0155 0.0281, 6.372 0.0155 0.0281, 6.624 -0.0444 0.0071, 6.372 -0.0444 0.0071, 6.624 -0.1075 0.0, 6.372 -0.1075 0.0, 6.372 -0.698 0.0, 6.624 -0.698 0.0, 6.5713 -0.8949 0.0527, 6.5713 -0.8949 0.1992, 6.4248 -0.8949 0.0527, 6.4248 -0.8949 0.1992, 6.624 -0.698 0.252, 6.624 -0.1075 0.252, 6.372 -0.698 0.252, 6.372 -0.1075 0.252, 6.372 -0.1005 0.2528, 6.624 -0.1005 0.2528, 6.372 -0.0938 0.2551, 6.624 -0.0938 0.2551, 6.372 -0.0878 0.2588, 6.624 -0.0878 0.2588, 6.372 -0.0829 0.2638, 6.624 -0.0829 0.2638, 6.372 -0.0791 0.2698, 6.624 -0.0791 0.2698, 6.372 -0.0768 0.2765, 6.624 -0.0768 0.2765, 6.372 -0.076 0.2835, 6.624 -0.076 0.2835, 6.624 -0.076 0.378, 6.624 0.176 0.378, 6.372 -0.076 0.378, 6.372 0.176 0.378, 6.372 -0.076 3.4252, 6.372 -0.076 1.2598, 6.624 -0.076 3.4252, 6.624 -0.076 1.2598, 6.624 0.176 3.4252, 6.624 0.176 1.2598, 6.372 0.176 3.4252, 6.372 0.176 1.2598, 6.5713 -0.0232 3.622, 6.5713 0.1232 3.622, 6.4248 -0.0232 3.622, 6.4248 0.1232 3.622
            ]
        }
        coordIndex [
            0,1,2,-1,0,2,3,-1,3,2,4,-1,3,4,5,-1,5,4,6,-1,5,6,7,-1,7,6,8,-1,7,8,9,-1,9,8,10,-1,9,10,11,-1,11,10,12,-1,11,12,13,-1,13,12,14,-1,13,14,15,-1,16,15,17,-1,17,15,14,-1,18,19,20,-1,20,19,21,-1,22,23,24,-1,24,23,25,-1,25,23,26,-1,26,23,27,-1,26,27,28,-1,28,27,29,-1,28,29,30,-1,30,29,31,-1,30,31,32,-1,32,31,33,-1,32,33,34,-1,34,33,35,-1,34,35,36,-1,36,35,37,-1,36,37,38,-1,38,37,39,-1,22,17,23,-1,23,17,14,-1,23,14,27,-1,27,14,12,-1,27,12,29,-1,29,12,10,-1,29,10,31,-1,31,10,8,-1,31,8,33,-1,33,8,6,-1,33,6,35,-1,35,6,4,-1,35,4,37,-1,37,4,2,-1,37,2,39,-1,39,2,1,-1,39,1,40,-1,40,1,41,-1,42,43,38,-1,38,43,0,-1,38,0,36,-1,36,0,3,-1,36,3,34,-1,34,3,5,-1,34,5,32,-1,32,5,7,-1,32,7,30,-1,30,7,9,-1,30,9,28,-1,28,9,11,-1,28,11,26,-1,26,11,13,-1,26,13,25,-1,25,13,15,-1,25,15,24,-1,24,15,16,-1,41,1,43,-1,43,1,0,-1,38,39,42,-1,42,39,40,-1,44,45,46,-1,46,45,47,-1,48,49,50,-1,50,49,51,-1,50,51,44,-1,44,51,45,-1,46,47,48,-1,48,47,49,-1,52,53,54,-1,54,53,55,-1,50,55,48,-1,48,55,53,-1,44,54,50,-1,50,54,55,-1,52,46,53,-1,53,46,48,-1,46,52,44,-1,44,52,54,-1,24,21,22,-1,22,21,19,-1,16,20,24,-1,24,20,21,-1,18,17,19,-1,19,17,22,-1,17,18,16,-1,16,18,20,-1,56,57,58,-1,56,58,59,-1,59,58,60,-1,59,60,61,-1,61,60,62,-1,61,62,63,-1,63,62,64,-1,63,64,65,-1,65,64,66,-1,65,66,67,-1,67,66,68,-1,67,68,69,-1,69,68,70,-1,69,70,71,-1,72,71,73,-1,73,71,70,-1,74,75,76,-1,76,75,77,-1,78,79,80,-1,80,79,81,-1,81,79,82,-1,82,79,83,-1,82,83,84,-1,84,83,85,-1,84,85,86,-1,86,85,87,-1,86,87,88,-1,88,87,89,-1,88,89,90,-1,90,89,91,-1,90,91,92,-1,92,91,93,-1,92,93,94,-1,94,93,95,-1,78,73,79,-1,79,73,70,-1,79,70,83,-1,83,70,68,-1,83,68,85,-1,85,68,66,-1,85,66,87,-1,87,66,64,-1,87,64,89,-1,89,64,62,-1,89,62,91,-1,91,62,60,-1,91,60,93,-1,93,60,58,-1,93,58,95,-1,95,58,57,-1,95,57,96,-1,96,57,97,-1,98,99,94,-1,94,99,56,-1,94,56,92,-1,92,56,59,-1,92,59,90,-1,90,59,61,-1,90,61,88,-1,88,61,63,-1,88,63,86,-1,86,63,65,-1,86,65,84,-1,84,65,67,-1,84,67,82,-1,82,67,69,-1,82,69,81,-1,81,69,71,-1,81,71,80,-1,80,71,72,-1,97,57,99,-1,99,57,56,-1,94,95,98,-1,98,95,96,-1,100,101,102,-1,102,101,103,-1,104,105,106,-1,106,105,107,-1,106,107,100,-1,100,107,101,-1,102,103,104,-1,104,103,105,-1,108,109,110,-1,110,109,111,-1,106,111,104,-1,104,111,109,-1,100,110,106,-1,106,110,111,-1,108,102,109,-1,109,102,104,-1,102,108,100,-1,100,108,110,-1,80,77,78,-1,78,77,75,-1,72,76,80,-1,80,76,77,-1,74,73,75,-1,75,73,78,-1,73,74,72,-1,72,74,76,-1,112,113,114,-1,112,114,115,-1,115,114,116,-1,115,116,117,-1,117,116,118,-1,117,118,119,-1,119,118,120,-1,119,120,121,-1,121,120,122,-1,121,122,123,-1,123,122,124,-1,123,124,125,-1,125,124,126,-1,125,126,127,-1,128,127,129,-1,129,127,126,-1,130,131,132,-1,132,131,133,-1,134,135,136,-1,136,135,137,-1,137,135,138,-1,138,135,139,-1,138,139,140,-1,140,139,141,-1,140,141,142,-1,142,141,143,-1,142,143,144,-1,144,143,145,-1,144,145,146,-1,146,145,147,-1,146,147,148,-1,148,147,149,-1,148,149,150,-1,150,149,151,-1,134,129,135,-1,135,129,126,-1,135,126,139,-1,139,126,124,-1,139,124,141,-1,141,124,122,-1,141,122,143,-1,143,122,120,-1,143,120,145,-1,145,120,118,-1,145,118,147,-1,147,118,116,-1,147,116,149,-1,149,116,114,-1,149,114,151,-1,151,114,113,-1,151,113,152,-1,152,113,153,-1,154,155,150,-1,150,155,112,-1,150,112,148,-1,148,112,115,-1,148,115,146,-1,146,115,117,-1,146,117,144,-1,144,117,119,-1,144,119,142,-1,142,119,121,-1,142,121,140,-1,140,121,123,-1,140,123,138,-1,138,123,125,-1,138,125,137,-1,137,125,127,-1,137,127,136,-1,136,127,128,-1,153,113,155,-1,155,113,112,-1,150,151,154,-1,154,151,152,-1,156,157,158,-1,158,157,159,-1,160,161,162,-1,162,161,163,-1,162,163,156,-1,156,163,157,-1,158,159,160,-1,160,159,161,-1,164,165,166,-1,166,165,167,-1,168,169,170,-1,168,170,171,-1,171,170,172,-1,171,172,173,-1,173,172,174,-1,173,174,175,-1,175,174,176,-1,175,176,177,-1,177,176,178,-1,177,178,179,-1,179,178,180,-1,179,180,181,-1,181,180,182,-1,181,182,183,-1,184,183,185,-1,185,183,182,-1,186,187,188,-1,188,187,189,-1,190,191,192,-1,192,191,193,-1,193,191,194,-1,194,191,195,-1,194,195,196,-1,196,195,197,-1,196,197,198,-1,198,197,199,-1,198,199,200,-1,200,199,201,-1,200,201,202,-1,202,201,203,-1,202,203,204,-1,204,203,205,-1,204,205,206,-1,206,205,207,-1,190,185,191,-1,191,185,182,-1,191,182,195,-1,195,182,180,-1,195,180,197,-1,197,180,178,-1,197,178,199,-1,199,178,176,-1,199,176,201,-1,201,176,174,-1,201,174,203,-1,203,174,172,-1,203,172,205,-1,205,172,170,-1,205,170,207,-1,207,170,169,-1,207,169,208,-1,208,169,209,-1,210,211,206,-1,206,211,168,-1,206,168,204,-1,204,168,171,-1,204,171,202,-1,202,171,173,-1,202,173,200,-1,200,173,175,-1,200,175,198,-1,198,175,177,-1,198,177,196,-1,196,177,179,-1,196,179,194,-1,194,179,181,-1,194,181,193,-1,193,181,183,-1,193,183,192,-1,192,183,184,-1,209,169,211,-1,211,169,168,-1,206,207,210,-1,210,207,208,-1,212,213,214,-1,214,213,215,-1,216,217,218,-1,218,217,219,-1,218,219,212,-1,212,219,213,-1,214,215,216,-1,216,215,217,-1,220,221,222,-1,222,221,223,-1,162,167,160,-1,160,167,165,-1,156,166,162,-1,162,166,167,-1,164,158,165,-1,165,158,160,-1,158,164,156,-1,156,164,166,-1,136,133,134,-1,134,133,131,-1,128,132,136,-1,136,132,133,-1,130,129,131,-1,131,129,134,-1,129,130,128,-1,128,130,132,-1,218,223,216,-1,216,223,221,-1,212,222,218,-1,218,222,223,-1,220,214,221,-1,221,214,216,-1,214,220,212,-1,212,220,222,-1,192,189,190,-1,190,189,187,-1,184,188,192,-1,192,188,189,-1,186,185,187,-1,187,185,190,-1,185,186,184,-1,184,186,188,-1,224,225,226,-1,224,226,227,-1,227,226,228,-1,227,228,229,-1,229,228,230,-1,229,230,231,-1,231,230,232,-1,231,232,233,-1,233,232,234,-1,233,234,235,-1,235,234,236,-1,235,236,237,-1,237,236,238,-1,237,238,239,-1,240,239,241,-1,241,239,238,-1,242,243,244,-1,244,243,245,-1,246,247,248,-1,248,247,249,-1,249,247,250,-1,250,247,251,-1,250,251,252,-1,252,251,253,-1,252,253,254,-1,254,253,255,-1,254,255,256,-1,256,255,257,-1,256,257,258,-1,258,257,259,-1,258,259,260,-1,260,259,261,-1,260,261,262,-1,262,261,263,-1,246,241,247,-1,247,241,238,-1,247,238,251,-1,251,238,236,-1,251,236,253,-1,253,236,234,-1,253,234,255,-1,255,234,232,-1,255,232,257,-1,257,232,230,-1,257,230,259,-1,259,230,228,-1,259,228,261,-1,261,228,226,-1,261,226,263,-1,263,226,225,-1,263,225,264,-1,264,225,265,-1,266,267,262,-1,262,267,224,-1,262,224,260,-1,260,224,227,-1,260,227,258,-1,258,227,229,-1,258,229,256,-1,256,229,231,-1,256,231,254,-1,254,231,233,-1,254,233,252,-1,252,233,235,-1,252,235,250,-1,250,235,237,-1,250,237,249,-1,249,237,239,-1,249,239,248,-1,248,239,240,-1,265,225,267,-1,267,225,224,-1,262,263,266,-1,266,263,264,-1,268,269,270,-1,270,269,271,-1,272,273,274,-1,274,273,275,-1,274,275,268,-1,268,275,269,-1,270,271,272,-1,272,271,273,-1,276,277,278,-1,278,277,279,-1,280,281,282,-1,280,282,283,-1,283,282,284,-1,283,284,285,-1,285,284,286,-1,285,286,287,-1,287,286,288,-1,287,288,289,-1,289,288,290,-1,289,290,291,-1,291,290,292,-1,291,292,293,-1,293,292,294,-1,293,294,295,-1,296,295,297,-1,297,295,294,-1,298,299,300,-1,300,299,301,-1,302,303,304,-1,304,303,305,-1,305,303,306,-1,306,303,307,-1,306,307,308,-1,308,307,309,-1,308,309,310,-1,310,309,311,-1,310,311,312,-1,312,311,313,-1,312,313,314,-1,314,313,315,-1,314,315,316,-1,316,315,317,-1,316,317,318,-1,318,317,319,-1,302,297,303,-1,303,297,294,-1,303,294,307,-1,307,294,292,-1,307,292,309,-1,309,292,290,-1,309,290,311,-1,311,290,288,-1,311,288,313,-1,313,288,286,-1,313,286,315,-1,315,286,284,-1,315,284,317,-1,317,284,282,-1,317,282,319,-1,319,282,281,-1,319,281,320,-1,320,281,321,-1,322,323,318,-1,318,323,280,-1,318,280,316,-1,316,280,283,-1,316,283,314,-1,314,283,285,-1,314,285,312,-1,312,285,287,-1,312,287,310,-1,310,287,289,-1,310,289,308,-1,308,289,291,-1,308,291,306,-1,306,291,293,-1,306,293,305,-1,305,293,295,-1,305,295,304,-1,304,295,296,-1,321,281,323,-1,323,281,280,-1,318,319,322,-1,322,319,320,-1,324,325,326,-1,326,325,327,-1,328,329,330,-1,330,329,331,-1,330,331,324,-1,324,331,325,-1,326,327,328,-1,328,327,329,-1,332,333,334,-1,334,333,335,-1,274,279,272,-1,272,279,277,-1,268,278,274,-1,274,278,279,-1,276,270,277,-1,277,270,272,-1,270,276,268,-1,268,276,278,-1,248,245,246,-1,246,245,243,-1,240,244,248,-1,248,244,245,-1,242,241,243,-1,243,241,246,-1,241,242,240,-1,240,242,244,-1,330,335,328,-1,328,335,333,-1,324,334,330,-1,330,334,335,-1,332,326,333,-1,333,326,328,-1,326,332,324,-1,324,332,334,-1,304,301,302,-1,302,301,299,-1,296,300,304,-1,304,300,301,-1,298,297,299,-1,299,297,302,-1,297,298,296,-1,296,298,300,-1,336,337,338,-1,336,338,339,-1,339,338,340,-1,339,340,341,-1,341,340,342,-1,341,342,343,-1,343,342,344,-1,343,344,345,-1,345,344,346,-1,345,346,347,-1,347,346,348,-1,347,348,349,-1,349,348,350,-1,349,350,351,-1,352,351,353,-1,353,351,350,-1,354,355,356,-1,356,355,357,-1,358,359,360,-1,360,359,361,-1,361,359,362,-1,362,359,363,-1,362,363,364,-1,364,363,365,-1,364,365,366,-1,366,365,367,-1,366,367,368,-1,368,367,369,-1,368,369,370,-1,370,369,371,-1,370,371,372,-1,372,371,373,-1,372,373,374,-1,374,373,375,-1,358,353,359,-1,359,353,350,-1,359,350,363,-1,363,350,348,-1,363,348,365,-1,365,348,346,-1,365,346,367,-1,367,346,344,-1,367,344,369,-1,369,344,342,-1,369,342,371,-1,371,342,340,-1,371,340,373,-1,373,340,338,-1,373,338,375,-1,375,338,337,-1,375,337,376,-1,376,337,377,-1,378,379,374,-1,374,379,336,-1,374,336,372,-1,372,336,339,-1,372,339,370,-1,370,339,341,-1,370,341,368,-1,368,341,343,-1,368,343,366,-1,366,343,345,-1,366,345,364,-1,364,345,347,-1,364,347,362,-1,362,347,349,-1,362,349,361,-1,361,349,351,-1,361,351,360,-1,360,351,352,-1,377,337,379,-1,379,337,336,-1,374,375,378,-1,378,375,376,-1,380,381,382,-1,382,381,383,-1,384,385,386,-1,386,385,387,-1,386,387,380,-1,380,387,381,-1,382,383,384,-1,384,383,385,-1,388,389,390,-1,390,389,391,-1,392,393,394,-1,392,394,395,-1,395,394,396,-1,395,396,397,-1,397,396,398,-1,397,398,399,-1,399,398,400,-1,399,400,401,-1,401,400,402,-1,401,402,403,-1,403,402,404,-1,403,404,405,-1,405,404,406,-1,405,406,407,-1,408,407,409,-1,409,407,406,-1,410,411,412,-1,412,411,413,-1,414,415,416,-1,416,415,417,-1,417,415,418,-1,418,415,419,-1,418,419,420,-1,420,419,421,-1,420,421,422,-1,422,421,423,-1,422,423,424,-1,424,423,425,-1,424,425,426,-1,426,425,427,-1,426,427,428,-1,428,427,429,-1,428,429,430,-1,430,429,431,-1,414,409,415,-1,415,409,406,-1,415,406,419,-1,419,406,404,-1,419,404,421,-1,421,404,402,-1,421,402,423,-1,423,402,400,-1,423,400,425,-1,425,400,398,-1,425,398,427,-1,427,398,396,-1,427,396,429,-1,429,396,394,-1,429,394,431,-1,431,394,393,-1,431,393,432,-1,432,393,433,-1,434,435,430,-1,430,435,392,-1,430,392,428,-1,428,392,395,-1,428,395,426,-1,426,395,397,-1,426,397,424,-1,424,397,399,-1,424,399,422,-1,422,399,401,-1,422,401,420,-1,420,401,403,-1,420,403,418,-1,418,403,405,-1,418,405,417,-1,417,405,407,-1,417,407,416,-1,416,407,408,-1,433,393,435,-1,435,393,392,-1,430,431,434,-1,434,431,432,-1,436,437,438,-1,438,437,439,-1,440,441,442,-1,442,441,443,-1,442,443,436,-1,436,443,437,-1,438,439,440,-1,440,439,441,-1,444,445,446,-1,446,445,447,-1,386,391,384,-1,384,391,389,-1,380,390,386,-1,386,390,391,-1,388,382,389,-1,389,382,384,-1,382,388,380,-1,380,388,390,-1,360,357,358,-1,358,357,355,-1,352,356,360,-1,360,356,357,-1,354,353,355,-1,355,353,358,-1,353,354,352,-1,352,354,356,-1,442,447,440,-1,440,447,445,-1,436,446,442,-1,442,446,447,-1,444,438,445,-1,445,438,440,-1,438,444,436,-1,436,444,446,-1,416,413,414,-1,414,413,411,-1,408,412,416,-1,416,412,413,-1,410,409,411,-1,411,409,414,-1,409,410,408,-1,408,410,412,-1,448,449,450,-1,448,450,451,-1,451,450,452,-1,451,452,453,-1,453,452,454,-1,453,454,455,-1,455,454,456,-1,455,456,457,-1,457,456,458,-1,457,458,459,-1,459,458,460,-1,459,460,461,-1,461,460,462,-1,461,462,463,-1,464,463,465,-1,465,463,462,-1,466,467,468,-1,468,467,469,-1,470,471,472,-1,472,471,473,-1,473,471,474,-1,474,471,475,-1,474,475,476,-1,476,475,477,-1,476,477,478,-1,478,477,479,-1,478,479,480,-1,480,479,481,-1,480,481,482,-1,482,481,483,-1,482,483,484,-1,484,483,485,-1,484,485,486,-1,486,485,487,-1,470,465,471,-1,471,465,462,-1,471,462,475,-1,475,462,460,-1,475,460,477,-1,477,460,458,-1,477,458,479,-1,479,458,456,-1,479,456,481,-1,481,456,454,-1,481,454,483,-1,483,454,452,-1,483,452,485,-1,485,452,450,-1,485,450,487,-1,487,450,449,-1,487,449,488,-1,488,449,489,-1,490,491,486,-1,486,491,448,-1,486,448,484,-1,484,448,451,-1,484,451,482,-1,482,451,453,-1,482,453,480,-1,480,453,455,-1,480,455,478,-1,478,455,457,-1,478,457,476,-1,476,457,459,-1,476,459,474,-1,474,459,461,-1,474,461,473,-1,473,461,463,-1,473,463,472,-1,472,463,464,-1,489,449,491,-1,491,449,448,-1,486,487,490,-1,490,487,488,-1,492,493,494,-1,494,493,495,-1,496,497,498,-1,498,497,499,-1,498,499,492,-1,492,499,493,-1,494,495,496,-1,496,495,497,-1,500,501,502,-1,502,501,503,-1,504,505,506,-1,504,506,507,-1,507,506,508,-1,507,508,509,-1,509,508,510,-1,509,510,511,-1,511,510,512,-1,511,512,513,-1,513,512,514,-1,513,514,515,-1,515,514,516,-1,515,516,517,-1,517,516,518,-1,517,518,519,-1,520,519,521,-1,521,519,518,-1,522,523,524,-1,524,523,525,-1,526,527,528,-1,528,527,529,-1,529,527,530,-1,530,527,531,-1,530,531,532,-1,532,531,533,-1,532,533,534,-1,534,533,535,-1,534,535,536,-1,536,535,537,-1,536,537,538,-1,538,537,539,-1,538,539,540,-1,540,539,541,-1,540,541,542,-1,542,541,543,-1,526,521,527,-1,527,521,518,-1,527,518,531,-1,531,518,516,-1,531,516,533,-1,533,516,514,-1,533,514,535,-1,535,514,512,-1,535,512,537,-1,537,512,510,-1,537,510,539,-1,539,510,508,-1,539,508,541,-1,541,508,506,-1,541,506,543,-1,543,506,505,-1,543,505,544,-1,544,505,545,-1,546,547,542,-1,542,547,504,-1,542,504,540,-1,540,504,507,-1,540,507,538,-1,538,507,509,-1,538,509,536,-1,536,509,511,-1,536,511,534,-1,534,511,513,-1,534,513,532,-1,532,513,515,-1,532,515,530,-1,530,515,517,-1,530,517,529,-1,529,517,519,-1,529,519,528,-1,528,519,520,-1,545,505,547,-1,547,505,504,-1,542,543,546,-1,546,543,544,-1,548,549,550,-1,550,549,551,-1,552,553,554,-1,554,553,555,-1,554,555,548,-1,548,555,549,-1,550,551,552,-1,552,551,553,-1,556,557,558,-1,558,557,559,-1,498,503,496,-1,496,503,501,-1,492,502,498,-1,498,502,503,-1,500,494,501,-1,501,494,496,-1,494,500,492,-1,492,500,502,-1,472,469,470,-1,470,469,467,-1,464,468,472,-1,472,468,469,-1,466,465,467,-1,467,465,470,-1,465,466,464,-1,464,466,468,-1,554,559,552,-1,552,559,557,-1,548,558,554,-1,554,558,559,-1,556,550,557,-1,557,550,552,-1,550,556,548,-1,548,556,558,-1,528,525,526,-1,526,525,523,-1,520,524,528,-1,528,524,525,-1,522,521,523,-1,523,521,526,-1,521,522,520,-1,520,522,524,-1,560,561,562,-1,560,562,563,-1,563,562,564,-1,563,564,565,-1,565,564,566,-1,565,566,567,-1,567,566,568,-1,567,568,569,-1,569,568,570,-1,569,570,571,-1,571,570,572,-1,571,572,573,-1,573,572,574,-1,573,574,575,-1,576,575,577,-1,577,575,574,-1,578,579,580,-1,580,579,581,-1,582,583,584,-1,584,583,585,-1,585,583,586,-1,586,583,587,-1,586,587,588,-1,588,587,589,-1,588,589,590,-1,590,589,591,-1,590,591,592,-1,592,591,593,-1,592,593,594,-1,594,593,595,-1,594,595,596,-1,596,595,597,-1,596,597,598,-1,598,597,599,-1,582,577,583,-1,583,577,574,-1,583,574,587,-1,587,574,572,-1,587,572,589,-1,589,572,570,-1,589,570,591,-1,591,570,568,-1,591,568,593,-1,593,568,566,-1,593,566,595,-1,595,566,564,-1,595,564,597,-1,597,564,562,-1,597,562,599,-1,599,562,561,-1,599,561,600,-1,600,561,601,-1,602,603,598,-1,598,603,560,-1,598,560,596,-1,596,560,563,-1,596,563,594,-1,594,563,565,-1,594,565,592,-1,592,565,567,-1,592,567,590,-1,590,567,569,-1,590,569,588,-1,588,569,571,-1,588,571,586,-1,586,571,573,-1,586,573,585,-1,585,573,575,-1,585,575,584,-1,584,575,576,-1,601,561,603,-1,603,561,560,-1,598,599,602,-1,602,599,600,-1,604,605,606,-1,606,605,607,-1,608,609,610,-1,610,609,611,-1,610,611,604,-1,604,611,605,-1,606,607,608,-1,608,607,609,-1,612,613,614,-1,614,613,615,-1,616,617,618,-1,616,618,619,-1,619,618,620,-1,619,620,621,-1,621,620,622,-1,621,622,623,-1,623,622,624,-1,623,624,625,-1,625,624,626,-1,625,626,627,-1,627,626,628,-1,627,628,629,-1,629,628,630,-1,629,630,631,-1,632,631,633,-1,633,631,630,-1,634,635,636,-1,636,635,637,-1,638,639,640,-1,640,639,641,-1,641,639,642,-1,642,639,643,-1,642,643,644,-1,644,643,645,-1,644,645,646,-1,646,645,647,-1,646,647,648,-1,648,647,649,-1,648,649,650,-1,650,649,651,-1,650,651,652,-1,652,651,653,-1,652,653,654,-1,654,653,655,-1,638,633,639,-1,639,633,630,-1,639,630,643,-1,643,630,628,-1,643,628,645,-1,645,628,626,-1,645,626,647,-1,647,626,624,-1,647,624,649,-1,649,624,622,-1,649,622,651,-1,651,622,620,-1,651,620,653,-1,653,620,618,-1,653,618,655,-1,655,618,617,-1,655,617,656,-1,656,617,657,-1,658,659,654,-1,654,659,616,-1,654,616,652,-1,652,616,619,-1,652,619,650,-1,650,619,621,-1,650,621,648,-1,648,621,623,-1,648,623,646,-1,646,623,625,-1,646,625,644,-1,644,625,627,-1,644,627,642,-1,642,627,629,-1,642,629,641,-1,641,629,631,-1,641,631,640,-1,640,631,632,-1,657,617,659,-1,659,617,616,-1,654,655,658,-1,658,655,656,-1,660,661,662,-1,662,661,663,-1,664,665,666,-1,666,665,667,-1,666,667,660,-1,660,667,661,-1,662,663,664,-1,664,663,665,-1,668,669,670,-1,670,669,671,-1,610,615,608,-1,608,615,613,-1,604,614,610,-1,610,614,615,-1,612,606,613,-1,613,606,608,-1,606,612,604,-1,604,612,614,-1,584,581,582,-1,582,581,579,-1,576,580,584,-1,584,580,581,-1,578,577,579,-1,579,577,582,-1,577,578,576,-1,576,578,580,-1,666,671,664,-1,664,671,669,-1,660,670,666,-1,666,670,671,-1,668,662,669,-1,669,662,664,-1,662,668,660,-1,660,668,670,-1,640,637,638,-1,638,637,635,-1,632,636,640,-1,640,636,637,-1,634,633,635,-1,635,633,638,-1,633,634,632,-1,632,634,636,-1,672,673,674,-1,672,674,675,-1,675,674,676,-1,675,676,677,-1,677,676,678,-1,677,678,679,-1,679,678,680,-1,679,680,681,-1,681,680,682,-1,681,682,683,-1,683,682,684,-1,683,684,685,-1,685,684,686,-1,685,686,687,-1,688,687,689,-1,689,687,686,-1,690,691,692,-1,692,691,693,-1,694,695,696,-1,696,695,697,-1,697,695,698,-1,698,695,699,-1,698,699,700,-1,700,699,701,-1,700,701,702,-1,702,701,703,-1,702,703,704,-1,704,703,705,-1,704,705,706,-1,706,705,707,-1,706,707,708,-1,708,707,709,-1,708,709,710,-1,710,709,711,-1,694,689,695,-1,695,689,686,-1,695,686,699,-1,699,686,684,-1,699,684,701,-1,701,684,682,-1,701,682,703,-1,703,682,680,-1,703,680,705,-1,705,680,678,-1,705,678,707,-1,707,678,676,-1,707,676,709,-1,709,676,674,-1,709,674,711,-1,711,674,673,-1,711,673,712,-1,712,673,713,-1,714,715,710,-1,710,715,672,-1,710,672,708,-1,708,672,675,-1,708,675,706,-1,706,675,677,-1,706,677,704,-1,704,677,679,-1,704,679,702,-1,702,679,681,-1,702,681,700,-1,700,681,683,-1,700,683,698,-1,698,683,685,-1,698,685,697,-1,697,685,687,-1,697,687,696,-1,696,687,688,-1,713,673,715,-1,715,673,672,-1,710,711,714,-1,714,711,712,-1,716,717,718,-1,718,717,719,-1,720,721,722,-1,722,721,723,-1,722,723,716,-1,716,723,717,-1,718,719,720,-1,720,719,721,-1,724,725,726,-1,726,725,727,-1,728,729,730,-1,728,730,731,-1,731,730,732,-1,731,732,733,-1,733,732,734,-1,733,734,735,-1,735,734,736,-1,735,736,737,-1,737,736,738,-1,737,738,739,-1,739,738,740,-1,739,740,741,-1,741,740,742,-1,741,742,743,-1,744,743,745,-1,745,743,742,-1,746,747,748,-1,748,747,749,-1,750,751,752,-1,752,751,753,-1,753,751,754,-1,754,751,755,-1,754,755,756,-1,756,755,757,-1,756,757,758,-1,758,757,759,-1,758,759,760,-1,760,759,761,-1,760,761,762,-1,762,761,763,-1,762,763,764,-1,764,763,765,-1,764,765,766,-1,766,765,767,-1,750,745,751,-1,751,745,742,-1,751,742,755,-1,755,742,740,-1,755,740,757,-1,757,740,738,-1,757,738,759,-1,759,738,736,-1,759,736,761,-1,761,736,734,-1,761,734,763,-1,763,734,732,-1,763,732,765,-1,765,732,730,-1,765,730,767,-1,767,730,729,-1,767,729,768,-1,768,729,769,-1,770,771,766,-1,766,771,728,-1,766,728,764,-1,764,728,731,-1,764,731,762,-1,762,731,733,-1,762,733,760,-1,760,733,735,-1,760,735,758,-1,758,735,737,-1,758,737,756,-1,756,737,739,-1,756,739,754,-1,754,739,741,-1,754,741,753,-1,753,741,743,-1,753,743,752,-1,752,743,744,-1,769,729,771,-1,771,729,728,-1,766,767,770,-1,770,767,768,-1,772,773,774,-1,774,773,775,-1,776,777,778,-1,778,777,779,-1,778,779,772,-1,772,779,773,-1,774,775,776,-1,776,775,777,-1,780,781,782,-1,782,781,783,-1,722,727,720,-1,720,727,725,-1,716,726,722,-1,722,726,727,-1,724,718,725,-1,725,718,720,-1,718,724,716,-1,716,724,726,-1,696,693,694,-1,694,693,691,-1,688,692,696,-1,696,692,693,-1,690,689,691,-1,691,689,694,-1,689,690,688,-1,688,690,692,-1,778,783,776,-1,776,783,781,-1,772,782,778,-1,778,782,783,-1,780,774,781,-1,781,774,776,-1,774,780,772,-1,772,780,782,-1,752,749,750,-1,750,749,747,-1,744,748,752,-1,752,748,749,-1,746,745,747,-1,747,745,750,-1,745,746,744,-1,744,746,748,-1,
        ]
    }
}
Shape{
    appearance Appearance {
        material  Material {
            diffuseColor 1.0 1.0 1.0
            specularColor 0.5019607843137255 0.5019607843137255 0.5019607843137255
            ambientIntensity 1.0
            transparency 0.0
            shininess 0.5
        }
    }
    geometry IndexedFaceSet {
        ccw TRUE
        solid FALSE
        coord DEF co Coordinate {
            point [
                7.002 0.0664 0.6357, 7.002 0.0664 0.6296, 6.998 0.0664 0.6357, 6.998 0.0664 0.6296, 7.002 0.0451 0.6357, 6.998 0.0451 0.6357, 7.002 0.0451 0.683, 6.998 0.0451 0.683, 7.002 0.0382 0.683, 6.998 0.0382 0.683, 7.002 0.0382 0.6296, 6.998 0.0382 0.6296, 6.998 0.1085 0.6318, 7.002 0.1085 0.6318, 7.002 0.1079 0.6315, 7.002 0.0938 0.6287, 6.998 0.0938 0.6287, 7.002 0.1023 0.6296, 6.998 0.0982 0.6292, 6.998 0.1023 0.6296, 6.998 0.1063 0.6309, 6.998 0.1079 0.6315, 7.002 0.1085 0.6384, 6.998 0.1085 0.6384, 6.998 0.1063 0.6374, 7.002 0.1031 0.636, 6.998 0.1031 0.636, 6.998 0.097 0.6349, 7.002 0.097 0.6349, 6.998 0.0948 0.6349, 7.002 0.0948 0.6349, 6.998 0.0898 0.6354, 7.002 0.0898 0.6354, 6.998 0.0859 0.6368, 7.002 0.0859 0.6368, 6.998 0.0824 0.6392, 7.002 0.0824 0.6392, 6.998 0.081 0.6405, 7.002 0.081 0.6405, 6.998 0.0783 0.6443, 7.002 0.0783 0.6443, 6.998 0.0766 0.6487, 7.002 0.0766 0.6487, 6.998 0.0758 0.6552, 7.002 0.0758 0.6552, 6.998 0.0758 0.6557, 7.002 0.0758 0.6557, 6.998 0.0765 0.6624, 7.002 0.0765 0.6624, 6.998 0.0782 0.6671, 7.002 0.0782 0.6671, 6.998 0.0807 0.6709, 7.002 0.0807 0.6709, 6.998 0.0814 0.6717, 7.002 0.0814 0.6717, 6.998 0.0848 0.6746, 7.002 0.0848 0.6746, 6.998 0.089 0.6766, 7.002 0.089 0.6766, 6.998 0.0936 0.6776, 7.002 0.0936 0.6776, 6.998 0.096 0.6777, 7.002 0.096 0.6777, 6.998 0.1085 0.6745, 7.002 0.1085 0.6745, 7.002 0.1077 0.675, 6.998 0.1022 0.677, 7.002 0.1022 0.677, 6.998 0.1063 0.6755, 6.998 0.1077 0.675, 7.002 0.1085 0.6817, 6.998 0.1085 0.6817, 6.998 0.0959 0.6839, 7.002 0.0959 0.6839, 7.002 0.0964 0.6839, 6.998 0.1063 0.6824, 7.002 0.1033 0.6833, 6.998 0.1033 0.6833, 6.998 0.1014 0.6834, 6.998 0.0964 0.6839, 7.002 0.0888 0.6831, 6.998 0.0918 0.6834, 6.998 0.0888 0.6831, 6.998 0.0831 0.681, 7.002 0.0831 0.681, 6.998 0.0778 0.6775, 7.002 0.0778 0.6775, 6.998 0.0763 0.676, 7.002 0.0763 0.676, 6.998 0.0726 0.6713, 6.998 0.071 0.6676, 7.002 0.07 0.6654, 7.002 0.0726 0.6713, 6.998 0.07 0.6654, 6.998 0.0687 0.6585, 7.002 0.0687 0.6585, 6.998 0.0686 0.6553, 7.002 0.0686 0.6553, 6.998 0.0694 0.6474, 7.002 0.0694 0.6474, 6.998 0.071 0.6431, 7.002 0.0715 0.6417, 6.998 0.0715 0.6417, 6.998 0.0745 0.637, 7.002 0.0745 0.637, 6.998 0.0754 0.636, 7.002 0.0754 0.636, 7.002 0.0902 0.6289, 6.998 0.0795 0.6326, 7.002 0.0795 0.6326, 6.998 0.0845 0.6302, 7.002 0.0845 0.6302, 6.998 0.089 0.6292, 6.998 0.0902 0.6289, 7.002 0.1479 0.6357, 7.002 0.1479 0.6296, 6.998 0.1479 0.6357, 6.998 0.1479 0.6296, 6.998 0.1261 0.6357, 7.002 0.1261 0.6357, 6.998 0.1405 0.6357, 7.002 0.1261 0.6537, 6.998 0.1261 0.6537, 7.002 0.1452 0.6537, 6.998 0.1405 0.6537, 6.998 0.1452 0.6537, 7.002 0.1452 0.6598, 6.998 0.1452 0.6598, 6.998 0.1261 0.6598, 7.002 0.1261 0.6598, 6.998 0.1405 0.6598, 7.002 0.1261 0.6769, 6.998 0.1261 0.6769, 7.002 0.1467 0.6769, 6.998 0.1405 0.6769, 6.998 0.1467 0.6769, 7.002 0.1467 0.683, 6.998 0.1467 0.683, 6.998 0.1192 0.683, 7.002 0.1192 0.683, 6.998 0.1405 0.683, 7.002 0.1192 0.6296, 6.998 0.1192 0.6296, 6.998 0.1405 0.6296, 7.002 0.1941 0.6538, 7.002 0.2013 0.6532, 7.002 0.1942 0.6568, 7.002 0.2015 0.657, 7.002 0.1936 0.6628, 7.002 0.2007 0.6637, 7.002 0.1922 0.6669, 7.002 0.1989 0.6689, 7.002 0.1902 0.67, 7.002 0.1956 0.6737, 7.002 0.1884 0.6718, 7.002 0.1934 0.6759, 7.002 0.1843 0.6745, 7.002 0.1881 0.6796, 7.002 0.1796 0.6762, 7.002 0.1817 0.682, 7.002 0.173 0.6769, 7.002 0.1732 0.683, 7.002 0.1649 0.6769, 7.002 0.158 0.683, 7.002 0.1649 0.6357, 7.002 0.158 0.6296, 7.002 0.1727 0.6357, 7.002 0.1727 0.6296, 7.002 0.1793 0.6364, 7.002 0.181 0.6305, 7.002 0.1839 0.638, 7.002 0.1872 0.6328, 7.002 0.1875 0.6403, 7.002 0.1924 0.6362, 7.002 0.1885 0.6413, 7.002 0.1934 0.6371, 7.002 0.1913 0.6448, 7.002 0.1972 0.6415, 7.002 0.1931 0.6488, 7.002 0.1999 0.647, 6.998 0.1727 0.6296, 6.998 0.158 0.6296, 6.998 0.181 0.6305, 6.998 0.1872 0.6328, 6.998 0.1924 0.6362, 6.998 0.1934 0.6371, 6.998 0.1972 0.6415, 6.998 0.1999 0.647, 6.998 0.2013 0.6532, 6.998 0.2015 0.657, 6.998 0.2007 0.6637, 6.998 0.1989 0.6689, 6.998 0.1956 0.6737, 6.998 0.1934 0.6759, 6.998 0.1881 0.6796, 6.998 0.1817 0.682, 6.998 0.1732 0.683, 6.998 0.158 0.683, 6.998 0.173 0.6769, 6.998 0.1649 0.6769, 6.998 0.1649 0.6357, 6.998 0.1727 0.6357, 6.998 0.1885 0.6413, 6.998 0.1875 0.6403, 6.998 0.1839 0.638, 6.998 0.1793 0.6364, 6.998 0.1942 0.6568, 6.998 0.1941 0.6538, 6.998 0.1931 0.6488, 6.998 0.1913 0.6448, 6.998 0.1884 0.6718, 6.998 0.1902 0.67, 6.998 0.1922 0.6669, 6.998 0.1936 0.6628, 6.998 0.1796 0.6762, 6.998 0.1843 0.6745
            ]
        }
        coordIndex [
            0,1,2,-1,2,1,3,-1,4,0,5,-1,5,0,2,-1,6,4,7,-1,7,4,5,-1,8,6,9,-1,9,6,7,-1,10,8,11,-1,11,8,9,-1,1,10,3,-1,3,10,11,-1,6,8,4,-1,4,8,10,-1,4,10,0,-1,0,10,1,-1,12,13,14,-1,15,16,17,-1,17,16,18,-1,18,19,17,-1,17,19,20,-1,17,20,14,-1,14,20,21,-1,14,21,12,-1,22,13,23,-1,23,13,12,-1,22,23,24,-1,22,24,25,-1,24,26,25,-1,25,26,27,-1,25,27,28,-1,28,27,29,-1,28,29,30,-1,30,29,31,-1,30,31,32,-1,32,31,33,-1,32,33,34,-1,34,33,35,-1,34,35,36,-1,36,35,37,-1,36,37,38,-1,38,37,39,-1,38,39,40,-1,40,39,41,-1,40,41,42,-1,42,41,43,-1,42,43,44,-1,44,43,45,-1,44,45,46,-1,46,45,47,-1,46,47,48,-1,48,47,49,-1,48,49,50,-1,50,49,51,-1,50,51,52,-1,52,51,53,-1,52,53,54,-1,54,53,55,-1,54,55,56,-1,56,55,57,-1,56,57,58,-1,58,57,59,-1,58,59,60,-1,60,59,61,-1,60,61,62,-1,63,64,65,-1,62,61,66,-1,62,66,67,-1,67,66,68,-1,67,68,65,-1,65,68,69,-1,65,69,63,-1,70,64,71,-1,71,64,63,-1,72,73,74,-1,70,71,75,-1,70,75,76,-1,75,77,76,-1,76,77,78,-1,76,78,74,-1,74,78,79,-1,74,79,72,-1,73,72,80,-1,80,72,81,-1,81,82,80,-1,80,82,83,-1,80,83,84,-1,84,83,85,-1,84,85,86,-1,86,85,87,-1,86,87,88,-1,88,87,89,-1,90,91,89,-1,89,91,92,-1,89,92,88,-1,90,93,91,-1,91,93,94,-1,91,94,95,-1,95,94,96,-1,95,96,97,-1,97,96,98,-1,97,98,99,-1,99,98,100,-1,99,100,101,-1,100,102,101,-1,101,102,103,-1,101,103,104,-1,104,103,105,-1,104,105,106,-1,16,15,107,-1,106,105,108,-1,106,108,109,-1,109,108,110,-1,109,110,111,-1,111,110,112,-1,111,112,107,-1,107,112,113,-1,107,113,16,-1,65,64,70,-1,40,42,99,-1,48,50,92,-1,99,42,97,-1,92,50,88,-1,65,70,67,-1,67,70,76,-1,67,76,62,-1,62,76,74,-1,62,74,60,-1,60,74,73,-1,60,73,58,-1,58,73,80,-1,58,80,56,-1,13,22,14,-1,14,22,25,-1,14,25,17,-1,17,25,15,-1,80,84,56,-1,56,84,86,-1,56,86,54,-1,54,86,88,-1,54,88,52,-1,52,88,50,-1,99,101,40,-1,40,101,104,-1,40,104,38,-1,38,104,106,-1,38,106,36,-1,36,106,109,-1,36,109,34,-1,34,109,111,-1,34,111,32,-1,32,111,107,-1,32,107,30,-1,30,107,15,-1,30,15,28,-1,28,15,25,-1,42,44,97,-1,97,44,46,-1,97,46,95,-1,95,46,48,-1,95,48,91,-1,91,48,92,-1,114,115,116,-1,116,115,117,-1,118,119,120,-1,120,119,114,-1,120,114,116,-1,121,119,122,-1,122,119,118,-1,121,122,123,-1,123,122,124,-1,123,124,125,-1,126,123,127,-1,127,123,125,-1,128,129,130,-1,130,129,126,-1,130,126,127,-1,131,129,132,-1,132,129,128,-1,131,132,133,-1,133,132,134,-1,133,134,135,-1,136,133,137,-1,137,133,135,-1,138,139,140,-1,140,139,136,-1,140,136,137,-1,141,139,142,-1,142,139,138,-1,141,142,115,-1,115,142,143,-1,115,143,117,-1,141,115,114,-1,114,119,141,-1,141,119,121,-1,141,121,139,-1,133,136,131,-1,131,136,139,-1,131,139,129,-1,129,139,121,-1,129,121,126,-1,126,121,123,-1,144,145,146,-1,146,145,147,-1,146,147,148,-1,148,147,149,-1,148,149,150,-1,150,149,151,-1,150,151,152,-1,152,151,153,-1,152,153,154,-1,154,153,155,-1,154,155,156,-1,156,155,157,-1,156,157,158,-1,158,157,159,-1,158,159,160,-1,160,159,161,-1,160,161,162,-1,162,161,163,-1,162,163,164,-1,164,163,165,-1,164,165,166,-1,166,165,167,-1,166,167,168,-1,168,167,169,-1,168,169,170,-1,170,169,171,-1,170,171,172,-1,172,171,173,-1,172,173,174,-1,174,173,175,-1,174,175,176,-1,176,175,177,-1,176,177,178,-1,178,177,179,-1,178,179,144,-1,144,179,145,-1,167,165,180,-1,180,165,181,-1,167,180,182,-1,167,182,169,-1,169,182,183,-1,169,183,171,-1,171,183,184,-1,171,184,173,-1,173,184,185,-1,173,185,175,-1,175,185,186,-1,175,186,177,-1,177,186,187,-1,177,187,179,-1,179,187,188,-1,179,188,145,-1,145,188,189,-1,145,189,147,-1,147,189,190,-1,147,190,149,-1,149,190,191,-1,149,191,151,-1,151,191,192,-1,151,192,153,-1,153,192,193,-1,153,193,155,-1,155,193,194,-1,155,194,157,-1,157,194,195,-1,157,195,159,-1,159,195,196,-1,159,196,161,-1,163,161,197,-1,197,161,196,-1,165,163,181,-1,181,163,197,-1,160,162,198,-1,198,162,199,-1,162,164,199,-1,199,164,200,-1,164,166,200,-1,200,166,201,-1,174,202,203,-1,174,203,172,-1,172,203,204,-1,172,204,170,-1,170,204,205,-1,170,205,168,-1,168,205,201,-1,168,201,166,-1,146,206,207,-1,146,207,144,-1,144,207,208,-1,144,208,178,-1,178,208,209,-1,178,209,176,-1,176,209,202,-1,176,202,174,-1,154,210,211,-1,154,211,152,-1,152,211,212,-1,152,212,150,-1,150,212,213,-1,150,213,148,-1,148,213,206,-1,148,206,146,-1,160,198,214,-1,160,214,158,-1,158,214,215,-1,158,215,156,-1,156,215,210,-1,156,210,154,-1,
        ]
    }
}
Shape{
    appearance Appearance {
        material  Material {
            diffuseColor 0.2235294117647059 0.2235294117647059 0.2235294117647059
            specularColor 0.11372549019607843 0.11372549019607843 0.11372549019607843
            ambientIntensity 0.2235
            transparency 0.0
            shininess 0.5
        }
    }
    geometry IndexedFaceSet {
        ccw TRUE
        solid FALSE
        coord DEF co Coordinate {
            point [
                6.998 0.1649 0.6769, 6.998 0.1649 0.6357, 6.998 0.173 0.6769, 6.998 0.1727 0.6357, 6.998 0.1793 0.6364, 6.998 0.1839 0.638, 6.998 0.1875 0.6403, 6.998 0.1885 0.6413, 6.998 0.1913 0.6448, 6.998 0.1931 0.6488, 6.998 0.1941 0.6538, 6.998 0.1942 0.6568, 6.998 0.1936 0.6628, 6.998 0.1922 0.6669, 6.998 0.1902 0.67, 6.998 0.1884 0.6718, 6.998 0.1796 0.6762, 6.998 0.1843 0.6745
            ]
        }
        coordIndex [
            0,1,2,-1,2,1,3,-1,2,3,4,-1,4,5,2,-1,2,5,6,-1,2,6,7,-1,7,8,2,-1,2,8,9,-1,2,9,10,-1,10,11,2,-1,2,11,12,-1,2,12,13,-1,13,14,2,-1,2,14,15,-1,2,15,16,-1,16,15,17,-1,
        ]
    }
}
Shape{
    appearance Appearance {
        material  Material {
            diffuseColor 1.0 1.0 1.0
            specularColor 0.5019607843137255 0.5019607843137255 0.5019607843137255
            ambientIntensity 1.0
            transparency 0.0
            shininess 0.5
        }
    }
    geometry IndexedFaceSet {
        ccw TRUE
        solid FALSE
        coord DEF co Coordinate {
            point [
                7.002 0.2194 0.6502, 7.002 0.2172 0.6442, 7.002 0.2373 0.6502, 7.002 0.2394 0.6442, 7.002 0.2273 0.6724, 7.002 0.2248 0.683, 7.002 0.2044 0.6296, 7.002 0.2121 0.6296, 7.002 0.2278 0.674, 7.002 0.2282 0.6762, 7.002 0.2321 0.683, 7.002 0.2284 0.6762, 7.002 0.2288 0.6739, 7.002 0.2292 0.6724, 7.002 0.2525 0.6296, 7.002 0.2449 0.6296, 6.998 0.2321 0.683, 6.998 0.2525 0.6296, 6.998 0.2248 0.683, 6.998 0.2044 0.6296, 6.998 0.2198 0.67, 6.998 0.2121 0.6296, 6.998 0.2172 0.6442, 6.998 0.2394 0.6442, 6.998 0.2198 0.6442, 6.998 0.2449 0.6296, 6.998 0.2194 0.6502, 6.998 0.2373 0.6502, 6.998 0.2292 0.6724, 6.998 0.2284 0.6762, 6.998 0.2288 0.6739, 6.998 0.2282 0.6762, 6.998 0.2273 0.6724, 6.998 0.2278 0.674
            ]
        }
        coordIndex [
            0,1,2,-1,2,1,3,-1,4,5,0,-1,0,5,6,-1,0,6,1,-1,1,6,7,-1,4,8,5,-1,5,8,9,-1,5,9,10,-1,10,9,11,-1,10,11,12,-1,12,13,10,-1,10,13,2,-1,10,2,14,-1,14,2,3,-1,14,3,15,-1,10,14,16,-1,16,14,17,-1,5,10,18,-1,18,10,16,-1,19,6,20,-1,20,6,5,-1,20,5,18,-1,7,6,21,-1,21,6,19,-1,1,7,22,-1,22,7,21,-1,23,3,24,-1,24,3,1,-1,24,1,22,-1,15,3,25,-1,25,3,23,-1,14,15,17,-1,17,15,25,-1,0,2,26,-1,26,2,27,-1,2,13,27,-1,27,13,28,-1,11,29,30,-1,11,30,12,-1,12,30,28,-1,12,28,13,-1,11,9,29,-1,29,9,31,-1,4,32,33,-1,4,33,8,-1,8,33,31,-1,8,31,9,-1,4,0,32,-1,32,0,26,-1,
        ]
    }
}
Shape{
    appearance Appearance {
        material  Material {
            diffuseColor 0.2235294117647059 0.2235294117647059 0.2235294117647059
            specularColor 0.11372549019607843 0.11372549019607843 0.11372549019607843
            ambientIntensity 0.2235
            transparency 0.0
            shininess 0.5
        }
    }
    geometry IndexedFaceSet {
        ccw TRUE
        solid FALSE
        coord DEF co Coordinate {
            point [
                6.998 0.2284 0.6762, 6.998 0.2282 0.6762, 6.998 0.2288 0.6739, 6.998 0.2278 0.674, 6.998 0.2292 0.6724, 6.998 0.2273 0.6724, 6.998 0.2373 0.6502, 6.998 0.2194 0.6502
            ]
        }
        coordIndex [
            0,1,2,-1,2,1,3,-1,2,3,4,-1,4,3,5,-1,4,5,6,-1,6,5,7,-1,
        ]
    }
}
Shape{
    appearance Appearance {
        material  Material {
            diffuseColor 1.0 1.0 1.0
            specularColor 0.5019607843137255 0.5019607843137255 0.5019607843137255
            ambientIntensity 1.0
            transparency 0.0
            shininess 0.5
        }
    }
    geometry IndexedFaceSet {
        ccw TRUE
        solid FALSE
        coord DEF co Coordinate {
            point [
                7.002 0.067 0.551, 7.002 0.067 0.5449, 6.998 0.067 0.551, 6.998 0.067 0.5449, 7.002 0.0451 0.551, 6.998 0.0451 0.551, 7.002 0.0451 0.569, 6.998 0.0451 0.569, 7.002 0.0642 0.569, 6.998 0.0642 0.569, 7.002 0.0642 0.5751, 6.998 0.0642 0.5751, 7.002 0.0451 0.5751, 6.998 0.0451 0.5751, 7.002 0.0451 0.5922, 6.998 0.0451 0.5922, 7.002 0.0657 0.5922, 6.998 0.0657 0.5922, 7.002 0.0657 0.5983, 6.998 0.0657 0.5983, 7.002 0.0382 0.5983, 6.998 0.0382 0.5983, 7.002 0.0382 0.5449, 6.998 0.0382 0.5449, 7.002 0.0971 0.5508, 7.002 0.0973 0.5508, 7.002 0.0969 0.557, 7.002 0.0811 0.5664, 7.002 0.0782 0.565, 7.002 0.0819 0.5605, 7.002 0.0973 0.56, 7.002 0.104 0.5695, 7.002 0.0973 0.5604, 7.002 0.0973 0.5641, 7.002 0.0973 0.5449, 7.002 0.104 0.5449, 7.002 0.0959 0.5546, 7.002 0.0944 0.5526, 7.002 0.0961 0.5492, 7.002 0.0936 0.5518, 7.002 0.094 0.547, 7.002 0.0917 0.5505, 7.002 0.0916 0.5454, 7.002 0.0897 0.5498, 7.002 0.0889 0.5444, 7.002 0.0872 0.5495, 7.002 0.0854 0.544, 7.002 0.0849 0.5498, 7.002 0.0814 0.5445, 7.002 0.0834 0.5503, 7.002 0.0789 0.5455, 7.002 0.0821 0.5512, 7.002 0.0766 0.547, 7.002 0.0815 0.5518, 7.002 0.0811 0.5595, 7.002 0.0761 0.5632, 7.002 0.0805 0.5583, 7.002 0.0748 0.5613, 7.002 0.0802 0.5567, 7.002 0.0828 0.5612, 7.002 0.0844 0.562, 7.002 0.086 0.5676, 7.002 0.0884 0.5629, 7.002 0.0973 0.5692, 7.002 0.0771 0.5804, 7.002 0.0771 0.5739, 7.002 0.0789 0.5814, 7.002 0.0814 0.5766, 7.002 0.0839 0.5832, 7.002 0.0855 0.5781, 7.002 0.0902 0.5839, 7.002 0.0896 0.5785, 7.002 0.0943 0.5835, 7.002 0.0918 0.5783, 7.002 0.0971 0.5827, 7.002 0.0934 0.5777, 7.002 0.0993 0.5814, 7.002 0.0946 0.577, 7.002 0.1011 0.5797, 7.002 0.0956 0.5759, 7.002 0.1025 0.5775, 7.002 0.0964 0.5745, 7.002 0.1035 0.5744, 7.002 0.0971 0.5721, 7.002 0.0738 0.5589, 7.002 0.0734 0.5561, 7.002 0.0801 0.5557, 7.002 0.0734 0.5551, 7.002 0.0803 0.5541, 7.002 0.0737 0.5521, 7.002 0.0807 0.5529, 7.002 0.0745 0.5498, 7.002 0.0759 0.5478, 6.998 0.0902 0.5839, 6.998 0.0839 0.5832, 6.998 0.0789 0.5814, 6.998 0.0771 0.5804, 6.998 0.0771 0.5739, 6.998 0.0814 0.5766, 6.998 0.0855 0.5781, 6.998 0.0896 0.5785, 6.998 0.0918 0.5783, 6.998 0.0934 0.5777, 6.998 0.0946 0.577, 6.998 0.0956 0.5759, 6.998 0.0964 0.5745, 6.998 0.0971 0.5721, 6.998 0.0973 0.5692, 6.998 0.086 0.5676, 6.998 0.0811 0.5664, 6.998 0.0782 0.565, 6.998 0.0761 0.5632, 6.998 0.0748 0.5613, 6.998 0.0738 0.5589, 6.998 0.0734 0.5561, 6.998 0.0734 0.5551, 6.998 0.0737 0.5521, 6.998 0.0745 0.5498, 6.998 0.0759 0.5478, 6.998 0.0766 0.547, 6.998 0.0854 0.544, 6.998 0.0816 0.5445, 6.998 0.0814 0.5445, 6.998 0.0789 0.5455, 6.998 0.0889 0.5444, 6.998 0.0891 0.5445, 6.998 0.0916 0.5454, 6.998 0.094 0.547, 6.998 0.0961 0.5492, 6.998 0.0971 0.5508, 6.998 0.0973 0.5508, 6.998 0.0973 0.5449, 6.998 0.104 0.5449, 6.998 0.104 0.5695, 6.998 0.1035 0.5744, 6.998 0.1025 0.5775, 6.998 0.1011 0.5797, 6.998 0.0993 0.5814, 6.998 0.0971 0.5827, 6.998 0.0943 0.5835, 6.998 0.0819 0.5605, 6.998 0.0828 0.5612, 6.998 0.0844 0.562, 6.998 0.0884 0.5629, 6.998 0.0801 0.5557, 6.998 0.0802 0.5567, 6.998 0.0805 0.5583, 6.998 0.0811 0.5595, 6.998 0.0821 0.5512, 6.998 0.0815 0.5518, 6.998 0.0807 0.5529, 6.998 0.0803 0.5541, 6.998 0.0872 0.5495, 6.998 0.0849 0.5498, 6.998 0.0834 0.5503, 6.998 0.0944 0.5526, 6.998 0.0936 0.5518, 6.998 0.0917 0.5505, 6.998 0.0897 0.5498, 6.998 0.0973 0.5604, 6.998 0.0973 0.56, 6.998 0.0969 0.557, 6.998 0.0959 0.5546, 6.998 0.0973 0.5641
            ]
        }
        coordIndex [
            0,1,2,-1,2,1,3,-1,4,0,5,-1,5,0,2,-1,6,4,7,-1,7,4,5,-1,8,6,9,-1,9,6,7,-1,10,8,11,-1,11,8,9,-1,12,10,13,-1,13,10,11,-1,14,12,15,-1,15,12,13,-1,16,14,17,-1,17,14,15,-1,18,16,19,-1,19,16,17,-1,20,18,21,-1,21,18,19,-1,22,20,23,-1,23,20,21,-1,1,22,3,-1,3,22,23,-1,22,1,0,-1,0,4,22,-1,22,4,6,-1,22,6,20,-1,16,18,14,-1,14,18,20,-1,14,20,12,-1,12,20,6,-1,12,6,10,-1,10,6,8,-1,24,25,26,-1,27,28,29,-1,30,31,32,-1,32,31,33,-1,34,35,25,-1,25,35,31,-1,25,31,26,-1,26,31,30,-1,26,36,24,-1,24,36,37,-1,24,37,38,-1,38,37,39,-1,38,39,40,-1,40,39,41,-1,40,41,42,-1,42,41,43,-1,42,43,44,-1,44,43,45,-1,44,45,46,-1,46,45,47,-1,46,47,48,-1,48,47,49,-1,48,49,50,-1,50,49,51,-1,50,51,52,-1,52,51,53,-1,29,28,54,-1,54,28,55,-1,54,55,56,-1,56,55,57,-1,56,57,58,-1,29,59,27,-1,27,59,60,-1,27,60,61,-1,61,60,62,-1,61,62,63,-1,64,65,66,-1,66,65,67,-1,66,67,68,-1,68,67,69,-1,68,69,70,-1,70,69,71,-1,70,71,72,-1,72,71,73,-1,72,73,74,-1,74,73,75,-1,74,75,76,-1,76,75,77,-1,76,77,78,-1,78,77,79,-1,78,79,80,-1,80,79,81,-1,80,81,82,-1,82,81,83,-1,82,83,31,-1,31,83,63,-1,31,63,33,-1,33,63,62,-1,57,84,58,-1,58,84,85,-1,58,85,86,-1,86,85,87,-1,86,87,88,-1,88,87,89,-1,88,89,90,-1,90,89,91,-1,90,91,53,-1,53,91,92,-1,53,92,52,-1,70,93,94,-1,70,94,68,-1,68,94,95,-1,68,95,66,-1,66,95,96,-1,66,96,64,-1,65,64,97,-1,97,64,96,-1,65,97,98,-1,65,98,67,-1,67,98,99,-1,67,99,69,-1,69,99,100,-1,69,100,71,-1,71,100,101,-1,71,101,73,-1,73,101,102,-1,73,102,75,-1,75,102,103,-1,75,103,77,-1,77,103,104,-1,77,104,79,-1,79,104,105,-1,79,105,81,-1,81,105,106,-1,81,106,83,-1,83,106,107,-1,83,107,63,-1,61,63,108,-1,108,63,107,-1,61,108,109,-1,61,109,27,-1,27,109,110,-1,27,110,28,-1,28,110,111,-1,28,111,55,-1,55,111,112,-1,55,112,57,-1,57,112,113,-1,57,113,84,-1,84,113,114,-1,84,114,85,-1,85,114,115,-1,85,115,87,-1,87,115,116,-1,87,116,89,-1,89,116,117,-1,89,117,91,-1,91,117,118,-1,91,118,92,-1,92,118,119,-1,92,119,52,-1,120,46,121,-1,121,46,48,-1,121,48,122,-1,122,48,50,-1,122,50,123,-1,123,50,52,-1,123,52,119,-1,46,120,124,-1,46,124,44,-1,44,124,125,-1,44,125,42,-1,125,126,42,-1,42,126,127,-1,42,127,40,-1,40,127,128,-1,40,128,38,-1,38,128,129,-1,38,129,24,-1,25,24,130,-1,130,24,129,-1,34,25,131,-1,131,25,130,-1,35,34,132,-1,132,34,131,-1,31,35,133,-1,133,35,132,-1,31,133,134,-1,31,134,82,-1,82,134,135,-1,82,135,80,-1,80,135,136,-1,80,136,78,-1,78,136,137,-1,78,137,76,-1,76,137,138,-1,76,138,74,-1,74,138,139,-1,74,139,72,-1,72,139,93,-1,72,93,70,-1,29,140,141,-1,29,141,59,-1,59,141,142,-1,59,142,60,-1,60,142,143,-1,60,143,62,-1,86,144,145,-1,86,145,58,-1,58,145,146,-1,58,146,56,-1,56,146,147,-1,56,147,54,-1,54,147,140,-1,54,140,29,-1,51,148,149,-1,51,149,53,-1,53,149,150,-1,53,150,90,-1,90,150,151,-1,90,151,88,-1,88,151,144,-1,88,144,86,-1,45,152,153,-1,45,153,47,-1,47,153,154,-1,47,154,49,-1,49,154,148,-1,49,148,51,-1,37,155,156,-1,37,156,39,-1,39,156,157,-1,39,157,41,-1,41,157,158,-1,41,158,43,-1,43,158,152,-1,43,152,45,-1,32,159,160,-1,32,160,30,-1,30,160,161,-1,30,161,26,-1,26,161,162,-1,26,162,36,-1,36,162,155,-1,36,155,37,-1,32,33,159,-1,159,33,163,-1,33,62,163,-1,163,62,143,-1,
        ]
    }
}
Shape{
    appearance Appearance {
        material  Material {
            diffuseColor 0.2235294117647059 0.2235294117647059 0.2235294117647059
            specularColor 0.11372549019607843 0.11372549019607843 0.11372549019607843
            ambientIntensity 0.2235
            transparency 0.0
            shininess 0.5
        }
    }
    geometry IndexedFaceSet {
        ccw TRUE
        solid FALSE
        coord DEF co Coordinate {
            point [
                6.998 0.0973 0.5641, 6.998 0.0884 0.5629, 6.998 0.0973 0.5604, 6.998 0.0844 0.562, 6.998 0.0828 0.5612, 6.998 0.0819 0.5605, 6.998 0.0973 0.56, 6.998 0.0969 0.557, 6.998 0.0811 0.5595, 6.998 0.0959 0.5546, 6.998 0.0815 0.5518, 6.998 0.0821 0.5512, 6.998 0.0936 0.5518, 6.998 0.0807 0.5529, 6.998 0.0917 0.5505, 6.998 0.0897 0.5498, 6.998 0.0872 0.5495, 6.998 0.0805 0.5583, 6.998 0.0802 0.5567, 6.998 0.0944 0.5526, 6.998 0.0801 0.5557, 6.998 0.0803 0.5541, 6.998 0.0834 0.5503, 6.998 0.0849 0.5498
            ]
        }
        coordIndex [
            0,1,2,-1,2,1,3,-1,3,4,2,-1,2,4,5,-1,2,5,6,-1,6,5,7,-1,7,5,8,-1,7,8,9,-1,10,11,12,-1,10,12,13,-1,14,12,15,-1,15,12,16,-1,8,17,9,-1,9,17,18,-1,9,18,19,-1,19,18,20,-1,19,20,12,-1,12,20,21,-1,12,21,13,-1,11,22,12,-1,12,22,23,-1,12,23,16,-1,
        ]
    }
}
Shape{
    appearance Appearance {
        material  Material {
            diffuseColor 1.0 1.0 1.0
            specularColor 0.5019607843137255 0.5019607843137255 0.5019607843137255
            ambientIntensity 1.0
            transparency 0.0
            shininess 0.5
        }
    }
    geometry IndexedFaceSet {
        ccw TRUE
        solid FALSE
        coord DEF co Coordinate {
            point [
                6.998 0.113 0.5532, 7.002 0.113 0.5532, 7.002 0.1157 0.5516, 7.002 0.124 0.5495, 6.998 0.124 0.5495, 6.998 0.1199 0.55, 7.002 0.1199 0.55, 6.998 0.1161 0.5514, 6.998 0.1157 0.5516, 7.002 0.113 0.5463, 6.998 0.113 0.5463, 6.998 0.1161 0.5452, 7.002 0.1178 0.5446, 6.998 0.1234 0.544, 7.002 0.1234 0.544, 6.998 0.119 0.5445, 6.998 0.1178 0.5446, 6.998 0.1277 0.5445, 7.002 0.1288 0.5446, 6.998 0.1288 0.5446, 6.998 0.1325 0.5459, 7.002 0.1325 0.5459, 6.998 0.1345 0.5471, 7.002 0.1345 0.5471, 6.998 0.1364 0.5487, 7.002 0.1364 0.5487, 6.998 0.1377 0.5505, 7.002 0.1377 0.5505, 6.998 0.1385 0.5526, 7.002 0.1385 0.5526, 6.998 0.1388 0.5553, 7.002 0.1388 0.5553, 6.998 0.1385 0.5578, 7.002 0.1385 0.5578, 6.998 0.1378 0.5598, 7.002 0.1378 0.5598, 6.998 0.1366 0.5616, 7.002 0.1366 0.5616, 6.998 0.135 0.563, 7.002 0.135 0.563, 6.998 0.1305 0.5655, 7.002 0.1305 0.5655, 6.998 0.1279 0.5665, 7.002 0.1279 0.5665, 6.998 0.1238 0.5683, 7.002 0.1238 0.5683, 6.998 0.1214 0.5698, 7.002 0.1214 0.5698, 6.998 0.1208 0.5705, 7.002 0.1208 0.5705, 6.998 0.1203 0.5714, 7.002 0.1203 0.5714, 6.998 0.12 0.5725, 7.002 0.12 0.5725, 6.998 0.12 0.5734, 7.002 0.12 0.5734, 6.998 0.1201 0.5744, 7.002 0.1201 0.5744, 6.998 0.1204 0.5753, 7.002 0.1204 0.5753, 6.998 0.121 0.5762, 7.002 0.121 0.5762, 6.998 0.122 0.5771, 7.002 0.122 0.5771, 6.998 0.1235 0.5779, 7.002 0.1235 0.5779, 6.998 0.1253 0.5783, 7.002 0.1253 0.5783, 6.998 0.1273 0.5785, 7.002 0.1273 0.5785, 6.998 0.1317 0.578, 7.002 0.1317 0.578, 6.998 0.1354 0.5766, 7.002 0.1354 0.5766, 6.998 0.137 0.5757, 7.002 0.137 0.5757, 7.002 0.137 0.5822, 6.998 0.137 0.5822, 6.998 0.1316 0.5837, 7.002 0.1316 0.5837, 6.998 0.1279 0.5839, 7.002 0.1279 0.5839, 6.998 0.123 0.5834, 7.002 0.123 0.5834, 6.998 0.1194 0.5821, 7.002 0.1194 0.5821, 6.998 0.1174 0.5809, 7.002 0.1174 0.5809, 6.998 0.1161 0.5798, 7.002 0.1154 0.5791, 6.998 0.1154 0.5791, 6.998 0.1141 0.5773, 7.002 0.1141 0.5773, 6.998 0.1133 0.5752, 7.002 0.1133 0.5752, 6.998 0.1131 0.5728, 7.002 0.1131 0.5728, 6.998 0.1134 0.5702, 7.002 0.1134 0.5702, 6.998 0.1141 0.5681, 7.002 0.1141 0.5681, 6.998 0.115 0.5667, 7.002 0.115 0.5667, 6.998 0.1232 0.5617, 7.002 0.1232 0.5617, 7.002 0.1192 0.5635, 6.998 0.1161 0.5656, 7.002 0.1161 0.5656, 6.998 0.1161 0.5656, 6.998 0.1192 0.5635, 6.998 0.1276 0.5598, 7.002 0.1276 0.5598, 6.998 0.1302 0.5583, 7.002 0.1302 0.5583, 6.998 0.131 0.5574, 7.002 0.131 0.5574, 6.998 0.1316 0.5565, 7.002 0.1316 0.5565, 6.998 0.1319 0.5555, 7.002 0.1319 0.5555, 6.998 0.1319 0.5546, 7.002 0.1319 0.5546, 6.998 0.1318 0.5534, 7.002 0.1318 0.5534, 6.998 0.1315 0.5524, 7.002 0.1315 0.5524, 6.998 0.1309 0.5516, 7.002 0.1309 0.5516, 6.998 0.1301 0.5509, 7.002 0.1301 0.5509, 6.998 0.1295 0.5505, 7.002 0.1295 0.5505, 6.998 0.1278 0.5499, 7.002 0.1278 0.5499, 6.998 0.1243 0.5495, 7.002 0.1243 0.5495, 7.002 0.1719 0.5831, 7.002 0.1789 0.5831, 6.998 0.1719 0.5831, 6.998 0.1789 0.5831, 7.002 0.1615 0.5543, 6.998 0.1615 0.5543, 6.998 0.161 0.5526, 7.002 0.161 0.5526, 6.998 0.1607 0.5513, 7.002 0.1607 0.5513, 7.002 0.1605 0.5513, 6.998 0.1605 0.5513, 7.002 0.1597 0.5544, 6.998 0.1597 0.5544, 7.002 0.1497 0.5831, 6.998 0.153 0.5738, 6.998 0.1497 0.5831, 7.002 0.1423 0.5831, 6.998 0.1423 0.5831, 7.002 0.1572 0.545, 6.998 0.153 0.5558, 6.998 0.1572 0.545, 6.998 0.1543 0.5381, 7.002 0.1543 0.5381, 6.998 0.157 0.5445, 6.998 0.153 0.5357, 6.998 0.153 0.5357, 7.002 0.1517 0.5343, 7.002 0.153 0.5357, 6.998 0.1517 0.5343, 6.998 0.1505 0.5334, 7.002 0.1505 0.5334, 6.998 0.149 0.5329, 7.002 0.149 0.5329, 6.998 0.1474 0.5327, 7.002 0.1474 0.5327, 6.998 0.145 0.533, 7.002 0.145 0.533, 6.998 0.1437 0.5335, 7.002 0.1437 0.5335, 7.002 0.1437 0.5275, 6.998 0.1437 0.5275, 6.998 0.1465 0.527, 7.002 0.1465 0.527, 6.998 0.148 0.527, 7.002 0.148 0.527, 6.998 0.1507 0.5273, 7.002 0.1507 0.5273, 6.998 0.153 0.5282, 7.002 0.1533 0.5283, 6.998 0.1533 0.5283, 6.998 0.1556 0.5299, 7.002 0.1556 0.5299, 6.998 0.1561 0.5303, 7.002 0.1561 0.5303, 6.998 0.1585 0.5333, 7.002 0.1585 0.5333, 6.998 0.1616 0.5392, 7.002 0.1616 0.5392, 6.998 0.1637 0.5445, 7.002 0.2148 0.551, 7.002 0.2148 0.5449, 6.998 0.2148 0.551, 6.998 0.2148 0.5449, 7.002 0.193 0.551, 6.998 0.203 0.551, 6.998 0.193 0.551, 7.002 0.193 0.569, 6.998 0.193 0.569, 7.002 0.2121 0.569, 6.998 0.203 0.569, 6.998 0.2121 0.569, 7.002 0.2121 0.5751, 6.998 0.2121 0.5751, 6.998 0.193 0.5751, 7.002 0.193 0.5751, 6.998 0.203 0.5751, 7.002 0.193 0.5922, 6.998 0.193 0.5922, 6.998 0.2136 0.5922, 7.002 0.2136 0.5922, 6.998 0.203 0.5922, 7.002 0.2136 0.5983, 6.998 0.2136 0.5983, 6.998 0.1861 0.5983, 7.002 0.1861 0.5983, 6.998 0.203 0.5983, 7.002 0.1861 0.5449, 6.998 0.1861 0.5449, 6.998 0.203 0.5449, 7.002 0.2609 0.5691, 7.002 0.2681 0.5685, 7.002 0.2611 0.5721, 7.002 0.2683 0.5723, 7.002 0.2605 0.5781, 7.002 0.2676 0.5791, 7.002 0.259 0.5822, 7.002 0.2657 0.5843, 7.002 0.257 0.5853, 7.002 0.2625 0.589, 7.002 0.2552 0.5871, 7.002 0.2603 0.5912, 7.002 0.2511 0.5898, 7.002 0.255 0.5949, 7.002 0.2464 0.5915, 7.002 0.2486 0.5973, 7.002 0.2398 0.5922, 7.002 0.2401 0.5983, 7.002 0.2318 0.5922, 7.002 0.2249 0.5983, 7.002 0.2318 0.551, 7.002 0.2249 0.5449, 7.002 0.2395 0.551, 7.002 0.2395 0.5449, 7.002 0.2462 0.5517, 7.002 0.2478 0.5458, 7.002 0.2508 0.5533, 7.002 0.254 0.5481, 7.002 0.2543 0.5556, 7.002 0.2593 0.5515, 7.002 0.2554 0.5566, 7.002 0.2603 0.5524, 7.002 0.2582 0.5601, 7.002 0.2641 0.5568, 7.002 0.26 0.5641, 7.002 0.2668 0.5623, 6.998 0.2395 0.5449, 6.998 0.2249 0.5449, 6.998 0.2478 0.5458, 6.998 0.254 0.5481, 6.998 0.2593 0.5515, 6.998 0.2603 0.5524, 6.998 0.2641 0.5568, 6.998 0.2668 0.5623, 6.998 0.2681 0.5685, 6.998 0.2683 0.5723, 6.998 0.2676 0.5791, 6.998 0.2657 0.5843, 6.998 0.2625 0.589, 6.998 0.2603 0.5912, 6.998 0.255 0.5949, 6.998 0.2486 0.5973, 6.998 0.2401 0.5983, 6.998 0.2249 0.5983, 6.998 0.2398 0.5922, 6.998 0.2318 0.5922, 6.998 0.2318 0.551, 6.998 0.2395 0.551, 6.998 0.2554 0.5566, 6.998 0.2543 0.5556, 6.998 0.2508 0.5533, 6.998 0.2462 0.5517, 6.998 0.2611 0.5721, 6.998 0.2609 0.5691, 6.998 0.26 0.5641, 6.998 0.2582 0.5601, 6.998 0.2552 0.5871, 6.998 0.257 0.5853, 6.998 0.259 0.5822, 6.998 0.2605 0.5781, 6.998 0.2464 0.5915, 6.998 0.2511 0.5898
            ]
        }
        coordIndex [
            0,1,2,-1,3,4,5,-1,3,5,6,-1,6,5,7,-1,6,7,2,-1,2,7,8,-1,2,8,0,-1,9,1,10,-1,10,1,0,-1,10,11,9,-1,9,11,12,-1,13,14,15,-1,15,14,12,-1,15,12,16,-1,16,12,11,-1,13,17,14,-1,14,17,18,-1,17,19,18,-1,18,19,20,-1,18,20,21,-1,21,20,22,-1,21,22,23,-1,23,22,24,-1,23,24,25,-1,25,24,26,-1,25,26,27,-1,27,26,28,-1,27,28,29,-1,29,28,30,-1,29,30,31,-1,31,30,32,-1,31,32,33,-1,33,32,34,-1,33,34,35,-1,35,34,36,-1,35,36,37,-1,37,36,38,-1,37,38,39,-1,39,38,40,-1,39,40,41,-1,41,40,42,-1,41,42,43,-1,43,42,44,-1,43,44,45,-1,45,44,46,-1,45,46,47,-1,47,46,48,-1,47,48,49,-1,49,48,50,-1,49,50,51,-1,51,50,52,-1,51,52,53,-1,53,52,54,-1,53,54,55,-1,55,54,56,-1,55,56,57,-1,57,56,58,-1,57,58,59,-1,59,58,60,-1,59,60,61,-1,61,60,62,-1,61,62,63,-1,63,62,64,-1,63,64,65,-1,65,64,66,-1,65,66,67,-1,67,66,68,-1,67,68,69,-1,69,68,70,-1,69,70,71,-1,71,70,72,-1,71,72,73,-1,73,72,74,-1,73,74,75,-1,76,75,77,-1,77,75,74,-1,76,77,78,-1,76,78,79,-1,79,78,80,-1,79,80,81,-1,81,80,82,-1,81,82,83,-1,83,82,84,-1,83,84,85,-1,85,84,86,-1,85,86,87,-1,86,88,87,-1,87,88,89,-1,88,90,89,-1,89,90,91,-1,89,91,92,-1,92,91,93,-1,92,93,94,-1,94,93,95,-1,94,95,96,-1,96,95,97,-1,96,97,98,-1,98,97,99,-1,98,99,100,-1,100,99,101,-1,100,101,102,-1,103,104,105,-1,102,101,106,-1,102,106,107,-1,107,106,108,-1,107,108,105,-1,105,108,109,-1,105,109,103,-1,104,103,110,-1,104,110,111,-1,111,110,112,-1,111,112,113,-1,113,112,114,-1,113,114,115,-1,115,114,116,-1,115,116,117,-1,117,116,118,-1,117,118,119,-1,119,118,120,-1,119,120,121,-1,121,120,122,-1,121,122,123,-1,123,122,124,-1,123,124,125,-1,125,124,126,-1,125,126,127,-1,127,126,128,-1,127,128,129,-1,129,128,130,-1,129,130,131,-1,131,130,132,-1,131,132,133,-1,133,132,134,-1,133,134,135,-1,135,134,4,-1,135,4,3,-1,61,63,85,-1,85,63,83,-1,111,43,104,-1,104,43,45,-1,21,23,127,-1,127,23,25,-1,127,25,125,-1,125,25,27,-1,125,27,123,-1,123,27,29,-1,123,29,121,-1,121,29,31,-1,121,31,119,-1,119,31,33,-1,119,33,117,-1,117,33,35,-1,117,35,115,-1,115,35,37,-1,115,37,113,-1,113,37,39,-1,113,39,111,-1,111,39,41,-1,111,41,43,-1,14,3,12,-1,12,3,6,-1,12,6,9,-1,9,6,2,-1,9,2,1,-1,63,65,83,-1,83,65,67,-1,83,67,81,-1,81,67,69,-1,81,69,79,-1,79,69,71,-1,79,71,76,-1,76,71,73,-1,76,73,75,-1,127,129,21,-1,21,129,131,-1,21,131,18,-1,18,131,133,-1,18,133,14,-1,14,133,135,-1,14,135,3,-1,85,87,61,-1,61,87,89,-1,61,89,59,-1,59,89,92,-1,59,92,57,-1,57,92,94,-1,57,94,55,-1,55,94,96,-1,55,96,53,-1,53,96,98,-1,53,98,51,-1,51,98,100,-1,51,100,49,-1,49,100,102,-1,49,102,47,-1,47,102,107,-1,47,107,45,-1,45,107,105,-1,45,105,104,-1,136,137,138,-1,138,137,139,-1,140,136,141,-1,141,136,138,-1,140,141,142,-1,140,142,143,-1,143,142,144,-1,143,144,145,-1,146,145,147,-1,147,145,144,-1,148,146,149,-1,149,146,147,-1,148,149,150,-1,150,149,151,-1,150,151,152,-1,153,150,154,-1,154,150,152,-1,153,154,155,-1,155,154,156,-1,155,156,157,-1,158,159,160,-1,160,159,155,-1,160,155,157,-1,159,158,161,-1,162,163,161,-1,161,163,164,-1,161,164,159,-1,162,165,163,-1,163,165,166,-1,163,166,167,-1,167,166,168,-1,167,168,169,-1,169,168,170,-1,169,170,171,-1,171,170,172,-1,171,172,173,-1,173,172,174,-1,173,174,175,-1,176,175,177,-1,177,175,174,-1,176,177,178,-1,176,178,179,-1,179,178,180,-1,179,180,181,-1,181,180,182,-1,181,182,183,-1,183,182,184,-1,183,184,185,-1,184,186,185,-1,185,186,187,-1,185,187,188,-1,188,187,189,-1,188,189,190,-1,190,189,191,-1,190,191,192,-1,192,191,193,-1,192,193,194,-1,139,137,195,-1,195,137,194,-1,195,194,193,-1,143,145,194,-1,137,136,194,-1,194,136,140,-1,194,140,143,-1,150,153,148,-1,148,153,155,-1,148,155,146,-1,192,164,190,-1,190,164,163,-1,175,176,173,-1,173,176,179,-1,173,179,171,-1,171,179,181,-1,171,181,169,-1,169,181,183,-1,169,183,167,-1,167,183,185,-1,167,185,163,-1,163,185,188,-1,163,188,190,-1,145,146,194,-1,194,146,155,-1,194,155,192,-1,192,155,159,-1,192,159,164,-1,196,197,198,-1,198,197,199,-1,196,198,200,-1,200,198,201,-1,200,201,202,-1,203,200,204,-1,204,200,202,-1,203,204,205,-1,205,204,206,-1,205,206,207,-1,208,205,209,-1,209,205,207,-1,210,211,212,-1,212,211,208,-1,212,208,209,-1,213,211,214,-1,214,211,210,-1,215,216,217,-1,217,216,213,-1,217,213,214,-1,218,216,219,-1,219,216,215,-1,220,221,222,-1,222,221,218,-1,222,218,219,-1,223,221,224,-1,224,221,220,-1,223,224,197,-1,197,224,225,-1,197,225,199,-1,223,197,196,-1,196,200,223,-1,223,200,203,-1,223,203,221,-1,216,218,213,-1,213,218,221,-1,213,221,211,-1,211,221,203,-1,211,203,208,-1,208,203,205,-1,226,227,228,-1,228,227,229,-1,228,229,230,-1,230,229,231,-1,230,231,232,-1,232,231,233,-1,232,233,234,-1,234,233,235,-1,234,235,236,-1,236,235,237,-1,236,237,238,-1,238,237,239,-1,238,239,240,-1,240,239,241,-1,240,241,242,-1,242,241,243,-1,242,243,244,-1,244,243,245,-1,244,245,246,-1,246,245,247,-1,246,247,248,-1,248,247,249,-1,248,249,250,-1,250,249,251,-1,250,251,252,-1,252,251,253,-1,252,253,254,-1,254,253,255,-1,254,255,256,-1,256,255,257,-1,256,257,258,-1,258,257,259,-1,258,259,260,-1,260,259,261,-1,260,261,226,-1,226,261,227,-1,249,247,262,-1,262,247,263,-1,249,262,264,-1,249,264,251,-1,251,264,265,-1,251,265,253,-1,253,265,266,-1,253,266,255,-1,255,266,267,-1,255,267,257,-1,257,267,268,-1,257,268,259,-1,259,268,269,-1,259,269,261,-1,261,269,270,-1,261,270,227,-1,227,270,271,-1,227,271,229,-1,229,271,272,-1,229,272,231,-1,231,272,273,-1,231,273,233,-1,233,273,274,-1,233,274,235,-1,235,274,275,-1,235,275,237,-1,237,275,276,-1,237,276,239,-1,239,276,277,-1,239,277,241,-1,241,277,278,-1,241,278,243,-1,245,243,279,-1,279,243,278,-1,247,245,263,-1,263,245,279,-1,242,244,280,-1,280,244,281,-1,244,246,281,-1,281,246,282,-1,246,248,282,-1,282,248,283,-1,256,284,285,-1,256,285,254,-1,254,285,286,-1,254,286,252,-1,252,286,287,-1,252,287,250,-1,250,287,283,-1,250,283,248,-1,228,288,289,-1,228,289,226,-1,226,289,290,-1,226,290,260,-1,260,290,291,-1,260,291,258,-1,258,291,284,-1,258,284,256,-1,236,292,293,-1,236,293,234,-1,234,293,294,-1,234,294,232,-1,232,294,295,-1,232,295,230,-1,230,295,288,-1,230,288,228,-1,242,280,296,-1,242,296,240,-1,240,296,297,-1,240,297,238,-1,238,297,292,-1,238,292,236,-1,
        ]
    }
}
Shape{
    appearance Appearance {
        material  Material {
            diffuseColor 0.2235294117647059 0.2235294117647059 0.2235294117647059
            specularColor 0.11372549019607843 0.11372549019607843 0.11372549019607843
            ambientIntensity 0.2235
            transparency 0.0
            shininess 0.5
        }
    }
    geometry IndexedFaceSet {
        ccw TRUE
        solid FALSE
        coord DEF co Coordinate {
            point [
                6.998 0.2318 0.5922, 6.998 0.2318 0.551, 6.998 0.2398 0.5922, 6.998 0.2395 0.551, 6.998 0.2462 0.5517, 6.998 0.2508 0.5533, 6.998 0.2543 0.5556, 6.998 0.2554 0.5566, 6.998 0.2582 0.5601, 6.998 0.26 0.5641, 6.998 0.2609 0.5691, 6.998 0.2611 0.5721, 6.998 0.2605 0.5781, 6.998 0.259 0.5822, 6.998 0.257 0.5853, 6.998 0.2552 0.5871, 6.998 0.2464 0.5915, 6.998 0.2511 0.5898
            ]
        }
        coordIndex [
            0,1,2,-1,2,1,3,-1,2,3,4,-1,4,5,2,-1,2,5,6,-1,2,6,7,-1,7,8,2,-1,2,8,9,-1,2,9,10,-1,10,11,2,-1,2,11,12,-1,2,12,13,-1,13,14,2,-1,2,14,15,-1,2,15,16,-1,16,15,17,-1,
        ]
    }
}
Shape{
    appearance Appearance {
        material  Material {
            diffuseColor 1.0 1.0 1.0
            specularColor 0.5019607843137255 0.5019607843137255 0.5019607843137255
            ambientIntensity 1.0
            transparency 0.0
            shininess 0.5
        }
    }
    geometry IndexedFaceSet {
        ccw TRUE
        solid FALSE
        coord DEF co Coordinate {
            point [
                7.002 0.2862 0.5656, 7.002 0.284 0.5595, 7.002 0.3041 0.5656, 7.002 0.3063 0.5595, 7.002 0.2942 0.5877, 7.002 0.2916 0.5983, 7.002 0.2713 0.5449, 7.002 0.2789 0.5449, 7.002 0.2947 0.5893, 7.002 0.2951 0.5915, 7.002 0.299 0.5983, 7.002 0.2952 0.5915, 7.002 0.2957 0.5892, 7.002 0.2961 0.5877, 7.002 0.3193 0.5449, 7.002 0.3117 0.5449, 6.998 0.299 0.5983, 6.998 0.3193 0.5449, 6.998 0.2916 0.5983, 6.998 0.2713 0.5449, 6.998 0.2789 0.5449, 6.998 0.284 0.5595, 6.998 0.3063 0.5595, 6.998 0.3117 0.5449, 6.998 0.2862 0.5656, 6.998 0.3041 0.5656, 6.998 0.2961 0.5877, 6.998 0.2952 0.5915, 6.998 0.2957 0.5892, 6.998 0.2951 0.5915, 6.998 0.2942 0.5877, 6.998 0.2947 0.5893
            ]
        }
        coordIndex [
            0,1,2,-1,2,1,3,-1,4,5,0,-1,0,5,6,-1,0,6,1,-1,1,6,7,-1,4,8,5,-1,5,8,9,-1,5,9,10,-1,10,9,11,-1,10,11,12,-1,12,13,10,-1,10,13,2,-1,10,2,14,-1,14,2,3,-1,14,3,15,-1,10,14,16,-1,16,14,17,-1,5,10,18,-1,18,10,16,-1,6,5,19,-1,19,5,18,-1,7,6,20,-1,20,6,19,-1,1,7,21,-1,21,7,20,-1,3,1,22,-1,22,1,21,-1,15,3,23,-1,23,3,22,-1,14,15,17,-1,17,15,23,-1,0,2,24,-1,24,2,25,-1,2,13,25,-1,25,13,26,-1,11,27,28,-1,11,28,12,-1,12,28,26,-1,12,26,13,-1,11,9,27,-1,27,9,29,-1,4,30,31,-1,4,31,8,-1,8,31,29,-1,8,29,9,-1,4,0,30,-1,30,0,24,-1,
        ]
    }
}
Shape{
    appearance Appearance {
        material  Material {
            diffuseColor 0.2235294117647059 0.2235294117647059 0.2235294117647059
            specularColor 0.11372549019607843 0.11372549019607843 0.11372549019607843
            ambientIntensity 0.2235
            transparency 0.0
            shininess 0.5
        }
    }
    geometry IndexedFaceSet {
        ccw TRUE
        solid FALSE
        coord DEF co Coordinate {
            point [
                6.998 0.2952 0.5915, 6.998 0.2951 0.5915, 6.998 0.2957 0.5892, 6.998 0.2947 0.5893, 6.998 0.2961 0.5877, 6.998 0.2942 0.5877, 6.998 0.3041 0.5656, 6.998 0.2862 0.5656
            ]
        }
        coordIndex [
            0,1,2,-1,2,1,3,-1,2,3,4,-1,4,3,5,-1,4,5,6,-1,6,5,7,-1,
        ]
    }
}
Shape{
    appearance Appearance {
        material  Material {
            diffuseColor 1.0 1.0 1.0
            specularColor 0.5019607843137255 0.5019607843137255 0.5019607843137255
            ambientIntensity 1.0
            transparency 0.0
            shininess 0.5
        }
    }
    geometry IndexedFaceSet {
        ccw TRUE
        solid FALSE
        coord DEF co Coordinate {
            point [
                7.002 -0.1349 0.5349, 7.002 -0.1302 0.5432, 7.002 -0.1277 0.5524, 7.002 -0.1797 0.5526, 7.002 -0.1804 0.5562, 7.002 -0.2009 0.5709, 7.002 -0.2013 0.5455, 7.002 -0.2055 0.5467, 7.002 -0.2095 0.5763, 7.002 -0.0742 0.5895, 7.002 -0.0859 0.6096, 7.002 -0.1273 0.5614, 7.002 -0.1368 0.5831, 7.002 -0.1273 0.5576, 7.002 -0.1473 0.5243, 7.002 -0.1397 0.5296, 7.002 -0.1417 0.6674, 7.002 -0.1294 0.6726, 7.002 -0.1329 0.6952, 7.002 -0.1782 0.5494, 7.002 -0.1916 0.5301, 7.002 -0.1973 0.5371, 7.002 -0.0616 0.6271, 7.002 -0.0586 0.6271, 7.002 -0.043 0.6476, 7.002 -0.0511 0.6261, 7.002 -0.0417 0.6471, 7.002 -0.0445 0.6235, 7.002 -0.0303 0.6416, 7.002 -0.0199 0.633, 7.002 -0.1536 0.5487, 7.002 -0.1557 0.5463, 7.002 -0.1585 0.5443, 7.002 -0.1557 0.5209, 7.002 -0.1618 0.543, 7.002 -0.1653 0.5197, 7.002 -0.1656 0.5425, 7.002 -0.1663 0.5197, 7.002 -0.1663 0.5425, 7.002 -0.1753 0.521, 7.002 -0.1697 0.543, 7.002 -0.1841 0.5246, 7.002 -0.1731 0.5445, 7.002 -0.176 0.5467, 7.002 -0.1518 0.5626, 7.002 -0.1509 0.559, 7.002 -0.1509 0.5556, 7.002 -0.1518 0.5519, 7.002 -0.1152 0.6973, 7.002 -0.1802 0.5599, 7.002 -0.1791 0.5635, 7.002 -0.1969 0.5788, 7.002 -0.1771 0.5666, 7.002 -0.1907 0.586, 7.002 -0.1756 0.5682, 7.002 -0.183 0.5915, 7.002 -0.1727 0.5703, 7.002 -0.1747 0.5948, 7.002 -0.1693 0.5716, 7.002 -0.1653 0.596, 7.002 -0.1656 0.5721, 7.002 -0.161 0.5958, 7.002 -0.1625 0.5717, 7.002 -0.1518 0.5936, 7.002 -0.159 0.5705, 7.002 -0.1437 0.5893, 7.002 -0.1559 0.5684, 7.002 -0.1535 0.5657, 7.002 -0.0386 0.6193, 7.002 -0.0351 0.6154, 7.002 -0.0121 0.6223, 7.002 -0.0313 0.609, 7.002 -0.0073 0.6107, 7.002 -0.0293 0.6018, 7.002 -0.0055 0.5979, 7.002 -0.029 0.5975, 7.002 -0.0071 0.5849, 7.002 -0.03 0.5898, 7.002 -0.0117 0.5728, 7.002 -0.0327 0.5831, 7.002 -0.0195 0.5618, 7.002 -0.0368 0.5773, 7.002 -0.0293 0.5534, 7.002 -0.0424 0.5726, 7.002 -0.0408 0.5476, 7.002 -0.0491 0.5694, 7.002 -0.0541 0.5447, 7.002 -0.0563 0.5679, 7.002 -0.0764 0.5447, 7.002 -0.0734 0.5679, 7.002 -0.0786 0.5451, 7.002 -0.1685 0.6397, 7.002 -0.1656 0.6381, 7.002 -0.1774 0.6658, 7.002 -0.1595 0.6506, 7.002 -0.172 0.6724, 7.002 -0.1509 0.6607, 7.002 -0.1607 0.6825, 7.002 -0.1505 0.6887, 7.002 -0.1168 0.6745, 7.002 -0.1148 0.6745, 7.002 -0.0979 0.6953, 7.002 -0.1014 0.6728, 7.002 -0.079 0.6882, 7.002 -0.0895 0.6681, 7.002 -0.0635 0.6776, 7.002 -0.0791 0.6608, 7.002 -0.0507 0.6627, 7.002 -0.0704 0.6507, 7.002 -0.0643 0.6386, 7.002 -0.2225 0.6154, 7.002 -0.2475 0.6081, 7.002 -0.2237 0.6058, 7.002 -0.2476 0.6051, 7.002 -0.223 0.5988, 7.002 -0.2456 0.5896, 7.002 -0.22 0.5896, 7.002 -0.24 0.5755, 7.002 -0.2162 0.5833, 7.002 -0.2317 0.5637, 7.002 -0.2193 0.5533, 7.002 -0.177 0.6427, 7.002 -0.1818 0.6663, 7.002 -0.1857 0.6438, 7.002 -0.1861 0.6666, 7.002 -0.191 0.6434, 7.002 -0.2018 0.6645, 7.002 -0.2002 0.6409, 7.002 -0.2158 0.6589, 7.002 -0.2085 0.6362, 7.002 -0.2278 0.6503, 7.002 -0.2138 0.6314, 7.002 -0.2298 0.6484, 7.002 -0.2191 0.6239, 7.002 -0.2392 0.6361, 7.002 -0.2451 0.6224, 7.002 -0.0753 0.5682, 7.002 -0.0844 0.5487, 7.002 -0.0836 0.5478, 7.002 -0.0742 0.568, 7.002 -0.0811 0.5461, 7.002 -0.0875 0.5565, 7.002 -0.0871 0.5537, 7.002 -0.0861 0.5511, 7.002 -0.0786 0.5679, 7.002 -0.0812 0.5669, 7.002 -0.0874 0.558, 7.002 -0.0836 0.5652, 7.002 -0.0851 0.5635, 7.002 -0.0866 0.5609, 7.002 -0.0757 0.5683, 6.998 -0.0171 0.6292, 6.998 -0.0121 0.6223, 6.998 -0.0085 0.6135, 6.998 -0.0073 0.6107, 6.998 -0.0055 0.5979, 6.998 -0.0199 0.633, 6.998 -0.0303 0.6416, 6.998 -0.0417 0.6471, 6.998 -0.043 0.6476, 6.998 -0.0507 0.6627, 6.998 -0.0635 0.6776, 6.998 -0.0721 0.6834, 6.998 -0.079 0.6882, 6.998 -0.0979 0.6953, 6.998 -0.1152 0.6973, 6.998 -0.1607 0.6825, 6.998 -0.1592 0.6834, 6.998 -0.1505 0.6887, 6.998 -0.1329 0.6952, 6.998 -0.172 0.6724, 6.998 -0.1774 0.6658, 6.998 -0.1818 0.6663, 6.998 -0.1861 0.6666, 6.998 -0.2018 0.6645, 6.998 -0.2158 0.6589, 6.998 -0.2278 0.6503, 6.998 -0.2298 0.6484, 6.998 -0.2392 0.6361, 6.998 -0.2422 0.6292, 6.998 -0.2451 0.6224, 6.998 -0.2466 0.6135, 6.998 -0.2475 0.6081, 6.998 -0.2476 0.6051, 6.998 -0.2456 0.5896, 6.998 -0.24 0.5755, 6.998 -0.2317 0.5637, 6.998 -0.2193 0.5533, 6.998 -0.2055 0.5467, 6.998 -0.2013 0.5455, 6.998 -0.2008 0.5445, 6.998 -0.1973 0.5371, 6.998 -0.1916 0.5301, 6.998 -0.1841 0.5246, 6.998 -0.181 0.5233, 6.998 -0.1753 0.521, 6.998 -0.1663 0.5197, 6.998 -0.1653 0.5197, 6.998 -0.1273 0.5576, 6.998 -0.1557 0.5209, 6.998 -0.1496 0.5233, 6.998 -0.1473 0.5243, 6.998 -0.1397 0.5296, 6.998 -0.1349 0.5349, 6.998 -0.1302 0.5432, 6.998 -0.1298 0.5445, 6.998 -0.1277 0.5524, 6.998 -0.1273 0.5614, 6.998 -0.0742 0.5895, 6.998 -0.0859 0.6096, 6.998 -0.1368 0.5831, 6.998 -0.1437 0.5893, 6.998 -0.1518 0.5936, 6.998 -0.161 0.5958, 6.998 -0.1653 0.596, 6.998 -0.1747 0.5948, 6.998 -0.183 0.5915, 6.998 -0.1907 0.586, 6.998 -0.1969 0.5788, 6.998 -0.2009 0.5709, 6.998 -0.2095 0.5763, 6.998 -0.2162 0.5833, 6.998 -0.22 0.5896, 6.998 -0.223 0.5988, 6.998 -0.2237 0.6058, 6.998 -0.2227 0.6135, 6.998 -0.2225 0.6154, 6.998 -0.2191 0.6239, 6.998 -0.2154 0.6292, 6.998 -0.2138 0.6314, 6.998 -0.2085 0.6362, 6.998 -0.2002 0.6409, 6.998 -0.191 0.6434, 6.998 -0.1857 0.6438, 6.998 -0.177 0.6427, 6.998 -0.1685 0.6397, 6.998 -0.1656 0.6381, 6.998 -0.1595 0.6506, 6.998 -0.1509 0.6607, 6.998 -0.1417 0.6674, 6.998 -0.1294 0.6726, 6.998 -0.1168 0.6745, 6.998 -0.1148 0.6745, 6.998 -0.0616 0.6271, 6.998 -0.0621 0.6292, 6.998 -0.0643 0.6386, 6.998 -0.0704 0.6507, 6.998 -0.0791 0.6608, 6.998 -0.0895 0.6681, 6.998 -0.1014 0.6728, 6.998 -0.0586 0.6271, 6.998 -0.0511 0.6261, 6.998 -0.0445 0.6235, 6.998 -0.0386 0.6193, 6.998 -0.0351 0.6154, 6.998 -0.034 0.6135, 6.998 -0.0313 0.609, 6.998 -0.0293 0.6018, 6.998 -0.029 0.5975, 6.998 -0.03 0.5898, 6.998 -0.0327 0.5831, 6.998 -0.0368 0.5773, 6.998 -0.0424 0.5726, 6.998 -0.0491 0.5694, 6.998 -0.0563 0.5679, 6.998 -0.0734 0.5679, 6.998 -0.0742 0.568, 6.998 -0.0753 0.5682, 6.998 -0.0757 0.5683, 6.998 -0.0786 0.5679, 6.998 -0.0812 0.5669, 6.998 -0.0836 0.5652, 6.998 -0.0851 0.5635, 6.998 -0.0866 0.5609, 6.998 -0.0874 0.558, 6.998 -0.0875 0.5565, 6.998 -0.0871 0.5537, 6.998 -0.0861 0.5511, 6.998 -0.0844 0.5487, 6.998 -0.0836 0.5478, 6.998 -0.0811 0.5461, 6.998 -0.0786 0.5451, 6.998 -0.0764 0.5447, 6.998 -0.0541 0.5447, 6.998 -0.0408 0.5476, 6.998 -0.0293 0.5534, 6.998 -0.0195 0.5618, 6.998 -0.0117 0.5728, 6.998 -0.0071 0.5849, 6.998 -0.1656 0.5721, 6.998 -0.1625 0.5717, 6.998 -0.159 0.5705, 6.998 -0.1559 0.5684, 6.998 -0.1535 0.5657, 6.998 -0.1518 0.5626, 6.998 -0.1509 0.559, 6.998 -0.1509 0.5556, 6.998 -0.1518 0.5519, 6.998 -0.1536 0.5487, 6.998 -0.1557 0.5463, 6.998 -0.1585 0.5443, 6.998 -0.1618 0.543, 6.998 -0.1656 0.5425, 6.998 -0.1663 0.5425, 6.998 -0.1697 0.543, 6.998 -0.1731 0.5445, 6.998 -0.176 0.5467, 6.998 -0.1782 0.5494, 6.998 -0.1797 0.5526, 6.998 -0.1804 0.5562, 6.998 -0.1802 0.5599, 6.998 -0.1791 0.5635, 6.998 -0.1771 0.5666, 6.998 -0.1756 0.5682, 6.998 -0.1727 0.5703, 6.998 -0.1693 0.5716
            ]
        }
        coordIndex [
            0,1,2,-1,3,4,5,-1,6,5,7,-1,7,5,8,-1,9,10,11,-1,11,10,12,-1,11,12,13,-1,13,12,14,-1,13,14,2,-1,2,14,15,-1,2,15,0,-1,16,17,18,-1,19,3,20,-1,20,3,5,-1,20,5,21,-1,21,5,6,-1,22,23,24,-1,24,23,25,-1,24,25,26,-1,26,25,27,-1,26,27,28,-1,28,27,29,-1,30,31,14,-1,14,31,32,-1,14,32,33,-1,33,32,34,-1,33,34,35,-1,35,34,36,-1,35,36,37,-1,37,36,38,-1,37,38,39,-1,39,38,40,-1,39,40,41,-1,41,40,42,-1,41,42,20,-1,20,42,43,-1,20,43,19,-1,44,45,12,-1,12,45,46,-1,12,46,14,-1,14,46,47,-1,14,47,30,-1,18,17,48,-1,4,49,5,-1,5,49,50,-1,5,50,51,-1,51,50,52,-1,51,52,53,-1,53,52,54,-1,53,54,55,-1,55,54,56,-1,55,56,57,-1,57,56,58,-1,57,58,59,-1,59,58,60,-1,59,60,61,-1,61,60,62,-1,61,62,63,-1,63,62,64,-1,63,64,65,-1,65,64,66,-1,65,66,12,-1,12,66,67,-1,12,67,44,-1,27,68,29,-1,29,68,69,-1,29,69,70,-1,70,69,71,-1,70,71,72,-1,72,71,73,-1,72,73,74,-1,74,73,75,-1,74,75,76,-1,76,75,77,-1,76,77,78,-1,78,77,79,-1,78,79,80,-1,80,79,81,-1,80,81,82,-1,82,81,83,-1,82,83,84,-1,84,83,85,-1,84,85,86,-1,86,85,87,-1,86,87,88,-1,88,87,89,-1,88,89,90,-1,91,92,93,-1,93,92,94,-1,93,94,95,-1,95,94,96,-1,95,96,97,-1,97,96,16,-1,97,16,98,-1,98,16,18,-1,17,99,48,-1,48,99,100,-1,48,100,101,-1,101,100,102,-1,101,102,103,-1,103,102,104,-1,103,104,105,-1,105,104,106,-1,105,106,107,-1,107,106,108,-1,107,108,24,-1,24,108,109,-1,24,109,22,-1,110,111,112,-1,112,111,113,-1,112,113,114,-1,114,113,115,-1,114,115,116,-1,116,115,117,-1,116,117,118,-1,118,117,119,-1,118,119,8,-1,8,119,120,-1,8,120,7,-1,91,93,121,-1,121,93,122,-1,121,122,123,-1,123,122,124,-1,123,124,125,-1,125,124,126,-1,125,126,127,-1,127,126,128,-1,127,128,129,-1,129,128,130,-1,129,130,131,-1,131,130,132,-1,131,132,133,-1,133,132,134,-1,133,134,110,-1,110,134,135,-1,110,135,111,-1,136,137,138,-1,89,139,90,-1,90,139,136,-1,90,136,140,-1,140,136,138,-1,141,142,136,-1,136,142,143,-1,136,143,137,-1,144,145,146,-1,145,147,146,-1,146,147,148,-1,146,148,149,-1,141,136,146,-1,146,136,150,-1,146,150,144,-1,151,29,152,-1,152,29,70,-1,152,70,153,-1,153,70,72,-1,153,72,154,-1,154,72,74,-1,154,74,155,-1,151,156,29,-1,29,156,157,-1,29,157,28,-1,28,157,158,-1,28,158,26,-1,26,158,159,-1,26,159,24,-1,24,159,160,-1,24,160,107,-1,107,160,161,-1,107,161,105,-1,105,161,103,-1,103,161,162,-1,162,163,103,-1,103,163,164,-1,103,164,101,-1,101,164,165,-1,101,165,48,-1,166,97,167,-1,167,97,98,-1,167,98,168,-1,168,98,18,-1,168,18,169,-1,169,18,48,-1,169,48,165,-1,97,166,170,-1,97,170,95,-1,95,170,171,-1,95,171,93,-1,93,171,172,-1,93,172,122,-1,122,172,173,-1,122,173,124,-1,124,173,174,-1,124,174,126,-1,126,174,175,-1,126,175,128,-1,128,175,176,-1,128,176,130,-1,130,176,177,-1,130,177,132,-1,135,134,178,-1,178,134,132,-1,178,132,177,-1,178,179,135,-1,135,179,180,-1,135,180,111,-1,111,180,181,-1,181,182,111,-1,111,182,183,-1,111,183,113,-1,113,183,184,-1,113,184,115,-1,115,184,185,-1,115,185,117,-1,117,185,186,-1,117,186,119,-1,119,186,187,-1,119,187,120,-1,120,187,188,-1,120,188,7,-1,7,188,189,-1,7,189,6,-1,6,189,190,-1,6,190,21,-1,190,191,21,-1,21,191,192,-1,21,192,20,-1,20,192,193,-1,20,193,41,-1,41,193,194,-1,41,194,39,-1,194,195,39,-1,39,195,196,-1,39,196,37,-1,37,196,197,-1,37,197,35,-1,198,13,2,-1,35,197,199,-1,200,14,199,-1,199,14,33,-1,199,33,35,-1,200,201,14,-1,14,201,202,-1,14,202,15,-1,15,202,203,-1,15,203,0,-1,0,203,204,-1,0,204,1,-1,1,204,205,-1,1,205,2,-1,2,205,206,-1,2,206,198,-1,11,13,207,-1,207,13,198,-1,9,11,208,-1,208,11,207,-1,10,9,209,-1,209,9,208,-1,12,10,210,-1,210,10,209,-1,12,210,211,-1,12,211,65,-1,65,211,212,-1,65,212,63,-1,63,212,213,-1,63,213,61,-1,61,213,214,-1,61,214,59,-1,59,214,215,-1,59,215,57,-1,57,215,216,-1,57,216,55,-1,55,216,217,-1,55,217,53,-1,53,217,218,-1,53,218,51,-1,51,218,219,-1,51,219,5,-1,5,219,220,-1,5,220,8,-1,8,220,221,-1,8,221,118,-1,118,221,222,-1,118,222,116,-1,116,222,223,-1,116,223,114,-1,114,223,224,-1,114,224,112,-1,112,224,225,-1,112,225,110,-1,110,225,226,-1,110,226,227,-1,228,131,227,-1,227,131,133,-1,227,133,110,-1,228,229,131,-1,131,229,230,-1,131,230,129,-1,129,230,231,-1,129,231,127,-1,127,231,232,-1,127,232,125,-1,125,232,233,-1,125,233,123,-1,123,233,234,-1,123,234,121,-1,121,234,235,-1,121,235,91,-1,91,235,236,-1,91,236,92,-1,92,236,237,-1,92,237,94,-1,94,237,238,-1,94,238,96,-1,96,238,239,-1,96,239,16,-1,16,239,240,-1,16,240,17,-1,17,240,241,-1,17,241,99,-1,99,241,242,-1,99,242,100,-1,243,22,244,-1,244,22,109,-1,244,109,245,-1,245,109,108,-1,245,108,246,-1,246,108,106,-1,246,106,247,-1,247,106,104,-1,247,104,248,-1,248,104,102,-1,248,102,249,-1,249,102,100,-1,249,100,242,-1,23,22,250,-1,250,22,243,-1,23,250,251,-1,23,251,25,-1,25,251,252,-1,25,252,27,-1,27,252,253,-1,27,253,68,-1,68,253,254,-1,68,254,69,-1,69,254,255,-1,69,255,71,-1,255,256,71,-1,71,256,257,-1,71,257,73,-1,73,257,258,-1,73,258,75,-1,75,258,259,-1,75,259,77,-1,77,259,260,-1,77,260,79,-1,79,260,261,-1,79,261,81,-1,81,261,262,-1,81,262,83,-1,83,262,263,-1,83,263,85,-1,85,263,264,-1,85,264,87,-1,89,87,265,-1,265,87,264,-1,89,265,266,-1,89,266,139,-1,139,266,267,-1,139,267,136,-1,136,267,268,-1,136,268,150,-1,150,268,269,-1,150,269,144,-1,144,269,270,-1,144,270,145,-1,145,270,271,-1,145,271,147,-1,147,271,272,-1,147,272,148,-1,148,272,273,-1,148,273,149,-1,149,273,274,-1,149,274,146,-1,146,274,275,-1,146,275,141,-1,141,275,276,-1,141,276,142,-1,142,276,277,-1,142,277,143,-1,143,277,278,-1,143,278,137,-1,137,278,279,-1,137,279,138,-1,138,279,280,-1,138,280,140,-1,140,280,281,-1,140,281,90,-1,90,281,282,-1,90,282,88,-1,86,88,283,-1,283,88,282,-1,86,283,284,-1,86,284,84,-1,84,284,285,-1,84,285,82,-1,82,285,286,-1,82,286,80,-1,80,286,287,-1,80,287,78,-1,78,287,288,-1,78,288,76,-1,76,288,155,-1,76,155,74,-1,60,289,290,-1,60,290,62,-1,62,290,291,-1,62,291,64,-1,64,291,292,-1,64,292,66,-1,66,292,293,-1,66,293,67,-1,67,293,294,-1,67,294,44,-1,44,294,295,-1,44,295,45,-1,45,295,296,-1,45,296,46,-1,46,296,297,-1,46,297,47,-1,47,297,298,-1,47,298,30,-1,30,298,299,-1,30,299,31,-1,31,299,300,-1,31,300,32,-1,32,300,301,-1,32,301,34,-1,34,301,302,-1,34,302,36,-1,36,302,303,-1,36,303,38,-1,38,303,304,-1,38,304,40,-1,40,304,305,-1,40,305,42,-1,42,305,306,-1,42,306,43,-1,43,306,307,-1,43,307,19,-1,19,307,308,-1,19,308,3,-1,3,308,309,-1,3,309,4,-1,4,309,310,-1,4,310,49,-1,49,310,311,-1,49,311,50,-1,50,311,312,-1,50,312,52,-1,52,312,313,-1,52,313,54,-1,54,313,314,-1,54,314,56,-1,56,314,315,-1,56,315,58,-1,58,315,289,-1,58,289,60,-1,
        ]
    }
}
Shape{
    appearance Appearance {
        material  Material {
            diffuseColor 0.2235294117647059 0.2235294117647059 0.2235294117647059
            specularColor 0.11372549019607843 0.11372549019607843 0.11372549019607843
            ambientIntensity 0.2235
            transparency 0.0
            shininess 0.5
        }
    }
    geometry IndexedFaceSet {
        ccw TRUE
        solid FALSE
        coord DEF co Coordinate {
            point [
                6.998 -0.1663 0.5425, 6.998 -0.1756 0.5682, 6.998 -0.1771 0.5666, 6.998 -0.1618 0.543, 6.998 -0.1585 0.5443, 6.998 -0.1625 0.5717, 6.998 -0.1656 0.5721, 6.998 -0.1693 0.5716, 6.998 -0.1727 0.5703, 6.998 -0.1797 0.5526, 6.998 -0.1782 0.5494, 6.998 -0.176 0.5467, 6.998 -0.1656 0.5425, 6.998 -0.1791 0.5635, 6.998 -0.1802 0.5599, 6.998 -0.1804 0.5562, 6.998 -0.1731 0.5445, 6.998 -0.1697 0.543, 6.998 -0.1557 0.5463, 6.998 -0.1536 0.5487, 6.998 -0.1518 0.5519, 6.998 -0.1509 0.5556, 6.998 -0.1509 0.559, 6.998 -0.1518 0.5626, 6.998 -0.1535 0.5657, 6.998 -0.1559 0.5684, 6.998 -0.159 0.5705
            ]
        }
        coordIndex [
            0,1,2,-1,3,4,5,-1,6,7,0,-1,0,7,8,-1,0,8,1,-1,9,10,2,-1,2,10,11,-1,6,0,5,-1,5,0,12,-1,5,12,3,-1,13,14,2,-1,2,14,15,-1,2,15,9,-1,11,16,2,-1,2,16,17,-1,2,17,0,-1,4,18,5,-1,5,18,19,-1,5,19,20,-1,20,21,5,-1,5,21,22,-1,5,22,23,-1,23,24,5,-1,5,24,25,-1,5,25,26,-1,
        ]
    }
}