#VRML V2.0 utf8
# 3D model generated by kicad-lcsc-manager
# Based on easyeda2kicad.py v1.0.1

Shape{
    appearance Appearance {
        material  Material {
            diffuseColor 0.20784313725490197 0.20784313725490197 0.20784313725490197
            specularColor 0.01568627450980392 0.01568627450980392 0.01568627450980392
            ambientIntensity 0.298
            transparency 0.0
            shininess 0.5
        }
    }
    geometry IndexedFaceSet {
        ccw TRUE
        solid FALSE
        coord DEF co Coordinate {
            point [
                1.5 -0.6693 0.3937, 1.5 -0.499 0.3937, 1.0 -0.499 0.3937, 0.1706 -0.0669 0.3937, 0.1706 -0.0477 0.3937, 0.1686 -0.0477 0.3937, 0.3287 0.1713 0.3937, 0.3006 0.1713 0.3937, 0.3006 0.1298 0.3937, 0.2282 0.1298 0.3937, 0.2282 0.1713 0.3937, 0.1836 0.1713 0.3937, 0.1499 0.0747 0.3937, 0.1503 0.0745 0.3937, 0.1503 0.1298 0.3937, 0.1128 0.0494 0.3937, 0.0999 0.0494 0.3937, 0.1128 0.0334 0.3937, 0.0999 0.0334 0.3937, 0.1194 0.0334 0.3937, 0.1194 0.0279 0.3937, 0.1239 0.0275 0.3937, 0.1128 0.0275 0.3937, 0.1239 0.1298 0.3937, 0.1183 0.0701 0.3937, 0.1183 0.0756 0.3937, 0.117 0.0494 0.3937, 0.117 0.0549 0.3937, 0.1128 0.0549 0.3937, 0.1128 0.0701 0.3937, 0.0999 0.0701 0.3937, 0.0999 0.0549 0.3937, 0.1128 0.0279 0.3937, 0.0938 0.0279 0.3937, 0.091 0.0275 0.3937, 0.0938 0.0756 0.3937, 0.1128 0.0756 0.3937, 0.1128 0.1298 0.3937, 0.091 0.1298 0.3937, 0.1706 0.0298 0.3937, 0.1686 0.0275 0.3937, 0.1699 0.0279 0.3937, 0.1706 0.0275 0.3937, 0.1706 0.0279 0.3937, 0.1767 0.0279 0.3937, 0.1836 0.0275 0.3937, 0.1813 0.041 0.3937, 0.2282 0.0275 0.3937, 0.206 0.0279 0.3937, 0.2128 0.0279 0.3937, 0.1836 0.041 0.3937, 0.2011 0.041 0.3937, 0.1946 0.0756 0.3937, 0.188 0.0756 0.3937, 0.0842 0.0358 0.3937, 0.0842 0.0299 0.3937, 0.0834 0.0295 0.3937, 0.0783 0.0278 0.3937, 0.0753 0.0275 0.3937, 0.0522 0.0652 0.3937, 0.0554 0.0694 0.3937, 0.0507 0.1298 0.3937, 0.0571 0.071 0.3937, 0.0619 0.0741 0.3937, 0.0744 0.0327 0.3937, 0.0797 0.0338 0.3937, 0.055 0.0508 0.3937, 0.055 0.0512 0.3937, 0.0593 0.0648 0.3937, 0.0571 0.0614 0.3937, 0.0556 0.0571 0.3937, 0.0558 0.0449 0.3937, 0.0573 0.0411 0.3937, 0.0597 0.0376 0.3937, 0.067 0.0758 0.3937, 0.073 0.0764 0.3937, 0.0734 0.0764 0.3937, 0.0796 0.0759 0.3937, 0.0842 0.0745 0.3937, 0.0842 0.068 0.3937, 0.0834 0.0685 0.3937, 0.0785 0.0703 0.3937, 0.0606 0.0368 0.3937, 0.0637 0.0346 0.3937, 0.073 0.0709 0.3937, 0.0709 0.0708 0.3937, 0.0668 0.0699 0.3937, 0.0671 0.0332 0.3937, 0.0719 0.0326 0.3937, 0.0631 0.0681 0.3937, 0.06 0.0656 0.3937, 0.0478 0.1298 0.3937, 0.0498 0.06 0.3937, 0.0507 0.0619 0.3937, 0.0507 0.0401 0.3937, 0.0495 0.0432 0.3937, 0.0478 0.0275 0.3937, 0.0486 0.0509 0.3937, 0.0487 0.0539 0.3937, 0.0585 0.0305 0.3937, 0.0547 0.0337 0.3937, 0.0507 0.0275 0.3937, 0.0542 0.0342 0.3937, 0.0514 0.0382 0.3937, 0.0711 0.0271 0.3937, 0.0681 0.0273 0.3937, 0.0507 0.0136 0.3937, 0.0669 0.0275 0.3937, 0.063 0.0284 0.3937, 0.1658 0.0435 0.3937, 0.1634 0.0386 0.3937, 0.16 0.0693 0.3937, 0.1622 0.0672 0.3937, 0.1686 0.1298 0.3937, 0.1671 0.049 0.3937, 0.1556 0.0724 0.3937, 0.1503 0.0292 0.3937, 0.1503 0.0275 0.3937, 0.155 0.031 0.3937, 0.16 0.0346 0.3937, 0.1596 0.0342 0.3937, 0.165 0.0629 0.3937, 0.1666 0.0582 0.3937, 0.1672 0.0524 0.3937, 0.1836 0.1298 0.3937, 0.1836 0.064 0.3937, 0.1706 0.1298 0.3937, 0.1495 0.0289 0.3937, 0.1415 0.0279 0.3937, 0.1284 0.0279 0.3937, 0.1284 0.0756 0.3937, 0.142 0.0756 0.3937, 0.1713 0.1713 0.3937, 0.1713 0.3287 0.3937, 0.3006 0.3287 0.3937, 0.3287 0.3287 0.3937, 0.5 0.6693 0.3937, 0.5 0.1298 0.3937, 0.3006 0.6693 0.3937, 0.2282 0.6693 0.3937, 0.2282 0.3287 0.3937, 0.1836 0.6693 0.3937, 0.1836 0.3287 0.3937, 0.1836 -0.0669 0.3937, 0.1713 -0.1713 0.3937, 0.1836 -0.3287 0.3937, 0.1713 -0.3287 0.3937, 0.1706 -0.499 0.3937, 0.1836 -0.499 0.3937, 0.2282 -0.499 0.3937, 0.2282 -0.3287 0.3937, 0.3006 -0.499 0.3937, 0.3006 -0.3287 0.3937, 0.3287 -0.3287 0.3937, 0.5 -0.499 0.3937, 0.3287 -0.1713 0.3937, 0.5 -0.0669 0.3937, 0.3006 -0.1713 0.3937, 0.1836 -0.1713 0.3937, 0.2282 -0.1713 0.3937, 0.2282 -0.0669 0.3937, 0.3006 -0.0669 0.3937, 0.1239 -0.0219 0.3937, 0.1299 -0.0392 0.3937, 0.1316 -0.0393 0.3937, 0.1307 -0.042 0.3937, 0.1308 -0.042 0.3937, 0.1311 -0.0408 0.3937, 0.1239 0.0136 0.3937, 0.1409 -0.0136 0.3937, 0.1503 0.0136 0.3937, 0.147 -0.0136 0.3937, 0.1503 -0.0669 0.3937, 0.1316 -0.0528 0.3937, 0.1289 -0.0581 0.3937, 0.1267 -0.0607 0.3937, 0.1263 -0.0611 0.3937, 0.1239 -0.0669 0.3937, 0.1242 -0.0625 0.3937, 0.1239 -0.0626 0.3937, 0.121 -0.0136 0.3937, 0.1144 -0.0136 0.3937, 0.1128 0.0136 0.3937, 0.1128 -0.0669 0.3937, 0.1156 -0.0579 0.3937, 0.1156 -0.0632 0.3937, 0.1239 -0.0379 0.3937, 0.1219 -0.0634 0.3937, 0.1194 -0.0637 0.3937, 0.1181 -0.0636 0.3937, 0.1168 -0.0583 0.3937, 0.119 -0.0586 0.3937, 0.1204 -0.0584 0.3937, 0.1217 -0.0579 0.3937, 0.1228 -0.0572 0.3937, 0.1239 -0.0559 0.3937, 0.1239 -0.0559 0.3937, 0.1251 -0.0538 0.3937, 0.1277 -0.0476 0.3937, 0.1093 -0.0328 0.3937, 0.1104 -0.0344 0.3937, 0.1096 -0.0202 0.3937, 0.111 -0.0362 0.3937, 0.1113 -0.0384 0.3937, 0.0935 -0.0147 0.3937, 0.0967 -0.0134 0.3937, 0.091 0.0136 0.3937, 0.1016 -0.0128 0.3937, 0.105 -0.0131 0.3937, 0.1096 -0.0144 0.3937, 0.111 -0.0408 0.3937, 0.1102 -0.0427 0.3937, 0.1091 -0.0443 0.3937, 0.1074 -0.0458 0.3937, 0.1059 -0.0467 0.3937, 0.1028 -0.0479 0.3937, 0.091 -0.0669 0.3937, 0.0975 -0.0485 0.3937, 0.101 -0.0177 0.3937, 0.0992 -0.0178 0.3937, 0.0945 -0.0223 0.3937, 0.0976 -0.0182 0.3937, 0.0963 -0.019 0.3937, 0.0945 -0.0231 0.3937, 0.0948 -0.024 0.3937, 0.0952 -0.0248 0.3937, 0.0958 -0.0254 0.3937, 0.0979 -0.0268 0.3937, 0.1049 -0.0181 0.3937, 0.1016 -0.0284 0.3937, 0.1083 -0.0194 0.3937, 0.1039 -0.0293 0.3937, 0.1078 -0.0315 0.3937, 0.0954 -0.0198 0.3937, 0.0949 -0.0205 0.3937, 0.0946 -0.0213 0.3937, 0.054 -0.0332 0.3937, 0.0552 -0.0314 0.3937, 0.0562 -0.0218 0.3937, 0.0904 -0.0171 0.3937, 0.091 -0.0165 0.3937, 0.0921 -0.0155 0.3937, 0.0802 -0.0477 0.3937, 0.0742 -0.0477 0.3937, 0.0507 -0.0669 0.3937, 0.0886 -0.0251 0.3937, 0.0802 -0.0258 0.3937, 0.0906 -0.0417 0.3937, 0.091 -0.0419 0.3937, 0.091 -0.0292 0.3937, 0.09 -0.0282 0.3937, 0.0892 -0.0269 0.3937, 0.0883 -0.0403 0.3937, 0.0693 -0.0179 0.3937, 0.0673 -0.0177 0.3937, 0.0641 -0.0274 0.3937, 0.0883 -0.0465 0.3937, 0.091 -0.0474 0.3937, 0.0925 -0.048 0.3937, 0.06 -0.0481 0.3937, 0.0578 -0.0472 0.3937, 0.091 -0.0292 0.3937, 0.0571 -0.0299 0.3937, 0.0596 -0.0286 0.3937, 0.0603 -0.0192 0.3937, 0.0641 -0.018 0.3937, 0.0636 -0.0485 0.3937, 0.0712 -0.0458 0.3937, 0.0691 -0.0473 0.3937, 0.0558 -0.0458 0.3937, 0.0551 -0.0451 0.3937, 0.0538 -0.0433 0.3937, 0.0893 -0.0188 0.3937, 0.0775 -0.0165 0.3937, 0.0885 -0.0207 0.3937, 0.0788 -0.0185 0.3937, 0.0797 -0.0212 0.3937, 0.0531 -0.0413 0.3937, 0.0528 -0.0386 0.3937, 0.0528 -0.0378 0.3937, 0.0532 -0.0353 0.3937, 0.0883 -0.0228 0.3937, 0.0623 -0.0135 0.3937, 0.0679 -0.0128 0.3937, 0.0714 -0.0132 0.3937, 0.0739 -0.0139 0.3937, 0.0742 -0.026 0.3937, 0.074 -0.0234 0.3937, 0.0734 -0.0213 0.3937, 0.0727 -0.02 0.3937, 0.0667 -0.0481 0.3937, 0.0562 -0.016 0.3937, 0.0578 -0.0151 0.3937, 0.0759 -0.015 0.3937, 0.0742 -0.0424 0.3937, 0.0741 -0.0424 0.3937, 0.0731 -0.0438 0.3937, 0.0718 -0.0191 0.3937, 0.0707 -0.0184 0.3937, 0.0943 -0.0432 0.3937, 0.0973 -0.0327 0.3937, 0.0938 -0.0311 0.3937, 0.0981 -0.0436 0.3937, 0.0984 -0.0436 0.3937, 0.1013 -0.0343 0.3937, 0.1014 -0.0432 0.3937, 0.1051 -0.039 0.3937, 0.1051 -0.0382 0.3937, 0.103 -0.0427 0.3937, 0.1035 -0.0424 0.3937, 0.1042 -0.0417 0.3937, 0.1047 -0.041 0.3937, 0.105 -0.0401 0.3937, 0.1048 -0.0373 0.3937, 0.1043 -0.0365 0.3937, 0.1036 -0.0357 0.3937, 0.002 0.1298 0.3937, -0.0944 0.1298 0.3937, -0.0944 0.0844 0.3937, -0.0394 0.0385 0.3937, -0.0302 0.0307 0.3937, 0.002 0.0275 0.3937, -0.0845 0.0809 0.3937, -0.0694 0.0708 0.3937, -0.0582 0.0578 0.3937, -0.0511 0.044 0.3937, -0.0495 0.0435 0.3937, -0.5 0.1298 0.3937, -0.5 0.0275 0.3937, -0.229 0.0275 0.3937, -0.1323 0.0863 0.3937, -0.1155 0.0884 0.3937, -0.1015 0.0869 0.3937, -0.226 0.0342 0.3937, -0.2178 0.0447 0.3937, -0.2156 0.0468 0.3937, -0.2048 0.0544 0.3937, -0.1922 0.0593 0.3937, -0.1789 0.061 0.3937, -0.1479 0.0803 0.3937, -0.1562 0.0752 0.3937, -0.1641 0.0684 0.3937, -0.175 0.0607 0.3937, -0.1711 0.0603 0.3937, -0.209 -0.0399 0.3937, -0.2195 -0.0309 0.3937, -0.5 -0.0669 0.3937, -0.1742 -0.0669 0.3937, -0.1773 -0.0657 0.3937, -0.184 -0.0607 0.3937, -0.189 -0.0544 0.3937, -0.2273 -0.0199 0.3937, -0.2321 -0.0072 0.3937, -0.5 0.0136 0.3937, -0.2338 0.0061 0.3937, -0.2337 0.0093 0.3937, -0.2329 0.0136 0.3937, -0.2314 0.022 0.3937, -0.1967 -0.0459 0.3937, -0.1924 -0.0472 0.3937, -0.1713 -0.1713 0.3937, -0.0944 -0.0669 0.3937, -0.1462 -0.0669 0.3937, -0.152 -0.0692 0.3937, -0.1602 -0.0702 0.3937, -0.1615 -0.0702 0.3937, -0.1695 -0.0689 0.3937, -0.3287 -0.1713 0.3937, -0.3287 -0.3287 0.3937, -0.5 -0.499 0.3937, -0.1713 -0.3287 0.3937, -0.0944 -0.499 0.3937, -0.1265 -0.0399 0.3937, -0.1285 -0.0483 0.3937, -0.1326 -0.0558 0.3937, -0.1263 -0.0363 0.3937, -0.0944 -0.016 0.3937, -0.1263 -0.0329 0.3937, -0.1377 -0.0616 0.3937, -0.1444 -0.0663 0.3937, -0.0191 0.0107 0.3937, -0.0176 -0.0004 0.3937, 0.002 0.0136 0.3937, -0.0894 0.0101 0.3937, -0.0388 0.0025 0.3937, -0.0404 0.009 0.3937, -0.0191 -0.0125 0.3937, -0.0234 -0.0232 0.3937, 0.002 -0.0669 0.3937, -0.0301 -0.0326 0.3937, -0.0393 -0.0404 0.3937, -0.0887 -0.0311 0.3937, -0.0873 -0.0296 0.3937, -0.0789 -0.0078 0.3937, -0.0852 -0.0281 0.3937, -0.0829 -0.0272 0.3937, -0.0803 -0.0268 0.3937, -0.0799 -0.0268 0.3937, -0.0789 -0.0271 0.3937, -0.09 -0.0334 0.3937, -0.0907 -0.036 0.3937, -0.0828 -0.0475 0.3937, -0.0851 -0.0466 0.3937, -0.0873 -0.0451 0.3937, -0.0908 -0.0373 0.3937, -0.0904 -0.0398 0.3937, -0.0782 -0.0272 0.3937, -0.063 -0.0272 0.3937, -0.0599 -0.0268 0.3937, -0.0496 -0.0454 0.3937, -0.0609 -0.0478 0.3937, -0.0809 -0.0478 0.3937, -0.0881 -0.0443 0.3937, -0.0895 -0.0421 0.3937, -0.0448 -0.0179 0.3937, -0.0413 -0.0125 0.3937, -0.0392 -0.0063 0.3937, -0.0386 -0.0007 0.3937, -0.0536 -0.0247 0.3937, -0.0481 -0.0212 0.3937, -0.0429 0.0136 0.3937, -0.0944 0.0136 0.3937, -0.0944 0.0075 0.3937, -0.1408 -0.0082 0.3937, -0.1348 -0.0136 0.3937, -0.1602 -0.0021 0.3937, -0.1561 -0.0023 0.3937, -0.1479 -0.0043 0.3937, -0.1884 -0.0172 0.3937, -0.212 0.0014 0.3937, -0.2096 -0.0068 0.3937, -0.2056 -0.0136 0.3937, -0.1995 -0.0199 0.3937, -0.1921 -0.0244 0.3937, -0.2124 0.0067 0.3937, -0.1828 -0.0108 0.3937, -0.2116 0.0136 0.3937, -0.1758 -0.006 0.3937, -0.1683 -0.0031 0.3937, -0.0944 0.0275 0.3937, -0.205 0.0275 0.3937, -0.2085 0.0225 0.3937, -0.2114 0.015 0.3937, -0.1478 0.0553 0.3937, -0.1554 0.0463 0.3937, -0.1606 0.0355 0.3937, -0.1629 0.0368 0.3937, -0.1036 0.0667 0.3937, -0.1152 0.0681 0.3937, -0.1705 0.0396 0.3937, -0.1785 0.0406 0.3937, -0.1821 0.0404 0.3937, -0.1277 0.0665 0.3937, -0.1387 0.062 0.3937, -0.1905 0.0384 0.3937, -0.198 0.0344 0.3937, -0.2038 0.0293 0.3937, -0.0835 0.056 0.3937, -0.093 0.0626 0.3937, -0.0944 0.0631 0.3937, -0.0681 0.0275 0.3937, -0.0698 0.0352 0.3937, -0.0751 0.0461 0.3937, -0.0827 0.0553 0.3937, -0.0677 0.0257 0.3937, -0.065 0.0257 0.3937, -0.0595 0.0251 0.3937, -0.0436 0.0148 0.3937, -0.0481 0.0196 0.3937, -0.0535 0.0231 0.3937, -0.0279 0.0275 0.3937, -0.0233 0.0211 0.3937, -0.0203 0.0136 0.3937, 0.1596 -0.0262 0.3937, 0.1596 -0.0422 0.3937, 0.1686 -0.0422 0.3937, 0.1686 -0.0262 0.3937, 0.1706 -0.0422 0.3937, 0.1706 -0.0262 0.3937, 0.1791 -0.0477 0.3937, 0.1791 -0.0422 0.3937, 0.1706 0.0 0.3937, 0.178 0.0 0.3937, 0.1836 0.0136 0.3937, 0.178 -0.0055 0.3937, 0.1767 -0.0262 0.3937, 0.1767 -0.0207 0.3937, 0.1706 -0.0055 0.3937, 0.1706 -0.0207 0.3937, 0.1686 -0.0055 0.3937, 0.1686 -0.0207 0.3937, 0.1596 -0.0055 0.3937, 0.1596 -0.0207 0.3937, 0.1706 0.0136 0.3937, 0.1686 0.0136 0.3937, 0.1686 0.0 0.3937, 0.1535 0.0 0.3937, 0.1535 -0.0477 0.3937, 0.1686 -0.0669 0.3937, 0.0215 -0.0477 0.3937, 0.0215 0.0 0.3937, 0.046 0.0 0.3937, 0.0469 0.0136 0.3937, 0.046 -0.0055 0.3937, 0.0276 -0.0055 0.3937, 0.0276 -0.0207 0.3937, 0.0276 -0.0262 0.3937, 0.0276 -0.0422 0.3937, 0.0447 -0.0262 0.3937, 0.0469 -0.0422 0.3937, 0.0447 -0.0207 0.3937, 0.0469 -0.0477 0.3937, 0.0469 -0.0669 0.3937, 0.0471 -0.0477 0.3937, 0.0478 -0.0669 0.3937, 0.0471 -0.0422 0.3937, 0.0478 0.0136 0.3937, 1.0 0.6693 0.3937, 1.1713 0.3287 0.3937, 1.5 0.6693 0.3937, 1.3287 0.3287 0.3937, 1.5 0.1298 0.3937, 1.3287 0.1713 0.3937, 0.8287 0.3287 0.3937, 1.0 0.1298 0.3937, 1.1713 0.1713 0.3937, 0.6713 0.3287 0.3937, 0.6713 0.1713 0.3937, 0.8287 0.1713 0.3937, 0.1706 0.6693 0.3937, 0.1686 0.6693 0.3937, 0.1503 0.6693 0.3937, 0.1239 0.6693 0.3937, 0.1128 0.6693 0.3937, 0.091 0.6693 0.3937, 0.0507 0.6693 0.3937, 0.0478 0.6693 0.3937, -0.1713 0.3287 0.3937, -0.0944 0.6693 0.3937, -0.3287 0.3287 0.3937, -0.5 0.6693 0.3937, -0.3287 0.1713 0.3937, 0.002 0.6693 0.3937, 0.0469 0.1298 0.3937, 0.0469 0.6693 0.3937, -0.1713 0.1713 0.3937, -0.6713 0.3287 0.3937, -0.8287 0.3287 0.3937, -1.0 0.6693 0.3937, -0.8287 0.1713 0.3937, -1.3287 0.3287 0.3937, -1.1713 0.3287 0.3937, -1.0 0.1298 0.3937, -0.6713 0.1713 0.3937, -1.1713 0.1713 0.3937, -1.3287 0.1713 0.3937, -1.4144 0.1298 0.3937, -1.4144 0.6693 0.3937, 0.0466 0.0279 0.3937, 0.0469 0.0275 0.3937, 0.0466 0.0334 0.3937, 0.0215 0.0279 0.3937, 0.0215 0.0756 0.3937, 0.0276 0.0756 0.3937, 0.0276 0.0334 0.3937, 1.5 0.0275 0.3937, 1.0 0.0275 0.3937, 1.5 0.0136 0.3937, 1.0 0.0136 0.3937, 1.5 -0.0669 0.3937, 0.5 0.0275 0.3937, 0.5 0.0136 0.3937, 0.3006 0.0275 0.3937, 0.3006 0.0136 0.3937, 0.2282 0.0136 0.3937, 1.0 -0.0669 0.3937, 0.2543 0.0 0.3937, 0.2725 -0.0477 0.3937, 0.2608 -0.0346 0.3937, 0.2409 -0.0346 0.3937, 0.2657 -0.0477 0.3937, 0.2364 -0.0477 0.3937, 0.2477 0.0 0.3937, 0.2296 -0.0477 0.3937, 0.2147 -0.0446 0.3937, 0.2092 -0.0467 0.3937, 0.2255 -0.0321 0.3937, 0.2231 -0.037 0.3937, 0.1881 -0.0477 0.3937, 0.2012 -0.0477 0.3937, 0.1881 0.0 0.3937, 0.2017 0.0 0.3937, 0.2096 -0.001 0.3937, 0.2153 -0.0032 0.3937, 0.2247 -0.0127 0.3937, 0.2263 -0.0174 0.3937, 0.2269 -0.0232 0.3937, 0.2267 -0.0266 0.3937, 0.2197 -0.041 0.3937, 0.2193 -0.0414 0.3937, 0.2197 -0.0063 0.3937, 0.2218 -0.0084 0.3937, -1.0 0.0275 0.3937, -1.0 0.0136 0.3937, -1.0 -0.0669 0.3937, -1.4144 0.0275 0.3937, -1.4144 0.0136 0.3937, -1.4144 -0.0669 0.3937, 1.1713 -0.3287 0.3937, 1.3287 -0.3287 0.3937, 1.3287 -0.1713 0.3937, 1.1713 -0.1713 0.3937, 0.6713 -0.3287 0.3937, 0.8287 -0.3287 0.3937, 0.8287 -0.1713 0.3937, 0.6713 -0.1713 0.3937, 0.002 -0.499 0.3937, 0.0469 -0.499 0.3937, 0.0478 -0.499 0.3937, 0.0507 -0.499 0.3937, 0.091 -0.499 0.3937, 0.1128 -0.499 0.3937, 0.1239 -0.499 0.3937, 0.1503 -0.499 0.3937, 0.1686 -0.499 0.3937, -0.8287 -0.3287 0.3937, -1.0 -0.499 0.3937, -0.6713 -0.3287 0.3937, -0.6713 -0.1713 0.3937, -0.8287 -0.1713 0.3937, -1.3287 -0.3287 0.3937, -1.4144 -0.499 0.3937, -1.1713 -0.3287 0.3937, -1.1713 -0.1713 0.3937, -1.3287 -0.1713 0.3937, -1.5 0.6693 0.3937, -1.5 0.1298 0.3937, -1.5 0.0275 0.3937, -1.5 0.0136 0.3937, -1.5 -0.0669 0.3937, -1.5 -0.499 0.3937, 1.0 -0.6693 0.3937, 0.5 -0.6693 0.3937, 0.3006 -0.6693 0.3937, 0.2282 -0.6693 0.3937, 0.1836 -0.6693 0.3937, 0.1706 -0.6693 0.3937, 0.1686 -0.6693 0.3937, 0.1503 -0.6693 0.3937, 0.1239 -0.6693 0.3937, 0.1128 -0.6693 0.3937, 0.091 -0.6693 0.3937, 0.0507 -0.6693 0.3937, 0.0478 -0.6693 0.3937, 0.0469 -0.6693 0.3937, 0.002 -0.6693 0.3937, -0.0944 -0.6693 0.3937, -0.5 -0.6693 0.3937, -1.0 -0.6693 0.3937, -1.4144 -0.6693 0.3937, -1.5 -0.6693 0.3937, -1.4144 -0.6693 0.0, -1.5 -0.6693 0.0, -1.5 -0.499 0.0, -1.4144 -0.499 0.0, -1.0 -0.6693 0.0, -1.0 -0.499 0.0, -0.5 -0.6693 0.0, -0.5 -0.499 0.0, 0.0 -0.6693 0.0, 0.0 -0.499 0.0, 0.5 -0.6693 0.0, 0.5 -0.499 0.0, 1.0 -0.6693 0.0, 1.0 -0.499 0.0, 1.5 -0.6693 0.0, 1.5 -0.499 0.0, 1.3287 -0.1713 0.0, 1.5 0.0 0.0, 1.3287 -0.3287 0.0, 1.1713 -0.3287 0.0, 1.1713 -0.1713 0.0, 1.0 0.0 0.0, 0.8287 -0.1713 0.0, 0.8287 -0.3287 0.0, 0.6713 -0.3287 0.0, 0.6713 -0.1713 0.0, 0.5 0.0 0.0, 0.3287 -0.1713 0.0, 0.3287 -0.3287 0.0, 0.1713 -0.3287 0.0, 0.1713 -0.1713 0.0, 0.0 0.0 0.0, -0.1713 -0.1713 0.0, -0.1713 -0.3287 0.0, -0.3287 -0.3287 0.0, -0.3287 -0.1713 0.0, -0.5 0.0 0.0, -0.6713 -0.1713 0.0, -0.6713 -0.3287 0.0, -0.8287 -0.3287 0.0, -0.8287 -0.1713 0.0, -1.0 0.0 0.0, -1.1713 -0.1713 0.0, -1.1713 -0.3287 0.0, -1.3287 -0.3287 0.0, -1.3287 -0.1713 0.0, -1.4144 0.0 0.0, 1.3287 0.3287 0.0, 1.5 0.6693 0.0, 1.3287 0.1713 0.0, 1.1713 0.1713 0.0, 1.1713 0.3287 0.0, 1.0 0.6693 0.0, 0.8287 0.3287 0.0, 0.8287 0.1713 0.0, 0.6713 0.1713 0.0, 0.6713 0.3287 0.0, 0.5 0.6693 0.0, 0.3287 0.3287 0.0, 0.3287 0.1713 0.0, 0.1713 0.1713 0.0, 0.1713 0.3287 0.0, 0.0 0.6693 0.0, -0.1713 0.3287 0.0, -0.1713 0.1713 0.0, -0.3287 0.1713 0.0, -0.3287 0.3287 0.0, -0.5 0.6693 0.0, -0.6713 0.3287 0.0, -0.6713 0.1713 0.0, -0.8287 0.1713 0.0, -0.8287 0.3287 0.0, -1.0 0.6693 0.0, -1.1713 0.3287 0.0, -1.1713 0.1713 0.0, -1.3287 0.1713 0.0, -1.3287 0.3287 0.0, -1.4144 0.6693 0.0, -1.5 0.0 0.0, -1.5 0.6693 0.0
            ]
        }
        coordIndex [
            0,1,2,-1,3,4,5,-1,6,7,8,-1,9,10,11,-1,12,13,14,-1,15,16,17,-1,17,16,18,-1,19,20,21,-1,21,20,22,-1,19,23,24,-1,24,23,25,-1,15,17,26,-1,26,17,19,-1,26,19,27,-1,27,19,24,-1,27,24,28,-1,24,29,28,-1,28,29,30,-1,28,30,31,-1,20,32,22,-1,22,32,33,-1,22,33,34,-1,34,33,35,-1,25,23,36,-1,36,23,37,-1,36,37,35,-1,35,37,38,-1,35,38,34,-1,39,40,41,-1,41,40,42,-1,41,42,43,-1,43,42,44,-1,44,42,45,-1,44,45,46,-1,45,47,48,-1,48,47,49,-1,46,45,50,-1,50,45,48,-1,50,48,51,-1,49,47,52,-1,52,47,9,-1,52,9,53,-1,54,55,34,-1,55,56,34,-1,34,56,57,-1,34,57,58,-1,59,60,61,-1,61,60,62,-1,61,62,63,-1,64,65,66,-1,66,65,54,-1,66,54,67,-1,68,69,54,-1,54,69,70,-1,54,70,67,-1,71,72,73,-1,63,74,61,-1,61,74,75,-1,61,75,38,-1,38,75,76,-1,76,77,38,-1,38,77,78,-1,38,78,34,-1,34,78,79,-1,34,79,54,-1,54,79,80,-1,54,80,81,-1,71,73,66,-1,66,73,82,-1,66,82,83,-1,81,84,54,-1,54,84,85,-1,54,85,86,-1,83,87,66,-1,66,87,88,-1,66,88,64,-1,86,89,54,-1,54,89,90,-1,54,90,68,-1,91,92,61,-1,61,92,93,-1,61,93,59,-1,94,95,96,-1,96,95,97,-1,96,97,91,-1,91,97,98,-1,91,98,92,-1,99,100,101,-1,101,100,102,-1,101,102,103,-1,104,105,106,-1,106,105,107,-1,106,107,101,-1,101,107,108,-1,101,108,99,-1,109,110,40,-1,111,112,113,-1,109,40,114,-1,14,13,113,-1,113,13,115,-1,113,115,111,-1,116,117,118,-1,118,117,40,-1,110,119,40,-1,40,119,120,-1,40,120,118,-1,112,121,113,-1,113,121,122,-1,113,122,123,-1,53,124,125,-1,125,124,126,-1,125,126,39,-1,39,126,113,-1,39,113,40,-1,40,113,123,-1,40,123,114,-1,116,127,117,-1,117,127,128,-1,117,128,21,-1,21,128,129,-1,21,129,130,-1,19,21,23,-1,23,21,130,-1,23,130,14,-1,14,130,131,-1,14,131,12,-1,53,9,124,-1,124,9,11,-1,124,11,126,-1,126,11,132,-1,126,132,133,-1,134,135,136,-1,136,135,137,-1,136,138,134,-1,134,138,139,-1,134,139,140,-1,140,139,141,-1,140,141,142,-1,143,3,144,-1,145,146,147,-1,147,148,145,-1,145,148,149,-1,145,149,150,-1,150,149,151,-1,150,151,152,-1,152,151,153,-1,153,151,154,-1,153,154,155,-1,155,154,156,-1,155,156,157,-1,144,158,143,-1,143,158,159,-1,143,159,160,-1,160,159,157,-1,160,157,161,-1,161,157,156,-1,162,163,164,-1,165,166,163,-1,163,166,167,-1,163,167,164,-1,168,169,170,-1,170,169,171,-1,170,171,172,-1,172,171,173,-1,172,173,174,-1,174,175,172,-1,172,175,176,-1,172,176,177,-1,177,176,178,-1,177,178,179,-1,164,169,162,-1,162,169,168,-1,162,168,180,-1,180,168,181,-1,182,183,184,-1,184,183,185,-1,168,182,181,-1,181,182,184,-1,181,184,186,-1,179,187,177,-1,177,187,188,-1,177,188,183,-1,183,188,189,-1,183,189,185,-1,184,190,186,-1,186,190,191,-1,186,191,192,-1,192,193,186,-1,186,193,194,-1,186,194,195,-1,195,196,186,-1,186,196,197,-1,186,197,198,-1,199,200,201,-1,201,200,202,-1,201,202,203,-1,204,205,206,-1,206,205,207,-1,206,207,182,-1,182,207,208,-1,182,208,209,-1,210,183,203,-1,203,183,182,-1,203,182,201,-1,201,182,209,-1,210,211,183,-1,183,211,212,-1,183,212,213,-1,213,214,183,-1,183,214,215,-1,183,215,216,-1,216,215,217,-1,218,219,220,-1,220,219,221,-1,220,221,222,-1,220,223,218,-1,218,223,224,-1,218,224,225,-1,225,226,218,-1,218,226,227,-1,218,227,228,-1,228,227,229,-1,228,229,230,-1,230,229,231,-1,230,231,201,-1,201,231,232,-1,201,232,199,-1,233,234,222,-1,222,234,235,-1,222,235,220,-1,236,237,238,-1,239,240,206,-1,206,240,241,-1,206,241,204,-1,242,243,244,-1,245,246,242,-1,247,248,249,-1,250,251,252,-1,253,254,255,-1,251,245,252,-1,252,245,242,-1,252,242,256,-1,256,242,244,-1,256,244,257,-1,257,244,216,-1,257,216,258,-1,258,216,217,-1,259,260,244,-1,247,249,252,-1,252,249,261,-1,252,261,250,-1,237,262,238,-1,238,262,263,-1,238,263,264,-1,264,263,255,-1,264,255,265,-1,265,255,254,-1,259,244,266,-1,267,268,243,-1,260,269,244,-1,244,269,270,-1,244,270,271,-1,272,273,274,-1,274,273,275,-1,274,275,276,-1,271,277,244,-1,244,277,278,-1,244,278,106,-1,106,278,279,-1,106,279,280,-1,246,245,276,-1,276,245,281,-1,276,281,274,-1,282,283,106,-1,106,283,284,-1,106,284,285,-1,286,287,255,-1,255,287,288,-1,255,288,289,-1,243,268,244,-1,244,268,290,-1,244,290,266,-1,236,238,280,-1,280,238,291,-1,280,291,106,-1,106,291,292,-1,106,292,282,-1,58,104,206,-1,206,104,106,-1,206,106,239,-1,239,106,285,-1,239,285,272,-1,272,285,293,-1,272,293,273,-1,294,295,243,-1,243,295,296,-1,243,296,267,-1,289,297,255,-1,255,297,298,-1,255,298,253,-1,299,300,248,-1,248,300,301,-1,248,301,249,-1,299,302,300,-1,300,302,303,-1,300,303,304,-1,304,303,305,-1,304,306,307,-1,305,308,304,-1,304,308,309,-1,304,309,310,-1,310,311,304,-1,304,311,312,-1,304,312,306,-1,307,313,304,-1,304,313,314,-1,304,314,315,-1,316,317,318,-1,319,320,316,-1,316,320,321,-1,318,322,316,-1,316,322,323,-1,316,323,324,-1,324,325,316,-1,316,325,326,-1,316,326,319,-1,327,328,329,-1,330,331,317,-1,317,331,332,-1,317,332,318,-1,329,333,327,-1,327,333,334,-1,327,334,335,-1,335,336,327,-1,327,336,337,-1,327,337,338,-1,330,317,339,-1,339,317,327,-1,339,327,340,-1,340,327,338,-1,340,338,341,-1,341,338,342,-1,341,342,343,-1,344,345,346,-1,347,348,346,-1,346,348,349,-1,346,349,350,-1,345,351,346,-1,346,351,352,-1,346,352,353,-1,353,352,354,-1,354,355,353,-1,353,355,356,-1,353,356,328,-1,328,356,357,-1,328,357,329,-1,344,346,358,-1,358,346,350,-1,358,350,359,-1,360,361,362,-1,362,363,360,-1,360,363,364,-1,360,364,365,-1,365,366,360,-1,360,366,347,-1,360,347,367,-1,367,347,346,-1,367,346,368,-1,368,346,369,-1,368,369,370,-1,370,369,371,-1,370,371,360,-1,372,373,361,-1,361,373,374,-1,372,361,375,-1,375,361,376,-1,375,376,377,-1,374,378,361,-1,361,378,379,-1,361,379,362,-1,380,381,382,-1,383,384,385,-1,386,387,388,-1,388,387,389,-1,388,389,390,-1,391,392,393,-1,393,392,394,-1,393,394,395,-1,395,396,393,-1,393,396,397,-1,393,397,398,-1,391,393,399,-1,399,393,376,-1,399,376,400,-1,401,402,361,-1,361,402,403,-1,400,376,404,-1,404,376,361,-1,404,361,405,-1,398,406,393,-1,393,406,407,-1,393,407,408,-1,390,409,388,-1,388,409,410,-1,388,410,361,-1,361,410,411,-1,361,411,401,-1,403,412,361,-1,361,412,413,-1,361,413,405,-1,414,415,393,-1,393,415,416,-1,393,416,383,-1,383,416,417,-1,383,417,384,-1,408,418,393,-1,393,418,419,-1,393,419,414,-1,385,420,383,-1,383,420,421,-1,383,421,422,-1,422,421,423,-1,422,423,424,-1,425,426,421,-1,421,426,427,-1,421,427,423,-1,428,429,430,-1,430,431,428,-1,428,431,432,-1,428,432,433,-1,429,428,434,-1,434,428,435,-1,434,435,436,-1,436,435,437,-1,436,437,438,-1,439,440,421,-1,421,440,441,-1,438,425,436,-1,436,425,421,-1,436,421,442,-1,442,421,441,-1,443,444,439,-1,439,444,445,-1,439,445,440,-1,440,445,446,-1,439,447,448,-1,446,449,440,-1,440,449,450,-1,440,450,451,-1,448,452,439,-1,439,452,453,-1,439,453,443,-1,454,455,451,-1,451,455,456,-1,451,456,440,-1,457,458,439,-1,439,458,459,-1,439,459,447,-1,439,460,461,-1,461,462,439,-1,439,462,463,-1,439,463,457,-1,460,439,464,-1,464,439,421,-1,464,421,465,-1,465,421,420,-1,465,420,466,-1,467,468,420,-1,420,468,469,-1,420,469,466,-1,320,470,321,-1,321,470,471,-1,321,471,382,-1,382,471,472,-1,382,472,380,-1,473,474,475,-1,473,475,476,-1,476,475,477,-1,476,477,478,-1,4,3,479,-1,479,3,143,-1,479,143,480,-1,481,482,483,-1,483,482,484,-1,478,477,485,-1,485,477,480,-1,485,480,486,-1,484,487,488,-1,488,487,489,-1,488,489,490,-1,490,489,491,-1,490,491,492,-1,483,493,481,-1,481,493,494,-1,481,494,495,-1,495,494,496,-1,496,494,170,-1,496,170,497,-1,497,170,172,-1,497,172,5,-1,5,172,498,-1,5,498,3,-1,499,382,388,-1,388,382,381,-1,388,381,386,-1,500,501,502,-1,502,501,503,-1,503,504,505,-1,506,507,508,-1,508,507,509,-1,508,509,510,-1,499,388,511,-1,511,388,512,-1,511,512,513,-1,513,512,514,-1,513,514,515,-1,515,514,516,-1,515,516,509,-1,517,518,519,-1,519,518,520,-1,519,520,521,-1,521,520,522,-1,523,524,517,-1,517,524,525,-1,517,525,518,-1,523,517,526,-1,526,517,136,-1,526,136,527,-1,527,136,137,-1,527,137,528,-1,142,141,133,-1,133,141,529,-1,133,529,126,-1,126,529,530,-1,126,530,113,-1,113,530,531,-1,113,531,14,-1,14,531,532,-1,14,532,23,-1,23,532,533,-1,23,533,37,-1,37,533,534,-1,37,534,38,-1,38,534,535,-1,38,535,61,-1,61,535,536,-1,61,536,91,-1,537,538,539,-1,539,538,540,-1,539,540,541,-1,537,317,538,-1,538,317,316,-1,538,316,542,-1,542,316,543,-1,542,543,544,-1,537,545,317,-1,317,545,541,-1,317,541,327,-1,327,541,540,-1,327,540,546,-1,546,540,547,-1,547,540,548,-1,547,548,549,-1,550,551,548,-1,548,551,552,-1,548,552,549,-1,549,552,553,-1,554,555,556,-1,556,555,550,-1,556,550,557,-1,557,550,548,-1,558,559,560,-1,560,559,543,-1,321,561,316,-1,316,561,562,-1,316,562,543,-1,543,562,563,-1,543,563,560,-1,560,563,564,-1,522,525,521,-1,521,525,524,-1,521,524,565,-1,565,524,566,-1,565,566,567,-1,567,566,568,-1,567,568,569,-1,523,528,524,-1,524,528,137,-1,524,137,566,-1,566,137,570,-1,566,570,568,-1,568,570,571,-1,135,6,137,-1,137,6,8,-1,137,8,570,-1,570,8,572,-1,570,572,571,-1,571,572,573,-1,58,206,34,-1,34,206,182,-1,34,182,22,-1,22,182,168,-1,22,168,21,-1,21,168,170,-1,21,170,117,-1,117,170,494,-1,117,494,40,-1,40,494,493,-1,40,493,42,-1,42,493,483,-1,42,483,45,-1,45,483,574,-1,45,574,47,-1,536,544,91,-1,91,544,543,-1,91,543,96,-1,96,543,559,-1,96,559,516,-1,516,559,502,-1,516,502,509,-1,509,502,503,-1,509,503,510,-1,510,503,505,-1,558,561,559,-1,559,561,321,-1,559,321,502,-1,502,321,382,-1,502,382,500,-1,500,382,499,-1,569,568,575,-1,575,568,571,-1,575,571,156,-1,156,571,573,-1,156,573,161,-1,161,573,576,-1,161,576,577,-1,578,579,580,-1,580,579,581,-1,582,574,583,-1,583,574,160,-1,583,160,581,-1,581,160,161,-1,581,161,580,-1,580,161,577,-1,7,10,8,-1,8,10,9,-1,8,9,572,-1,572,9,47,-1,572,47,573,-1,573,47,574,-1,573,574,576,-1,576,574,582,-1,584,585,160,-1,586,587,160,-1,488,486,484,-1,484,486,480,-1,484,480,483,-1,483,480,143,-1,483,143,588,-1,160,585,143,-1,143,585,589,-1,143,589,588,-1,588,590,483,-1,483,590,591,-1,483,591,574,-1,574,591,592,-1,574,592,593,-1,594,595,574,-1,574,595,596,-1,574,596,160,-1,160,596,597,-1,160,597,586,-1,587,598,160,-1,160,598,599,-1,160,599,584,-1,593,600,574,-1,574,600,601,-1,574,601,594,-1,103,94,101,-1,101,94,96,-1,101,96,106,-1,106,96,516,-1,106,516,244,-1,244,516,514,-1,546,553,327,-1,327,553,552,-1,327,552,328,-1,328,552,602,-1,328,602,353,-1,353,602,603,-1,353,603,346,-1,346,603,604,-1,551,554,552,-1,552,554,556,-1,552,556,602,-1,602,556,605,-1,602,605,603,-1,603,605,606,-1,603,606,604,-1,604,606,607,-1,608,2,609,-1,609,2,1,-1,609,1,610,-1,610,1,569,-1,610,569,611,-1,611,569,575,-1,611,575,608,-1,608,575,2,-1,612,154,613,-1,613,154,2,-1,613,2,614,-1,614,2,575,-1,614,575,615,-1,615,575,156,-1,615,156,612,-1,612,156,154,-1,360,371,361,-1,361,371,616,-1,361,616,388,-1,388,616,617,-1,388,617,512,-1,512,617,618,-1,512,618,514,-1,514,618,619,-1,514,619,244,-1,244,619,620,-1,244,620,216,-1,216,620,621,-1,216,621,183,-1,183,621,622,-1,183,622,177,-1,177,622,623,-1,177,623,172,-1,172,623,624,-1,172,624,498,-1,498,624,147,-1,498,147,3,-1,3,147,146,-1,3,146,144,-1,625,626,627,-1,627,626,369,-1,627,369,628,-1,628,369,346,-1,628,346,629,-1,629,346,604,-1,629,604,625,-1,625,604,626,-1,630,631,632,-1,632,631,626,-1,632,626,633,-1,633,626,604,-1,633,604,634,-1,634,604,607,-1,634,607,630,-1,630,607,631,-1,557,635,556,-1,556,635,636,-1,556,636,605,-1,605,636,637,-1,605,637,606,-1,606,637,638,-1,606,638,607,-1,607,638,639,-1,607,639,631,-1,631,639,640,-1,0,2,641,-1,641,2,154,-1,641,154,642,-1,642,154,151,-1,642,151,643,-1,643,151,149,-1,643,149,644,-1,644,149,148,-1,644,148,645,-1,645,148,147,-1,645,147,646,-1,646,147,624,-1,646,624,647,-1,647,624,623,-1,647,623,648,-1,648,623,622,-1,648,622,649,-1,649,622,621,-1,649,621,650,-1,650,621,620,-1,650,620,651,-1,651,620,619,-1,651,619,652,-1,652,619,618,-1,652,618,653,-1,653,618,617,-1,653,617,654,-1,654,617,616,-1,654,616,655,-1,655,616,371,-1,655,371,656,-1,656,371,369,-1,656,369,657,-1,657,369,626,-1,657,626,658,-1,658,626,631,-1,658,631,659,-1,659,631,640,-1,659,640,660,-1,661,662,663,-1,661,664,665,-1,665,664,666,-1,665,666,667,-1,667,666,668,-1,667,668,669,-1,669,668,670,-1,669,670,671,-1,671,670,672,-1,671,672,673,-1,673,672,674,-1,673,674,675,-1,675,674,676,-1,677,678,679,-1,679,678,676,-1,679,676,680,-1,680,676,674,-1,680,674,681,-1,681,674,682,-1,681,682,677,-1,677,682,678,-1,683,682,684,-1,684,682,674,-1,684,674,685,-1,685,674,672,-1,685,672,686,-1,686,672,687,-1,686,687,683,-1,683,687,682,-1,688,687,689,-1,689,687,672,-1,689,672,690,-1,690,672,670,-1,690,670,691,-1,691,670,692,-1,691,692,688,-1,688,692,687,-1,693,692,694,-1,694,692,670,-1,694,670,695,-1,695,670,668,-1,695,668,696,-1,696,668,697,-1,696,697,693,-1,693,697,692,-1,698,697,699,-1,699,697,668,-1,699,668,700,-1,700,668,666,-1,700,666,701,-1,701,666,702,-1,701,702,698,-1,698,702,697,-1,703,702,704,-1,704,702,666,-1,704,666,705,-1,705,666,664,-1,705,664,706,-1,706,664,707,-1,706,707,703,-1,703,707,702,-1,708,709,710,-1,710,709,678,-1,710,678,711,-1,711,678,682,-1,711,682,712,-1,712,682,713,-1,712,713,708,-1,708,713,709,-1,714,713,715,-1,715,713,682,-1,715,682,716,-1,716,682,687,-1,716,687,717,-1,717,687,718,-1,717,718,714,-1,714,718,713,-1,719,718,720,-1,720,718,687,-1,720,687,721,-1,721,687,692,-1,721,692,722,-1,722,692,723,-1,722,723,719,-1,719,723,718,-1,724,723,725,-1,725,723,692,-1,725,692,726,-1,726,692,697,-1,726,697,727,-1,727,697,728,-1,727,728,724,-1,724,728,723,-1,729,728,730,-1,730,728,697,-1,730,697,731,-1,731,697,702,-1,731,702,732,-1,732,702,733,-1,732,733,729,-1,729,733,728,-1,734,733,735,-1,735,733,702,-1,735,702,736,-1,736,702,707,-1,736,707,737,-1,737,707,738,-1,737,738,734,-1,734,738,733,-1,661,663,664,-1,664,663,739,-1,664,739,707,-1,707,739,740,-1,707,740,738,-1,538,723,728,-1,538,542,723,-1,723,542,544,-1,723,544,718,-1,718,544,536,-1,536,535,718,-1,718,535,534,-1,718,534,533,-1,740,635,738,-1,738,635,557,-1,738,557,733,-1,733,557,548,-1,733,548,728,-1,728,548,540,-1,728,540,538,-1,533,532,718,-1,718,532,531,-1,718,531,530,-1,530,529,718,-1,718,529,141,-1,718,141,139,-1,519,709,517,-1,517,709,713,-1,517,713,136,-1,136,713,718,-1,136,718,138,-1,138,718,139,-1,663,662,660,-1,638,739,639,-1,639,739,663,-1,639,663,640,-1,640,663,660,-1,635,740,636,-1,636,740,739,-1,636,739,637,-1,637,739,638,-1,660,662,659,-1,659,662,661,-1,659,661,658,-1,658,661,665,-1,658,665,657,-1,657,665,667,-1,657,667,656,-1,656,667,669,-1,675,0,673,-1,673,0,641,-1,673,641,671,-1,641,642,671,-1,671,642,643,-1,671,643,669,-1,669,643,644,-1,644,645,669,-1,669,645,646,-1,669,646,647,-1,647,648,669,-1,669,648,649,-1,669,649,650,-1,650,651,669,-1,669,651,652,-1,669,652,653,-1,653,654,669,-1,669,654,655,-1,669,655,656,-1,
        ]
    }
}
Shape{
    appearance Appearance {
        material  Material {
            diffuseColor 0.8274509803921568 0.6666666666666666 0.12941176470588237
            specularColor 0.8274509803921568 0.6666666666666666 0.12941176470588237
            ambientIntensity 0.6535
            transparency 0.0
            shininess 0.5
        }
    }
    geometry IndexedFaceSet {
        ccw TRUE
        solid FALSE
        coord DEF co Coordinate {
            point [
                -1.2894 -0.2894 -0.9055, -1.2894 -0.2106 -0.9055, -1.2106 -0.2894 -0.9055, -1.2106 -0.2106 -0.9055, -1.3287 -0.3287 -0.7586, -1.3287 -0.3287 0.0, -1.3287 -0.1713 -0.7586, -1.3287 -0.1713 0.0, -1.1713 -0.1713 -0.7586, -1.1713 -0.1713 0.0, -1.1713 -0.3287 -0.7586, -1.1713 -0.3287 0.0, -1.3287 -0.3287 1.4279, -1.3287 -0.3287 0.3937, -1.1713 -0.3287 1.4279, -1.1713 -0.3287 0.3937, -1.1713 -0.1713 1.4279, -1.1713 -0.1713 0.3937, -1.3287 -0.1713 1.4279, -1.3287 -0.1713 0.3937, -1.2894 -0.2106 1.5748, -1.2894 -0.2894 1.5748, -1.2106 -0.2106 1.5748, -1.2106 -0.2894 1.5748, -1.2894 0.2106 -0.9055, -1.2894 0.2894 -0.9055, -1.2106 0.2106 -0.9055, -1.2106 0.2894 -0.9055, -1.3287 0.1713 -0.7586, -1.3287 0.1713 0.0, -1.3287 0.3287 -0.7586, -1.3287 0.3287 0.0, -1.1713 0.3287 -0.7586, -1.1713 0.3287 0.0, -1.1713 0.1713 -0.7586, -1.1713 0.1713 0.0, -1.3287 0.1713 1.4279, -1.3287 0.1713 0.3937, -1.1713 0.1713 1.4279, -1.1713 0.1713 0.3937, -1.1713 0.3287 1.4279, -1.1713 0.3287 0.3937, -1.3287 0.3287 1.4279, -1.3287 0.3287 0.3937, -1.2894 0.2894 1.5748, -1.2894 0.2106 1.5748, -1.2106 0.2894 1.5748, -1.2106 0.2106 1.5748, -0.7894 -0.2894 -0.9055, -0.7894 -0.2106 -0.9055, -0.7106 -0.2894 -0.9055, -0.7106 -0.2106 -0.9055, -0.8287 -0.3287 -0.7586, -0.8287 -0.3287 0.0, -0.8287 -0.1713 -0.7586, -0.8287 -0.1713 0.0, -0.6713 -0.1713 -0.7586, -0.6713 -0.1713 0.0, -0.6713 -0.3287 -0.7586, -0.6713 -0.3287 0.0, -0.8287 -0.3287 1.4279, -0.8287 -0.3287 0.3937, -0.6713 -0.3287 1.4279, -0.6713 -0.3287 0.3937, -0.6713 -0.1713 1.4279, -0.6713 -0.1713 0.3937, -0.8287 -0.1713 1.4279, -0.8287 -0.1713 0.3937, -0.7894 -0.2106 1.5748, -0.7894 -0.2894 1.5748, -0.7106 -0.2106 1.5748, -0.7106 -0.2894 1.5748, -0.7894 0.2106 -0.9055, -0.7894 0.2894 -0.9055, -0.7106 0.2106 -0.9055, -0.7106 0.2894 -0.9055, -0.8287 0.1713 -0.7586, -0.8287 0.1713 0.0, -0.8287 0.3287 -0.7586, -0.8287 0.3287 0.0, -0.6713 0.3287 -0.7586, -0.6713 0.3287 0.0, -0.6713 0.1713 -0.7586, -0.6713 0.1713 0.0, -0.8287 0.1713 1.4279, -0.8287 0.1713 0.3937, -0.6713 0.1713 1.4279, -0.6713 0.1713 0.3937, -0.6713 0.3287 1.4279, -0.6713 0.3287 0.3937, -0.8287 0.3287 1.4279, -0.8287 0.3287 0.3937, -0.7894 0.2894 1.5748, -0.7894 0.2106 1.5748, -0.7106 0.2894 1.5748, -0.7106 0.2106 1.5748, 0.7106 -0.2894 -0.9055, 0.7106 -0.2106 -0.9055, 0.7894 -0.2894 -0.9055, 0.7894 -0.2106 -0.9055, 0.6713 -0.3287 -0.7586, 0.6713 -0.3287 0.0, 0.6713 -0.1713 -0.7586, 0.6713 -0.1713 0.0, 0.8287 -0.1713 -0.7586, 0.8287 -0.1713 0.0, 0.8287 -0.3287 -0.7586, 0.8287 -0.3287 0.0, 0.6713 -0.3287 1.4279, 0.6713 -0.3287 0.3937, 0.8287 -0.3287 1.4279, 0.8287 -0.3287 0.3937, 0.8287 -0.1713 1.4279, 0.8287 -0.1713 0.3937, 0.6713 -0.1713 1.4279, 0.6713 -0.1713 0.3937, 0.7106 -0.2106 1.5748, 0.7106 -0.2894 1.5748, 0.7894 -0.2106 1.5748, 0.7894 -0.2894 1.5748, 0.7106 0.2106 -0.9055, 0.7106 0.2894 -0.9055, 0.7894 0.2106 -0.9055, 0.7894 0.2894 -0.9055, 0.6713 0.1713 -0.7586, 0.6713 0.1713 0.0, 0.6713 0.3287 -0.7586, 0.6713 0.3287 0.0, 0.8287 0.3287 -0.7586, 0.8287 0.3287 0.0, 0.8287 0.1713 -0.7586, 0.8287 0.1713 0.0, 0.6713 0.1713 1.4279, 0.6713 0.1713 0.3937, 0.8287 0.1713 1.4279, 0.8287 0.1713 0.3937, 0.8287 0.3287 1.4279, 0.8287 0.3287 0.3937, 0.6713 0.3287 1.4279, 0.6713 0.3287 0.3937, 0.7106 0.2894 1.5748, 0.7106 0.2106 1.5748, 0.7894 0.2894 1.5748, 0.7894 0.2106 1.5748, -0.2894 -0.2894 -0.9055, -0.2894 -0.2106 -0.9055, -0.2106 -0.2894 -0.9055, -0.2106 -0.2106 -0.9055, -0.3287 -0.3287 -0.7586, -0.3287 -0.3287 0.0, -0.3287 -0.1713 -0.7586, -0.3287 -0.1713 0.0, -0.1713 -0.1713 -0.7586, -0.1713 -0.1713 0.0, -0.1713 -0.3287 -0.7586, -0.1713 -0.3287 0.0, -0.3287 -0.3287 1.4279, -0.3287 -0.3287 0.3937, -0.1713 -0.3287 1.4279, -0.1713 -0.3287 0.3937, -0.1713 -0.1713 1.4279, -0.1713 -0.1713 0.3937, -0.3287 -0.1713 1.4279, -0.3287 -0.1713 0.3937, -0.2894 -0.2106 1.5748, -0.2894 -0.2894 1.5748, -0.2106 -0.2106 1.5748, -0.2106 -0.2894 1.5748, -0.2894 0.2106 -0.9055, -0.2894 0.2894 -0.9055, -0.2106 0.2106 -0.9055, -0.2106 0.2894 -0.9055, -0.3287 0.1713 -0.7586, -0.3287 0.1713 0.0, -0.3287 0.3287 -0.7586, -0.3287 0.3287 0.0, -0.1713 0.3287 -0.7586, -0.1713 0.3287 0.0, -0.1713 0.1713 -0.7586, -0.1713 0.1713 0.0, -0.3287 0.1713 1.4279, -0.3287 0.1713 0.3937, -0.1713 0.1713 1.4279, -0.1713 0.1713 0.3937, -0.1713 0.3287 1.4279, -0.1713 0.3287 0.3937, -0.3287 0.3287 1.4279, -0.3287 0.3287 0.3937, -0.2894 0.2894 1.5748, -0.2894 0.2106 1.5748, -0.2106 0.2894 1.5748, -0.2106 0.2106 1.5748, 0.2106 -0.2894 -0.9055, 0.2106 -0.2106 -0.9055, 0.2894 -0.2894 -0.9055, 0.2894 -0.2106 -0.9055, 0.1713 -0.3287 -0.7586, 0.1713 -0.3287 0.0, 0.1713 -0.1713 -0.7586, 0.1713 -0.1713 0.0, 0.3287 -0.1713 -0.7586, 0.3287 -0.1713 0.0, 0.3287 -0.3287 -0.7586, 0.3287 -0.3287 0.0, 0.1713 -0.3287 1.4279, 0.1713 -0.3287 0.3937, 0.1836 -0.3287 0.3937, 0.3287 -0.3287 0.3937, 0.3287 -0.3287 1.4279, 0.3006 -0.3287 0.3937, 0.2282 -0.3287 0.3937, 0.1836 -0.1713 0.3937, 0.1713 -0.1713 0.3937, 0.1713 -0.1713 1.4279, 0.3287 -0.1713 1.4279, 0.3287 -0.1713 0.3937, 0.3006 -0.1713 0.3937, 0.2282 -0.1713 0.3937, 0.2106 -0.2106 1.5748, 0.2106 -0.2894 1.5748, 0.2894 -0.2106 1.5748, 0.2894 -0.2894 1.5748, 0.2106 0.2106 -0.9055, 0.2106 0.2894 -0.9055, 0.2894 0.2106 -0.9055, 0.2894 0.2894 -0.9055, 0.1713 0.1713 -0.7586, 0.1713 0.1713 0.0, 0.1713 0.3287 -0.7586, 0.1713 0.3287 0.0, 0.3287 0.3287 -0.7586, 0.3287 0.3287 0.0, 0.3287 0.1713 -0.7586, 0.3287 0.1713 0.0, 0.1713 0.1713 1.4279, 0.1713 0.1713 0.3937, 0.1836 0.1713 0.3937, 0.3287 0.1713 0.3937, 0.3287 0.1713 1.4279, 0.3006 0.1713 0.3937, 0.2282 0.1713 0.3937, 0.1836 0.3287 0.3937, 0.1713 0.3287 0.3937, 0.1713 0.3287 1.4279, 0.3287 0.3287 1.4279, 0.3287 0.3287 0.3937, 0.3006 0.3287 0.3937, 0.2282 0.3287 0.3937, 0.2106 0.2894 1.5748, 0.2106 0.2106 1.5748, 0.2894 0.2894 1.5748, 0.2894 0.2106 1.5748
            ]
        }
        coordIndex [
            0,1,2,-1,2,1,3,-1,4,5,6,-1,6,5,7,-1,8,9,10,-1,10,9,11,-1,6,7,8,-1,8,7,9,-1,10,11,4,-1,4,11,5,-1,12,13,14,-1,14,13,15,-1,16,17,18,-1,18,17,19,-1,20,21,22,-1,22,21,23,-1,14,15,16,-1,16,15,17,-1,18,19,12,-1,12,19,13,-1,8,3,6,-1,6,3,1,-1,10,2,8,-1,8,2,3,-1,0,4,1,-1,1,4,6,-1,4,0,10,-1,10,0,2,-1,14,23,12,-1,12,23,21,-1,16,22,14,-1,14,22,23,-1,20,18,21,-1,21,18,12,-1,18,20,16,-1,16,20,22,-1,24,25,26,-1,26,25,27,-1,28,29,30,-1,30,29,31,-1,32,33,34,-1,34,33,35,-1,30,31,32,-1,32,31,33,-1,34,35,28,-1,28,35,29,-1,36,37,38,-1,38,37,39,-1,40,41,42,-1,42,41,43,-1,44,45,46,-1,46,45,47,-1,38,39,40,-1,40,39,41,-1,42,43,36,-1,36,43,37,-1,32,27,30,-1,30,27,25,-1,34,26,32,-1,32,26,27,-1,24,28,25,-1,25,28,30,-1,28,24,34,-1,34,24,26,-1,38,47,36,-1,36,47,45,-1,40,46,38,-1,38,46,47,-1,44,42,45,-1,45,42,36,-1,42,44,40,-1,40,44,46,-1,48,49,50,-1,50,49,51,-1,52,53,54,-1,54,53,55,-1,56,57,58,-1,58,57,59,-1,54,55,56,-1,56,55,57,-1,58,59,52,-1,52,59,53,-1,60,61,62,-1,62,61,63,-1,64,65,66,-1,66,65,67,-1,68,69,70,-1,70,69,71,-1,62,63,64,-1,64,63,65,-1,66,67,60,-1,60,67,61,-1,56,51,54,-1,54,51,49,-1,58,50,56,-1,56,50,51,-1,48,52,49,-1,49,52,54,-1,52,48,58,-1,58,48,50,-1,62,71,60,-1,60,71,69,-1,64,70,62,-1,62,70,71,-1,68,66,69,-1,69,66,60,-1,66,68,64,-1,64,68,70,-1,72,73,74,-1,74,73,75,-1,76,77,78,-1,78,77,79,-1,80,81,82,-1,82,81,83,-1,78,79,80,-1,80,79,81,-1,82,83,76,-1,76,83,77,-1,84,85,86,-1,86,85,87,-1,88,89,90,-1,90,89,91,-1,92,93,94,-1,94,93,95,-1,86,87,88,-1,88,87,89,-1,90,91,84,-1,84,91,85,-1,80,75,78,-1,78,75,73,-1,82,74,80,-1,80,74,75,-1,72,76,73,-1,73,76,78,-1,76,72,82,-1,82,72,74,-1,86,95,84,-1,84,95,93,-1,88,94,86,-1,86,94,95,-1,92,90,93,-1,93,90,84,-1,90,92,88,-1,88,92,94,-1,96,97,98,-1,98,97,99,-1,100,101,102,-1,102,101,103,-1,104,105,106,-1,106,105,107,-1,102,103,104,-1,104,103,105,-1,106,107,100,-1,100,107,101,-1,108,109,110,-1,110,109,111,-1,112,113,114,-1,114,113,115,-1,116,117,118,-1,118,117,119,-1,110,111,112,-1,112,111,113,-1,114,115,108,-1,108,115,109,-1,104,99,102,-1,102,99,97,-1,106,98,104,-1,104,98,99,-1,96,100,97,-1,97,100,102,-1,100,96,106,-1,106,96,98,-1,110,119,108,-1,108,119,117,-1,112,118,110,-1,110,118,119,-1,116,114,117,-1,117,114,108,-1,114,116,112,-1,112,116,118,-1,120,121,122,-1,122,121,123,-1,124,125,126,-1,126,125,127,-1,128,129,130,-1,130,129,131,-1,126,127,128,-1,128,127,129,-1,130,131,124,-1,124,131,125,-1,132,133,134,-1,134,133,135,-1,136,137,138,-1,138,137,139,-1,140,141,142,-1,142,141,143,-1,134,135,136,-1,136,135,137,-1,138,139,132,-1,132,139,133,-1,128,123,126,-1,126,123,121,-1,130,122,128,-1,128,122,123,-1,120,124,121,-1,121,124,126,-1,124,120,130,-1,130,120,122,-1,134,143,132,-1,132,143,141,-1,136,142,134,-1,134,142,143,-1,140,138,141,-1,141,138,132,-1,138,140,136,-1,136,140,142,-1,144,145,146,-1,146,145,147,-1,148,149,150,-1,150,149,151,-1,152,153,154,-1,154,153,155,-1,150,151,152,-1,152,151,153,-1,154,155,148,-1,148,155,149,-1,156,157,158,-1,158,157,159,-1,160,161,162,-1,162,161,163,-1,164,165,166,-1,166,165,167,-1,158,159,160,-1,160,159,161,-1,162,163,156,-1,156,163,157,-1,152,147,150,-1,150,147,145,-1,154,146,152,-1,152,146,147,-1,144,148,145,-1,145,148,150,-1,148,144,154,-1,154,144,146,-1,158,167,156,-1,156,167,165,-1,160,166,158,-1,158,166,167,-1,164,162,165,-1,165,162,156,-1,162,164,160,-1,160,164,166,-1,168,169,170,-1,170,169,171,-1,172,173,174,-1,174,173,175,-1,176,177,178,-1,178,177,179,-1,174,175,176,-1,176,175,177,-1,178,179,172,-1,172,179,173,-1,180,181,182,-1,182,181,183,-1,184,185,186,-1,186,185,187,-1,188,189,190,-1,190,189,191,-1,182,183,184,-1,184,183,185,-1,186,187,180,-1,180,187,181,-1,176,171,174,-1,174,171,169,-1,178,170,176,-1,176,170,171,-1,168,172,169,-1,169,172,174,-1,172,168,178,-1,178,168,170,-1,182,191,180,-1,180,191,189,-1,184,190,182,-1,182,190,191,-1,188,186,189,-1,189,186,180,-1,186,188,184,-1,184,188,190,-1,192,193,194,-1,194,193,195,-1,196,197,198,-1,198,197,199,-1,200,201,202,-1,202,201,203,-1,198,199,200,-1,200,199,201,-1,202,203,196,-1,196,203,197,-1,204,205,206,-1,207,208,209,-1,209,208,204,-1,209,204,210,-1,210,204,206,-1,211,212,213,-1,214,215,216,-1,214,216,213,-1,213,216,217,-1,213,217,211,-1,218,219,220,-1,220,219,221,-1,208,207,214,-1,214,207,215,-1,213,212,204,-1,204,212,205,-1,200,195,198,-1,198,195,193,-1,202,194,200,-1,200,194,195,-1,192,196,193,-1,193,196,198,-1,196,192,202,-1,202,192,194,-1,208,221,204,-1,204,221,219,-1,214,220,208,-1,208,220,221,-1,218,213,219,-1,219,213,204,-1,213,218,214,-1,214,218,220,-1,222,223,224,-1,224,223,225,-1,226,227,228,-1,228,227,229,-1,230,231,232,-1,232,231,233,-1,228,229,230,-1,230,229,231,-1,232,233,226,-1,226,233,227,-1,234,235,236,-1,237,238,239,-1,239,238,234,-1,239,234,240,-1,240,234,236,-1,241,242,243,-1,244,245,246,-1,244,246,243,-1,243,246,247,-1,243,247,241,-1,248,249,250,-1,250,249,251,-1,238,237,244,-1,244,237,245,-1,243,242,234,-1,234,242,235,-1,230,225,228,-1,228,225,223,-1,232,224,230,-1,230,224,225,-1,222,226,223,-1,223,226,228,-1,226,222,232,-1,232,222,224,-1,238,251,234,-1,234,251,249,-1,244,250,238,-1,238,250,251,-1,248,243,249,-1,249,243,234,-1,243,248,244,-1,244,248,250,-1,
        ]
    }
}
Shape{
    appearance Appearance {
        material  Material {
            diffuseColor 0.20784313725490197 0.20784313725490197 0.20784313725490197
            specularColor 0.01568627450980392 0.01568627450980392 0.01568627450980392
            ambientIntensity 0.298
            transparency 0.0
            shininess 0.5
        }
    }
    geometry IndexedFaceSet {
        ccw TRUE
        solid FALSE
        coord DEF co Coordinate {
            point [
                1.5 -0.6693 0.3937, 1.5 -0.6693 0.0, 1.5 -0.499 0.3937, 1.5 -0.499 0.0, 1.5 -0.0669 0.3937, 1.5 0.0 0.0, 1.5 0.6693 0.0, 1.5 0.6693 0.3937, 1.5 0.1298 0.3937, 1.5 0.0275 0.3937, 1.5 0.0136 0.3937
            ]
        }
        coordIndex [
            0,1,2,-1,2,1,3,-1,2,3,4,-1,4,3,5,-1,6,7,5,-1,5,7,8,-1,8,9,5,-1,5,9,10,-1,5,10,4,-1,
        ]
    }
}
Shape{
    appearance Appearance {
        material  Material {
            diffuseColor 0.8274509803921568 0.6666666666666666 0.12941176470588237
            specularColor 0.8274509803921568 0.6666666666666666 0.12941176470588237
            ambientIntensity 0.6535
            transparency 0.0
            shininess 0.5
        }
    }
    geometry IndexedFaceSet {
        ccw TRUE
        solid FALSE
        coord DEF co Coordinate {
            point [
                1.2106 -0.2894 -0.9055, 1.2106 -0.2106 -0.9055, 1.2894 -0.2894 -0.9055, 1.2894 -0.2106 -0.9055, 1.1713 -0.3287 -0.7586, 1.1713 -0.3287 0.0, 1.1713 -0.1713 -0.7586, 1.1713 -0.1713 0.0, 1.3287 -0.1713 -0.7586, 1.3287 -0.1713 0.0, 1.3287 -0.3287 -0.7586, 1.3287 -0.3287 0.0, 1.1713 -0.3287 1.4279, 1.1713 -0.3287 0.3937, 1.3287 -0.3287 1.4279, 1.3287 -0.3287 0.3937, 1.3287 -0.1713 1.4279, 1.3287 -0.1713 0.3937, 1.1713 -0.1713 1.4279, 1.1713 -0.1713 0.3937, 1.2106 -0.2106 1.5748, 1.2106 -0.2894 1.5748, 1.2894 -0.2106 1.5748, 1.2894 -0.2894 1.5748, 1.2106 0.2106 -0.9055, 1.2106 0.2894 -0.9055, 1.2894 0.2106 -0.9055, 1.2894 0.2894 -0.9055, 1.1713 0.1713 -0.7586, 1.1713 0.1713 0.0, 1.1713 0.3287 -0.7586, 1.1713 0.3287 0.0, 1.3287 0.3287 -0.7586, 1.3287 0.3287 0.0, 1.3287 0.1713 -0.7586, 1.3287 0.1713 0.0, 1.1713 0.1713 1.4279, 1.1713 0.1713 0.3937, 1.3287 0.1713 1.4279, 1.3287 0.1713 0.3937, 1.3287 0.3287 1.4279, 1.3287 0.3287 0.3937, 1.1713 0.3287 1.4279, 1.1713 0.3287 0.3937, 1.2106 0.2894 1.5748, 1.2106 0.2106 1.5748, 1.2894 0.2894 1.5748, 1.2894 0.2106 1.5748
            ]
        }
        coordIndex [
            0,1,2,-1,2,1,3,-1,4,5,6,-1,6,5,7,-1,8,9,10,-1,10,9,11,-1,6,7,8,-1,8,7,9,-1,10,11,4,-1,4,11,5,-1,12,13,14,-1,14,13,15,-1,16,17,18,-1,18,17,19,-1,20,21,22,-1,22,21,23,-1,14,15,16,-1,16,15,17,-1,18,19,12,-1,12,19,13,-1,8,3,6,-1,6,3,1,-1,10,2,8,-1,8,2,3,-1,0,4,1,-1,1,4,6,-1,4,0,10,-1,10,0,2,-1,14,23,12,-1,12,23,21,-1,16,22,14,-1,14,22,23,-1,20,18,21,-1,21,18,12,-1,18,20,16,-1,16,20,22,-1,24,25,26,-1,26,25,27,-1,28,29,30,-1,30,29,31,-1,32,33,34,-1,34,33,35,-1,30,31,32,-1,32,31,33,-1,34,35,28,-1,28,35,29,-1,36,37,38,-1,38,37,39,-1,40,41,42,-1,42,41,43,-1,44,45,46,-1,46,45,47,-1,38,39,40,-1,40,39,41,-1,42,43,36,-1,36,43,37,-1,32,27,30,-1,30,27,25,-1,34,26,32,-1,32,26,27,-1,24,28,25,-1,25,28,30,-1,28,24,34,-1,34,24,26,-1,38,47,36,-1,36,47,45,-1,40,46,38,-1,38,46,47,-1,44,42,45,-1,45,42,36,-1,42,44,40,-1,40,44,46,-1,
        ]
    }
}
Shape{
    appearance Appearance {
        material  Material {
            diffuseColor 1.0 1.0 1.0
            specularColor 0.5019607843137255 0.5019607843137255 0.5019607843137255
            ambientIntensity 1.0
            transparency 0.0
            shininess 0.5
        }
    }
    geometry IndexedFaceSet {
        ccw TRUE
        solid FALSE
        coord DEF co Coordinate {
            point [
                0.2168 -0.0115 0.3976, 0.2218 -0.0084 0.3976, 0.2152 -0.01 0.3976, 0.2197 -0.0063 0.3976, 0.2116 -0.0076 0.3976, 0.2153 -0.0032 0.3976, 0.2074 -0.0061 0.3976, 0.2096 -0.001 0.3976, 0.2015 -0.0055 0.3976, 0.2017 0.0 0.3976, 0.1943 -0.0055 0.3976, 0.1881 0.0 0.3976, 0.1943 -0.0422 0.3976, 0.1881 -0.0477 0.3976, 0.2012 -0.0422 0.3976, 0.2012 -0.0477 0.3976, 0.2071 -0.0416 0.3976, 0.2092 -0.0467 0.3976, 0.2112 -0.0402 0.3976, 0.2147 -0.0446 0.3976, 0.2144 -0.0381 0.3976, 0.2193 -0.0414 0.3976, 0.2154 -0.0373 0.3976, 0.2197 -0.041 0.3976, 0.2178 -0.0341 0.3976, 0.2231 -0.037 0.3976, 0.2194 -0.0305 0.3976, 0.2255 -0.0321 0.3976, 0.2203 -0.0261 0.3976, 0.2267 -0.0266 0.3976, 0.2205 -0.0234 0.3976, 0.2269 -0.0232 0.3976, 0.2198 -0.0178 0.3976, 0.2263 -0.0174 0.3976, 0.2185 -0.0142 0.3976, 0.2247 -0.0127 0.3976, 0.2197 -0.041 0.3937, 0.2231 -0.037 0.3937, 0.2255 -0.0321 0.3937, 0.2267 -0.0266 0.3937, 0.2269 -0.0232 0.3937, 0.2263 -0.0174 0.3937, 0.2247 -0.0127 0.3937, 0.2218 -0.0084 0.3937, 0.2197 -0.0063 0.3937, 0.2153 -0.0032 0.3937, 0.2096 -0.001 0.3937, 0.2017 0.0 0.3937, 0.1881 0.0 0.3937, 0.1881 -0.0477 0.3937, 0.2012 -0.0477 0.3937, 0.2092 -0.0467 0.3937, 0.2147 -0.0446 0.3937, 0.2193 -0.0414 0.3937, 0.2152 -0.01 0.3937, 0.2168 -0.0115 0.3937, 0.2185 -0.0142 0.3937, 0.2198 -0.0178 0.3937, 0.2205 -0.0234 0.3937, 0.2015 -0.0055 0.3937, 0.2074 -0.0061 0.3937, 0.2116 -0.0076 0.3937, 0.1943 -0.0055 0.3937, 0.1943 -0.0422 0.3937, 0.2012 -0.0422 0.3937, 0.2154 -0.0373 0.3937, 0.2144 -0.0381 0.3937, 0.2112 -0.0402 0.3937, 0.2071 -0.0416 0.3937, 0.2203 -0.0261 0.3937, 0.2194 -0.0305 0.3937, 0.2178 -0.0341 0.3937
            ]
        }
        coordIndex [
            0,1,2,-1,2,1,3,-1,2,3,4,-1,4,3,5,-1,4,5,6,-1,6,5,7,-1,6,7,8,-1,8,7,9,-1,8,9,10,-1,10,9,11,-1,10,11,12,-1,12,11,13,-1,12,13,14,-1,14,13,15,-1,14,15,16,-1,16,15,17,-1,16,17,18,-1,18,17,19,-1,18,19,20,-1,20,19,21,-1,20,21,22,-1,22,21,23,-1,22,23,24,-1,24,23,25,-1,24,25,26,-1,26,25,27,-1,26,27,28,-1,28,27,29,-1,28,29,30,-1,30,29,31,-1,30,31,32,-1,32,31,33,-1,32,33,34,-1,34,33,35,-1,34,35,0,-1,0,35,1,-1,23,36,37,-1,23,37,25,-1,25,37,38,-1,25,38,27,-1,27,38,39,-1,27,39,29,-1,29,39,40,-1,29,40,31,-1,31,40,41,-1,31,41,33,-1,33,41,42,-1,33,42,35,-1,35,42,43,-1,35,43,1,-1,1,43,44,-1,1,44,3,-1,3,44,45,-1,3,45,5,-1,5,45,46,-1,5,46,7,-1,7,46,47,-1,7,47,9,-1,11,9,48,-1,48,9,47,-1,13,11,49,-1,49,11,48,-1,15,13,50,-1,50,13,49,-1,15,50,51,-1,15,51,17,-1,17,51,52,-1,17,52,19,-1,19,52,53,-1,19,53,21,-1,21,53,36,-1,21,36,23,-1,2,54,55,-1,2,55,0,-1,0,55,56,-1,0,56,34,-1,34,56,57,-1,34,57,32,-1,32,57,58,-1,32,58,30,-1,8,59,60,-1,8,60,6,-1,6,60,61,-1,6,61,4,-1,4,61,54,-1,4,54,2,-1,8,10,59,-1,59,10,62,-1,10,12,62,-1,62,12,63,-1,12,14,63,-1,63,14,64,-1,22,65,66,-1,22,66,20,-1,20,66,67,-1,20,67,18,-1,18,67,68,-1,18,68,16,-1,16,68,64,-1,16,64,14,-1,30,58,69,-1,30,69,28,-1,28,69,70,-1,28,70,26,-1,26,70,71,-1,26,71,24,-1,24,71,65,-1,24,65,22,-1,
        ]
    }
}
Shape{
    appearance Appearance {
        material  Material {
            diffuseColor 0.20784313725490197 0.20784313725490197 0.20784313725490197
            specularColor 0.01568627450980392 0.01568627450980392 0.01568627450980392
            ambientIntensity 0.298
            transparency 0.0
            shininess 0.5
        }
    }
    geometry IndexedFaceSet {
        ccw TRUE
        solid FALSE
        coord DEF co Coordinate {
            point [
                0.1943 -0.0055 0.3937, 0.1943 -0.0422 0.3937, 0.2015 -0.0055 0.3937, 0.2012 -0.0422 0.3937, 0.2071 -0.0416 0.3937, 0.2112 -0.0402 0.3937, 0.2144 -0.0381 0.3937, 0.2154 -0.0373 0.3937, 0.2178 -0.0341 0.3937, 0.2194 -0.0305 0.3937, 0.2203 -0.0261 0.3937, 0.2205 -0.0234 0.3937, 0.2198 -0.0178 0.3937, 0.2185 -0.0142 0.3937, 0.2168 -0.0115 0.3937, 0.2152 -0.01 0.3937, 0.2074 -0.0061 0.3937, 0.2116 -0.0076 0.3937
            ]
        }
        coordIndex [
            0,1,2,-1,2,1,3,-1,2,3,4,-1,4,5,2,-1,2,5,6,-1,2,6,7,-1,7,8,2,-1,2,8,9,-1,2,9,10,-1,10,11,2,-1,2,11,12,-1,2,12,13,-1,13,14,2,-1,2,14,15,-1,2,15,16,-1,16,15,17,-1,
        ]
    }
}
Shape{
    appearance Appearance {
        material  Material {
            diffuseColor 1.0 1.0 1.0
            specularColor 0.5019607843137255 0.5019607843137255 0.5019607843137255
            ambientIntensity 1.0
            transparency 0.0
            shininess 0.5
        }
    }
    geometry IndexedFaceSet {
        ccw TRUE
        solid FALSE
        coord DEF co Coordinate {
            point [
                0.1316 -0.0393 0.3976, 0.1316 -0.0393 0.3937, 0.1311 -0.0408 0.3937, 0.1311 -0.0408 0.3976, 0.1308 -0.042 0.3937, 0.1308 -0.042 0.3976, 0.1307 -0.042 0.3976, 0.1307 -0.042 0.3937, 0.1299 -0.0392 0.3976, 0.1299 -0.0392 0.3937, 0.121 -0.0136 0.3976, 0.1239 -0.0219 0.3937, 0.121 -0.0136 0.3937, 0.1144 -0.0136 0.3976, 0.1144 -0.0136 0.3937, 0.1277 -0.0476 0.3976, 0.1239 -0.0379 0.3937, 0.1277 -0.0476 0.3937, 0.1251 -0.0538 0.3976, 0.1251 -0.0538 0.3937, 0.1239 -0.0559 0.3937, 0.1239 -0.0559 0.3937, 0.1228 -0.0572 0.3976, 0.1239 -0.0559 0.3976, 0.1228 -0.0572 0.3937, 0.1217 -0.0579 0.3937, 0.1217 -0.0579 0.3976, 0.1204 -0.0584 0.3937, 0.1204 -0.0584 0.3976, 0.119 -0.0586 0.3937, 0.119 -0.0586 0.3976, 0.1168 -0.0583 0.3937, 0.1168 -0.0583 0.3976, 0.1156 -0.0579 0.3937, 0.1156 -0.0579 0.3976, 0.1156 -0.0632 0.3976, 0.1156 -0.0632 0.3937, 0.1181 -0.0636 0.3937, 0.1181 -0.0636 0.3976, 0.1194 -0.0637 0.3937, 0.1194 -0.0637 0.3976, 0.1219 -0.0634 0.3937, 0.1219 -0.0634 0.3976, 0.1239 -0.0626 0.3937, 0.1242 -0.0625 0.3976, 0.1242 -0.0625 0.3937, 0.1263 -0.0611 0.3937, 0.1263 -0.0611 0.3976, 0.1267 -0.0607 0.3937, 0.1267 -0.0607 0.3976, 0.1289 -0.0581 0.3937, 0.1289 -0.0581 0.3976, 0.1316 -0.0528 0.3937, 0.1316 -0.0528 0.3976, 0.147 -0.0136 0.3976, 0.147 -0.0136 0.3937, 0.1409 -0.0136 0.3976, 0.1409 -0.0136 0.3937, 0.0975 -0.0485 0.3976, 0.0975 -0.0485 0.3937, 0.1028 -0.0479 0.3937, 0.1028 -0.0479 0.3976, 0.1059 -0.0467 0.3937, 0.1059 -0.0467 0.3976, 0.1074 -0.0458 0.3937, 0.1074 -0.0458 0.3976, 0.1091 -0.0443 0.3937, 0.1091 -0.0443 0.3976, 0.1102 -0.0427 0.3937, 0.1102 -0.0427 0.3976, 0.111 -0.0408 0.3937, 0.111 -0.0408 0.3976, 0.1113 -0.0384 0.3937, 0.1113 -0.0384 0.3976, 0.111 -0.0362 0.3937, 0.111 -0.0362 0.3976, 0.1104 -0.0344 0.3937, 0.1104 -0.0344 0.3976, 0.1093 -0.0328 0.3937, 0.1093 -0.0328 0.3976, 0.1078 -0.0315 0.3937, 0.1078 -0.0315 0.3976, 0.1039 -0.0293 0.3937, 0.1039 -0.0293 0.3976, 0.1016 -0.0284 0.3937, 0.1016 -0.0284 0.3976, 0.0979 -0.0268 0.3937, 0.0979 -0.0268 0.3976, 0.0958 -0.0254 0.3937, 0.0958 -0.0254 0.3976, 0.0952 -0.0248 0.3937, 0.0952 -0.0248 0.3976, 0.0948 -0.024 0.3937, 0.0948 -0.024 0.3976, 0.0945 -0.0231 0.3937, 0.0945 -0.0231 0.3976, 0.0945 -0.0223 0.3937, 0.0945 -0.0223 0.3976, 0.0946 -0.0213 0.3937, 0.0946 -0.0213 0.3976, 0.0949 -0.0205 0.3937, 0.0949 -0.0205 0.3976, 0.0954 -0.0198 0.3937, 0.0954 -0.0198 0.3976, 0.0963 -0.019 0.3937, 0.0963 -0.019 0.3976, 0.0976 -0.0182 0.3937, 0.0976 -0.0182 0.3976, 0.0992 -0.0178 0.3937, 0.0992 -0.0178 0.3976, 0.101 -0.0177 0.3937, 0.101 -0.0177 0.3976, 0.1049 -0.0181 0.3937, 0.1049 -0.0181 0.3976, 0.1083 -0.0194 0.3937, 0.1083 -0.0194 0.3976, 0.1096 -0.0202 0.3937, 0.1096 -0.0202 0.3976, 0.1096 -0.0144 0.3976, 0.1096 -0.0144 0.3937, 0.105 -0.0131 0.3937, 0.105 -0.0131 0.3976, 0.1016 -0.0128 0.3937, 0.1016 -0.0128 0.3976, 0.0967 -0.0134 0.3937, 0.0967 -0.0134 0.3976, 0.0935 -0.0147 0.3937, 0.0935 -0.0147 0.3976, 0.0921 -0.0155 0.3937, 0.0921 -0.0155 0.3976, 0.091 -0.0165 0.3937, 0.0904 -0.0171 0.3976, 0.0904 -0.0171 0.3937, 0.0893 -0.0188 0.3937, 0.0893 -0.0188 0.3976, 0.0885 -0.0207 0.3937, 0.0885 -0.0207 0.3976, 0.0883 -0.0228 0.3937, 0.0883 -0.0228 0.3976, 0.0886 -0.0251 0.3937, 0.0886 -0.0251 0.3976, 0.0892 -0.0269 0.3937, 0.0892 -0.0269 0.3976, 0.09 -0.0282 0.3937, 0.09 -0.0282 0.3976, 0.0973 -0.0327 0.3937, 0.0973 -0.0327 0.3976, 0.0938 -0.0311 0.3976, 0.091 -0.0292 0.3937, 0.091 -0.0292 0.3976, 0.091 -0.0292 0.3937, 0.0938 -0.0311 0.3937, 0.1013 -0.0343 0.3937, 0.1013 -0.0343 0.3976, 0.1036 -0.0357 0.3937, 0.1036 -0.0357 0.3976, 0.1043 -0.0365 0.3937, 0.1043 -0.0365 0.3976, 0.1048 -0.0373 0.3937, 0.1048 -0.0373 0.3976, 0.1051 -0.0382 0.3937, 0.1051 -0.0382 0.3976, 0.1051 -0.039 0.3937, 0.1051 -0.039 0.3976, 0.105 -0.0401 0.3937, 0.105 -0.0401 0.3976, 0.1047 -0.041 0.3937, 0.1047 -0.041 0.3976, 0.1042 -0.0417 0.3937, 0.1042 -0.0417 0.3976, 0.1035 -0.0424 0.3937, 0.1035 -0.0424 0.3976, 0.103 -0.0427 0.3937, 0.103 -0.0427 0.3976, 0.1014 -0.0432 0.3937, 0.1014 -0.0432 0.3976, 0.0984 -0.0436 0.3937, 0.0984 -0.0436 0.3976, 0.0981 -0.0436 0.3937, 0.0981 -0.0436 0.3976, 0.0883 -0.0403 0.3937, 0.0883 -0.0403 0.3976, 0.0906 -0.0417 0.3976, 0.0943 -0.0432 0.3937, 0.0943 -0.0432 0.3976, 0.091 -0.0419 0.3937, 0.0906 -0.0417 0.3937, 0.0883 -0.0465 0.3976, 0.0883 -0.0465 0.3937, 0.0925 -0.048 0.3976, 0.091 -0.0474 0.3937, 0.0925 -0.048 0.3937, 0.0742 -0.0477 0.3976, 0.0802 -0.0477 0.3976, 0.0742 -0.0424 0.3976, 0.0802 -0.0258 0.3976, 0.0742 -0.026 0.3976, 0.0613 -0.0331 0.3976, 0.0628 -0.0324 0.3976, 0.0741 -0.0424 0.3976, 0.0709 -0.0415 0.3976, 0.0731 -0.0438 0.3976, 0.0692 -0.0427 0.3976, 0.0662 -0.0317 0.3976, 0.0742 -0.0306 0.3976, 0.0742 -0.0338 0.3976, 0.0742 -0.0342 0.3976, 0.0738 -0.0369 0.3976, 0.0729 -0.039 0.3976, 0.0717 -0.0408 0.3976, 0.074 -0.0234 0.3976, 0.0797 -0.0212 0.3976, 0.0734 -0.0213 0.3976, 0.0788 -0.0185 0.3976, 0.0727 -0.02 0.3976, 0.0775 -0.0165 0.3976, 0.0718 -0.0191 0.3976, 0.0759 -0.015 0.3976, 0.0707 -0.0184 0.3976, 0.0739 -0.0139 0.3976, 0.0693 -0.0179 0.3976, 0.0714 -0.0132 0.3976, 0.0673 -0.0177 0.3976, 0.0679 -0.0128 0.3976, 0.0641 -0.018 0.3976, 0.0623 -0.0135 0.3976, 0.0603 -0.0192 0.3976, 0.0578 -0.0151 0.3976, 0.0562 -0.0218 0.3976, 0.0562 -0.016 0.3976, 0.0601 -0.0415 0.3976, 0.0558 -0.0458 0.3976, 0.0606 -0.042 0.3976, 0.0578 -0.0472 0.3976, 0.0618 -0.0428 0.3976, 0.06 -0.0481 0.3976, 0.0632 -0.0433 0.3976, 0.0636 -0.0485 0.3976, 0.0652 -0.0436 0.3976, 0.0667 -0.0481 0.3976, 0.0674 -0.0433 0.3976, 0.0691 -0.0473 0.3976, 0.0712 -0.0458 0.3976, 0.0589 -0.0371 0.3976, 0.0528 -0.0378 0.3976, 0.0589 -0.0381 0.3976, 0.0528 -0.0386 0.3976, 0.059 -0.0394 0.3976, 0.0531 -0.0413 0.3976, 0.0594 -0.0405 0.3976, 0.0538 -0.0433 0.3976, 0.0551 -0.0451 0.3976, 0.0641 -0.0274 0.3976, 0.0596 -0.0286 0.3976, 0.0605 -0.0337 0.3976, 0.0571 -0.0299 0.3976, 0.0598 -0.0346 0.3976, 0.0552 -0.0314 0.3976, 0.0592 -0.0357 0.3976, 0.054 -0.0332 0.3976, 0.0532 -0.0353 0.3976, 0.0673 -0.0177 0.3937, 0.0693 -0.0179 0.3937, 0.0707 -0.0184 0.3937, 0.0718 -0.0191 0.3937, 0.0727 -0.02 0.3937, 0.0734 -0.0213 0.3937, 0.074 -0.0234 0.3937, 0.0742 -0.026 0.3937, 0.0641 -0.0274 0.3937, 0.0596 -0.0286 0.3937, 0.0571 -0.0299 0.3937, 0.0552 -0.0314 0.3937, 0.054 -0.0332 0.3937, 0.0532 -0.0353 0.3937, 0.0528 -0.0378 0.3937, 0.0528 -0.0386 0.3937, 0.0531 -0.0413 0.3937, 0.0538 -0.0433 0.3937, 0.0551 -0.0451 0.3937, 0.0558 -0.0458 0.3937, 0.0578 -0.0472 0.3937, 0.06 -0.0481 0.3937, 0.0636 -0.0485 0.3937, 0.0667 -0.0481 0.3937, 0.0691 -0.0473 0.3937, 0.0712 -0.0458 0.3937, 0.0731 -0.0438 0.3937, 0.0741 -0.0424 0.3937, 0.0742 -0.0424 0.3937, 0.0742 -0.0477 0.3937, 0.0802 -0.0477 0.3937, 0.0802 -0.0258 0.3937, 0.0797 -0.0212 0.3937, 0.0788 -0.0185 0.3937, 0.0775 -0.0165 0.3937, 0.0759 -0.015 0.3937, 0.0739 -0.0139 0.3937, 0.0714 -0.0132 0.3937, 0.0679 -0.0128 0.3937, 0.0623 -0.0135 0.3937, 0.0578 -0.0151 0.3937, 0.0562 -0.016 0.3937, 0.0562 -0.0218 0.3937, 0.0603 -0.0192 0.3937, 0.0641 -0.018 0.3937, 0.0717 -0.0408 0.3937, 0.0709 -0.0415 0.3937, 0.0692 -0.0427 0.3937, 0.0674 -0.0433 0.3937, 0.0652 -0.0436 0.3937, 0.0742 -0.0338 0.3937, 0.0742 -0.0342 0.3937, 0.0738 -0.0369 0.3937, 0.0729 -0.039 0.3937, 0.0742 -0.0306 0.3937, 0.0662 -0.0317 0.3937, 0.0605 -0.0337 0.3937, 0.0613 -0.0331 0.3937, 0.0628 -0.0324 0.3937, 0.0589 -0.0381 0.3937, 0.0589 -0.0371 0.3937, 0.0592 -0.0357 0.3937, 0.0598 -0.0346 0.3937, 0.0606 -0.042 0.3937, 0.0601 -0.0415 0.3937, 0.0594 -0.0405 0.3937, 0.059 -0.0394 0.3937, 0.0632 -0.0433 0.3937, 0.0618 -0.0428 0.3937
            ]
        }
        coordIndex [
            0,1,2,-1,0,2,3,-1,3,2,4,-1,3,4,5,-1,6,5,7,-1,7,5,4,-1,8,6,9,-1,9,6,7,-1,8,9,10,-1,10,9,11,-1,10,11,12,-1,13,10,14,-1,14,10,12,-1,13,14,15,-1,15,14,16,-1,15,16,17,-1,18,15,19,-1,19,15,17,-1,18,19,20,-1,21,22,20,-1,20,22,23,-1,20,23,18,-1,21,24,22,-1,22,24,25,-1,22,25,26,-1,26,25,27,-1,26,27,28,-1,28,27,29,-1,28,29,30,-1,30,29,31,-1,30,31,32,-1,32,31,33,-1,32,33,34,-1,35,34,36,-1,36,34,33,-1,35,36,37,-1,35,37,38,-1,38,37,39,-1,38,39,40,-1,40,39,41,-1,40,41,42,-1,42,41,43,-1,42,43,44,-1,43,45,44,-1,44,45,46,-1,44,46,47,-1,47,46,48,-1,47,48,49,-1,49,48,50,-1,49,50,51,-1,51,50,52,-1,51,52,53,-1,54,53,55,-1,55,53,52,-1,56,54,57,-1,57,54,55,-1,0,56,1,-1,1,56,57,-1,3,5,53,-1,54,56,53,-1,53,56,0,-1,53,0,3,-1,10,13,8,-1,8,13,15,-1,8,15,6,-1,51,23,49,-1,49,23,22,-1,34,35,32,-1,32,35,38,-1,32,38,30,-1,30,38,40,-1,30,40,28,-1,28,40,42,-1,28,42,26,-1,26,42,44,-1,26,44,22,-1,22,44,47,-1,22,47,49,-1,5,6,53,-1,53,6,15,-1,53,15,51,-1,51,15,18,-1,51,18,23,-1,58,59,60,-1,58,60,61,-1,61,60,62,-1,61,62,63,-1,63,62,64,-1,63,64,65,-1,65,64,66,-1,65,66,67,-1,67,66,68,-1,67,68,69,-1,69,68,70,-1,69,70,71,-1,71,70,72,-1,71,72,73,-1,73,72,74,-1,73,74,75,-1,75,74,76,-1,75,76,77,-1,77,76,78,-1,77,78,79,-1,79,78,80,-1,79,80,81,-1,81,80,82,-1,81,82,83,-1,83,82,84,-1,83,84,85,-1,85,84,86,-1,85,86,87,-1,87,86,88,-1,87,88,89,-1,89,88,90,-1,89,90,91,-1,91,90,92,-1,91,92,93,-1,93,92,94,-1,93,94,95,-1,95,94,96,-1,95,96,97,-1,97,96,98,-1,97,98,99,-1,99,98,100,-1,99,100,101,-1,101,100,102,-1,101,102,103,-1,103,102,104,-1,103,104,105,-1,105,104,106,-1,105,106,107,-1,107,106,108,-1,107,108,109,-1,109,108,110,-1,109,110,111,-1,111,110,112,-1,111,112,113,-1,113,112,114,-1,113,114,115,-1,115,114,116,-1,115,116,117,-1,118,117,119,-1,119,117,116,-1,118,119,120,-1,118,120,121,-1,121,120,122,-1,121,122,123,-1,123,122,124,-1,123,124,125,-1,125,124,126,-1,125,126,127,-1,127,126,128,-1,127,128,129,-1,128,130,129,-1,129,130,131,-1,130,132,131,-1,131,132,133,-1,131,133,134,-1,134,133,135,-1,134,135,136,-1,136,135,137,-1,136,137,138,-1,138,137,139,-1,138,139,140,-1,140,139,141,-1,140,141,142,-1,142,141,143,-1,142,143,144,-1,145,146,147,-1,144,143,148,-1,144,148,149,-1,149,148,150,-1,149,150,147,-1,147,150,151,-1,147,151,145,-1,146,145,152,-1,146,152,153,-1,153,152,154,-1,153,154,155,-1,155,154,156,-1,155,156,157,-1,157,156,158,-1,157,158,159,-1,159,158,160,-1,159,160,161,-1,161,160,162,-1,161,162,163,-1,163,162,164,-1,163,164,165,-1,165,164,166,-1,165,166,167,-1,167,166,168,-1,167,168,169,-1,169,168,170,-1,169,170,171,-1,171,170,172,-1,171,172,173,-1,173,172,174,-1,173,174,175,-1,175,174,176,-1,175,176,177,-1,177,176,178,-1,177,178,179,-1,180,181,182,-1,179,178,183,-1,179,183,184,-1,184,183,185,-1,184,185,182,-1,182,185,186,-1,182,186,180,-1,187,181,188,-1,188,181,180,-1,59,58,189,-1,187,188,190,-1,187,190,189,-1,189,190,191,-1,189,191,59,-1,103,105,127,-1,127,105,125,-1,153,85,146,-1,146,85,87,-1,63,65,169,-1,169,65,67,-1,169,67,167,-1,167,67,69,-1,167,69,165,-1,165,69,71,-1,165,71,163,-1,163,71,73,-1,163,73,161,-1,161,73,75,-1,161,75,159,-1,159,75,77,-1,159,77,157,-1,157,77,79,-1,157,79,155,-1,155,79,81,-1,155,81,153,-1,153,81,83,-1,153,83,85,-1,58,179,189,-1,189,179,184,-1,189,184,187,-1,187,184,182,-1,187,182,181,-1,105,107,125,-1,125,107,109,-1,125,109,123,-1,123,109,111,-1,123,111,121,-1,121,111,113,-1,121,113,118,-1,118,113,115,-1,118,115,117,-1,169,171,63,-1,63,171,173,-1,63,173,61,-1,61,173,175,-1,61,175,58,-1,58,175,177,-1,58,177,179,-1,127,129,103,-1,103,129,131,-1,103,131,101,-1,101,131,134,-1,101,134,99,-1,99,134,136,-1,99,136,97,-1,97,136,138,-1,97,138,95,-1,95,138,140,-1,95,140,93,-1,93,140,142,-1,93,142,91,-1,91,142,144,-1,91,144,89,-1,89,144,149,-1,89,149,87,-1,87,149,147,-1,87,147,146,-1,192,193,194,-1,194,193,195,-1,196,197,198,-1,199,200,201,-1,201,200,202,-1,203,204,195,-1,195,204,205,-1,205,206,195,-1,195,206,207,-1,195,207,194,-1,194,207,208,-1,194,208,199,-1,199,208,209,-1,199,209,200,-1,198,203,196,-1,196,203,195,-1,196,195,210,-1,210,195,211,-1,210,211,212,-1,212,211,213,-1,212,213,214,-1,214,213,215,-1,214,215,216,-1,216,215,217,-1,216,217,218,-1,218,217,219,-1,218,219,220,-1,220,219,221,-1,220,221,222,-1,222,221,223,-1,222,223,224,-1,224,223,225,-1,224,225,226,-1,226,225,227,-1,226,227,228,-1,228,227,229,-1,230,231,232,-1,232,231,233,-1,232,233,234,-1,234,233,235,-1,234,235,236,-1,236,235,237,-1,236,237,238,-1,238,237,239,-1,238,239,240,-1,240,239,241,-1,240,241,202,-1,202,241,242,-1,202,242,201,-1,243,244,245,-1,245,244,246,-1,245,246,247,-1,247,246,248,-1,247,248,249,-1,249,248,250,-1,249,250,230,-1,230,250,251,-1,230,251,231,-1,196,252,197,-1,197,252,253,-1,197,253,254,-1,254,253,255,-1,254,255,256,-1,256,255,257,-1,256,257,258,-1,258,257,259,-1,258,259,243,-1,243,259,260,-1,243,260,244,-1,222,261,262,-1,222,262,220,-1,220,262,263,-1,220,263,218,-1,218,263,264,-1,218,264,216,-1,216,264,265,-1,216,265,214,-1,214,265,266,-1,214,266,212,-1,212,266,267,-1,212,267,210,-1,210,267,268,-1,210,268,196,-1,252,196,269,-1,269,196,268,-1,252,269,270,-1,252,270,253,-1,253,270,271,-1,253,271,255,-1,255,271,272,-1,255,272,257,-1,257,272,273,-1,257,273,259,-1,259,273,274,-1,259,274,260,-1,260,274,275,-1,260,275,244,-1,244,275,276,-1,244,276,246,-1,246,276,277,-1,246,277,248,-1,248,277,278,-1,248,278,250,-1,250,278,279,-1,250,279,251,-1,251,279,280,-1,251,280,231,-1,231,280,281,-1,231,281,233,-1,233,281,282,-1,233,282,235,-1,235,282,283,-1,235,283,237,-1,237,283,284,-1,237,284,239,-1,239,284,285,-1,239,285,241,-1,241,285,286,-1,241,286,242,-1,242,286,287,-1,242,287,201,-1,201,287,288,-1,201,288,199,-1,194,199,289,-1,289,199,288,-1,192,194,290,-1,290,194,289,-1,193,192,291,-1,291,192,290,-1,195,193,292,-1,292,193,291,-1,195,292,293,-1,195,293,211,-1,211,293,294,-1,211,294,213,-1,213,294,295,-1,213,295,215,-1,215,295,296,-1,215,296,217,-1,217,296,297,-1,217,297,219,-1,219,297,298,-1,219,298,221,-1,221,298,299,-1,221,299,223,-1,223,299,300,-1,223,300,225,-1,225,300,301,-1,225,301,227,-1,227,301,302,-1,227,302,229,-1,228,229,303,-1,303,229,302,-1,228,303,304,-1,228,304,226,-1,226,304,305,-1,226,305,224,-1,224,305,261,-1,224,261,222,-1,209,306,307,-1,209,307,200,-1,200,307,308,-1,200,308,202,-1,202,308,309,-1,202,309,240,-1,240,309,310,-1,240,310,238,-1,205,311,312,-1,205,312,206,-1,206,312,313,-1,206,313,207,-1,207,313,314,-1,207,314,208,-1,208,314,306,-1,208,306,209,-1,205,204,311,-1,311,204,315,-1,204,203,315,-1,315,203,316,-1,254,317,318,-1,254,318,197,-1,197,318,319,-1,197,319,198,-1,198,319,316,-1,198,316,203,-1,245,320,321,-1,245,321,243,-1,243,321,322,-1,243,322,258,-1,258,322,323,-1,258,323,256,-1,256,323,317,-1,256,317,254,-1,232,324,325,-1,232,325,230,-1,230,325,326,-1,230,326,249,-1,249,326,327,-1,249,327,247,-1,247,327,320,-1,247,320,245,-1,238,310,328,-1,238,328,236,-1,236,328,329,-1,236,329,234,-1,234,329,324,-1,234,324,232,-1,
        ]
    }
}
Shape{
    appearance Appearance {
        material  Material {
            diffuseColor 0.20784313725490197 0.20784313725490197 0.20784313725490197
            specularColor 0.01568627450980392 0.01568627450980392 0.01568627450980392
            ambientIntensity 0.298
            transparency 0.0
            shininess 0.5
        }
    }
    geometry IndexedFaceSet {
        ccw TRUE
        solid FALSE
        coord DEF co Coordinate {
            point [
                0.0742 -0.0306 0.3937, 0.0662 -0.0317 0.3937, 0.0742 -0.0338 0.3937, 0.0628 -0.0324 0.3937, 0.0613 -0.0331 0.3937, 0.0605 -0.0337 0.3937, 0.0742 -0.0342 0.3937, 0.0738 -0.0369 0.3937, 0.0598 -0.0346 0.3937, 0.0729 -0.039 0.3937, 0.0601 -0.0415 0.3937, 0.0606 -0.042 0.3937, 0.0709 -0.0415 0.3937, 0.0594 -0.0405 0.3937, 0.0692 -0.0427 0.3937, 0.0674 -0.0433 0.3937, 0.0652 -0.0436 0.3937, 0.0592 -0.0357 0.3937, 0.0589 -0.0371 0.3937, 0.0717 -0.0408 0.3937, 0.0589 -0.0381 0.3937, 0.059 -0.0394 0.3937, 0.0618 -0.0428 0.3937, 0.0632 -0.0433 0.3937
            ]
        }
        coordIndex [
            0,1,2,-1,2,1,3,-1,3,4,2,-1,2,4,5,-1,2,5,6,-1,6,5,7,-1,7,5,8,-1,7,8,9,-1,10,11,12,-1,10,12,13,-1,14,12,15,-1,15,12,16,-1,8,17,9,-1,9,17,18,-1,9,18,19,-1,19,18,20,-1,19,20,12,-1,12,20,21,-1,12,21,13,-1,11,22,12,-1,12,22,23,-1,12,23,16,-1,
        ]
    }
}
Shape{
    appearance Appearance {
        material  Material {
            diffuseColor 1.0 1.0 1.0
            specularColor 0.5019607843137255 0.5019607843137255 0.5019607843137255
            ambientIntensity 1.0
            transparency 0.0
            shininess 0.5
        }
    }
    geometry IndexedFaceSet {
        ccw TRUE
        solid FALSE
        coord DEF co Coordinate {
            point [
                -0.189 -0.0544 0.3976, -0.184 -0.0607 0.3976, -0.1921 -0.0244 0.3976, -0.198 0.0344 0.3976, -0.1905 0.0384 0.3976, -0.1922 0.0593 0.3976, -0.1711 0.0603 0.3976, -0.1606 0.0355 0.3976, -0.1554 0.0463 0.3976, -0.1995 -0.0199 0.3976, -0.1967 -0.0459 0.3976, -0.1924 -0.0472 0.3976, -0.1789 0.061 0.3976, -0.1577 -0.0237 0.3976, -0.1546 -0.0249 0.3976, -0.1263 -0.0329 0.3976, -0.1519 -0.0267 0.3976, -0.1497 -0.0291 0.3976, -0.0789 -0.0078 0.3976, -0.0894 0.0101 0.3976, -0.1348 -0.0136 0.3976, -0.1606 -0.0234 0.3976, -0.1639 -0.0239 0.3976, -0.1683 -0.0031 0.3976, -0.1668 -0.025 0.3976, -0.1758 -0.006 0.3976, -0.1695 -0.0269 0.3976, -0.1828 -0.0108 0.3976, -0.1708 -0.0283 0.3976, -0.1884 -0.0172 0.3976, -0.1726 -0.0311 0.3976, -0.1736 -0.0343 0.3976, -0.1737 -0.0376 0.3976, -0.1479 -0.0043 0.3976, -0.1561 -0.0023 0.3976, -0.1602 -0.0021 0.3976, -0.1482 -0.0319 0.3976, -0.1474 -0.0351 0.3976, -0.1263 -0.0363 0.3976, -0.1474 -0.0382 0.3976, -0.1265 -0.0399 0.3976, -0.1641 0.0684 0.3976, -0.1478 0.0553 0.3976, -0.1562 0.0752 0.3976, -0.1387 0.062 0.3976, -0.1479 0.0803 0.3976, -0.1821 0.0404 0.3976, -0.1785 0.0406 0.3976, -0.175 0.0607 0.3976, -0.1705 0.0396 0.3976, -0.1629 0.0368 0.3976, -0.1408 -0.0082 0.3976, -0.0609 -0.0478 0.3976, -0.063 -0.0272 0.3976, -0.0809 -0.0478 0.3976, -0.0782 -0.0272 0.3976, -0.0828 -0.0475 0.3976, -0.1731 -0.0408 0.3976, -0.1718 -0.0436 0.3976, -0.0677 0.0257 0.3976, -0.065 0.0257 0.3976, -0.0511 0.044 0.3976, -0.0595 0.0251 0.3976, -0.0495 0.0435 0.3976, -0.0535 0.0231 0.3976, -0.0394 0.0385 0.3976, -0.0481 0.0196 0.3976, -0.0302 0.0307 0.3976, -0.0436 0.0148 0.3976, -0.0233 0.0211 0.3976, -0.0404 0.009 0.3976, -0.0191 0.0107 0.3976, -0.0388 0.0025 0.3976, -0.0176 -0.0004 0.3976, -0.0386 -0.0007 0.3976, -0.0191 -0.0125 0.3976, -0.0392 -0.0063 0.3976, -0.0234 -0.0232 0.3976, -0.0413 -0.0125 0.3976, -0.0301 -0.0326 0.3976, -0.0448 -0.0179 0.3976, -0.0393 -0.0404 0.3976, -0.0481 -0.0212 0.3976, -0.0496 -0.0454 0.3976, -0.0536 -0.0247 0.3976, -0.0599 -0.0268 0.3976, -0.0694 0.0708 0.3976, -0.0827 0.0553 0.3976, -0.0582 0.0578 0.3976, -0.0751 0.0461 0.3976, -0.0698 0.0352 0.3976, -0.2114 0.015 0.3976, -0.2337 0.0093 0.3976, -0.2124 0.0067 0.3976, -0.2338 0.0061 0.3976, -0.212 0.0014 0.3976, -0.2321 -0.0072 0.3976, -0.2096 -0.0068 0.3976, -0.2273 -0.0199 0.3976, -0.2056 -0.0136 0.3976, -0.2195 -0.0309 0.3976, -0.209 -0.0399 0.3976, -0.1285 -0.0483 0.3976, -0.1482 -0.0414 0.3976, -0.1326 -0.0558 0.3976, -0.1498 -0.0443 0.3976, -0.1377 -0.0616 0.3976, -0.1517 -0.0464 0.3976, -0.1444 -0.0663 0.3976, -0.1542 -0.0483 0.3976, -0.152 -0.0692 0.3976, -0.1572 -0.0494 0.3976, -0.1602 -0.0702 0.3976, -0.1606 -0.0499 0.3976, -0.1615 -0.0702 0.3976, -0.1611 -0.0498 0.3976, -0.1695 -0.0689 0.3976, -0.1642 -0.0494 0.3976, -0.1773 -0.0657 0.3976, -0.1672 -0.048 0.3976, -0.1698 -0.046 0.3976, -0.1323 0.0863 0.3976, -0.1277 0.0665 0.3976, -0.1155 0.0884 0.3976, -0.1152 0.0681 0.3976, -0.1015 0.0869 0.3976, -0.1036 0.0667 0.3976, -0.0845 0.0809 0.3976, -0.093 0.0626 0.3976, -0.0835 0.056 0.3976, -0.2048 0.0544 0.3976, -0.2156 0.0468 0.3976, -0.2038 0.0293 0.3976, -0.2178 0.0447 0.3976, -0.2085 0.0225 0.3976, -0.226 0.0342 0.3976, -0.2314 0.022 0.3976, -0.0799 -0.0268 0.3976, -0.0881 -0.0443 0.3976, -0.0873 -0.0451 0.3976, -0.0789 -0.0271 0.3976, -0.0851 -0.0466 0.3976, -0.0908 -0.0373 0.3976, -0.0904 -0.0398 0.3976, -0.0895 -0.0421 0.3976, -0.0829 -0.0272 0.3976, -0.0852 -0.0281 0.3976, -0.0907 -0.036 0.3976, -0.0873 -0.0296 0.3976, -0.0887 -0.0311 0.3976, -0.09 -0.0334 0.3976, -0.0803 -0.0268 0.3976, -0.0279 0.0275 0.3937, -0.0233 0.0211 0.3937, -0.0203 0.0136 0.3937, -0.0191 0.0107 0.3937, -0.0176 -0.0004 0.3937, -0.0302 0.0307 0.3937, -0.0394 0.0385 0.3937, -0.0495 0.0435 0.3937, -0.0511 0.044 0.3937, -0.0582 0.0578 0.3937, -0.0694 0.0708 0.3937, -0.0845 0.0809 0.3937, -0.0944 0.0844 0.3937, -0.1015 0.0869 0.3937, -0.1155 0.0884 0.3937, -0.1323 0.0863 0.3937, -0.1479 0.0803 0.3937, -0.1562 0.0752 0.3937, -0.1641 0.0684 0.3937, -0.1711 0.0603 0.3937, -0.175 0.0607 0.3937, -0.1789 0.061 0.3937, -0.1922 0.0593 0.3937, -0.2048 0.0544 0.3937, -0.2156 0.0468 0.3937, -0.2178 0.0447 0.3937, -0.226 0.0342 0.3937, -0.229 0.0275 0.3937, -0.2314 0.022 0.3937, -0.2329 0.0136 0.3937, -0.2337 0.0093 0.3937, -0.2338 0.0061 0.3937, -0.2321 -0.0072 0.3937, -0.2273 -0.0199 0.3937, -0.2195 -0.0309 0.3937, -0.209 -0.0399 0.3937, -0.1967 -0.0459 0.3937, -0.1924 -0.0472 0.3937, -0.189 -0.0544 0.3937, -0.184 -0.0607 0.3937, -0.1773 -0.0657 0.3937, -0.1742 -0.0669 0.3937, -0.1695 -0.0689 0.3937, -0.1615 -0.0702 0.3937, -0.1602 -0.0702 0.3937, -0.152 -0.0692 0.3937, -0.1462 -0.0669 0.3937, -0.1444 -0.0663 0.3937, -0.1377 -0.0616 0.3937, -0.1326 -0.0558 0.3937, -0.1285 -0.0483 0.3937, -0.1265 -0.0399 0.3937, -0.1263 -0.0363 0.3937, -0.1263 -0.0329 0.3937, -0.0789 -0.0078 0.3937, -0.0944 -0.016 0.3937, -0.0894 0.0101 0.3937, -0.1348 -0.0136 0.3937, -0.0944 0.0075 0.3937, -0.1408 -0.0082 0.3937, -0.1479 -0.0043 0.3937, -0.1561 -0.0023 0.3937, -0.1602 -0.0021 0.3937, -0.1683 -0.0031 0.3937, -0.1758 -0.006 0.3937, -0.1828 -0.0108 0.3937, -0.1884 -0.0172 0.3937, -0.1921 -0.0244 0.3937, -0.1995 -0.0199 0.3937, -0.2056 -0.0136 0.3937, -0.2096 -0.0068 0.3937, -0.212 0.0014 0.3937, -0.2124 0.0067 0.3937, -0.2116 0.0136 0.3937, -0.2114 0.015 0.3937, -0.2085 0.0225 0.3937, -0.205 0.0275 0.3937, -0.2038 0.0293 0.3937, -0.198 0.0344 0.3937, -0.1905 0.0384 0.3937, -0.1821 0.0404 0.3937, -0.1785 0.0406 0.3937, -0.1705 0.0396 0.3937, -0.1629 0.0368 0.3937, -0.1606 0.0355 0.3937, -0.1554 0.0463 0.3937, -0.1478 0.0553 0.3937, -0.1387 0.062 0.3937, -0.1277 0.0665 0.3937, -0.1152 0.0681 0.3937, -0.1036 0.0667 0.3937, -0.0944 0.0631 0.3937, -0.0677 0.0257 0.3937, -0.0681 0.0275 0.3937, -0.0698 0.0352 0.3937, -0.0751 0.0461 0.3937, -0.0827 0.0553 0.3937, -0.0835 0.056 0.3937, -0.093 0.0626 0.3937, -0.065 0.0257 0.3937, -0.0595 0.0251 0.3937, -0.0535 0.0231 0.3937, -0.0481 0.0196 0.3937, -0.0436 0.0148 0.3937, -0.0429 0.0136 0.3937, -0.0404 0.009 0.3937, -0.0388 0.0025 0.3937, -0.0386 -0.0007 0.3937, -0.0392 -0.0063 0.3937, -0.0413 -0.0125 0.3937, -0.0448 -0.0179 0.3937, -0.0481 -0.0212 0.3937, -0.0536 -0.0247 0.3937, -0.0599 -0.0268 0.3937, -0.063 -0.0272 0.3937, -0.0782 -0.0272 0.3937, -0.0789 -0.0271 0.3937, -0.0799 -0.0268 0.3937, -0.0803 -0.0268 0.3937, -0.0829 -0.0272 0.3937, -0.0852 -0.0281 0.3937, -0.0873 -0.0296 0.3937, -0.0887 -0.0311 0.3937, -0.09 -0.0334 0.3937, -0.0907 -0.036 0.3937, -0.0908 -0.0373 0.3937, -0.0904 -0.0398 0.3937, -0.0895 -0.0421 0.3937, -0.0881 -0.0443 0.3937, -0.0873 -0.0451 0.3937, -0.0851 -0.0466 0.3937, -0.0828 -0.0475 0.3937, -0.0809 -0.0478 0.3937, -0.0609 -0.0478 0.3937, -0.0496 -0.0454 0.3937, -0.0393 -0.0404 0.3937, -0.0301 -0.0326 0.3937, -0.0234 -0.0232 0.3937, -0.0191 -0.0125 0.3937, -0.1606 -0.0234 0.3937, -0.1577 -0.0237 0.3937, -0.1546 -0.0249 0.3937, -0.1519 -0.0267 0.3937, -0.1497 -0.0291 0.3937, -0.1482 -0.0319 0.3937, -0.1474 -0.0351 0.3937, -0.1474 -0.0382 0.3937, -0.1482 -0.0414 0.3937, -0.1498 -0.0443 0.3937, -0.1517 -0.0464 0.3937, -0.1542 -0.0483 0.3937, -0.1572 -0.0494 0.3937, -0.1606 -0.0499 0.3937, -0.1611 -0.0498 0.3937, -0.1642 -0.0494 0.3937, -0.1672 -0.048 0.3937, -0.1698 -0.046 0.3937, -0.1718 -0.0436 0.3937, -0.1731 -0.0408 0.3937, -0.1737 -0.0376 0.3937, -0.1736 -0.0343 0.3937, -0.1726 -0.0311 0.3937, -0.1708 -0.0283 0.3937, -0.1695 -0.0269 0.3937, -0.1668 -0.025 0.3937, -0.1639 -0.0239 0.3937
            ]
        }
        coordIndex [
            0,1,2,-1,3,4,5,-1,6,7,8,-1,9,10,2,-1,2,10,11,-1,2,11,0,-1,5,4,12,-1,13,14,15,-1,15,14,16,-1,15,16,17,-1,18,19,15,-1,15,19,20,-1,15,20,13,-1,13,20,21,-1,22,23,24,-1,24,23,25,-1,24,25,26,-1,26,25,27,-1,26,27,28,-1,28,27,29,-1,28,29,30,-1,30,29,2,-1,30,2,31,-1,31,2,32,-1,33,34,22,-1,22,34,35,-1,22,35,23,-1,17,36,15,-1,15,36,37,-1,15,37,38,-1,38,37,39,-1,38,39,40,-1,6,8,41,-1,41,8,42,-1,41,42,43,-1,43,42,44,-1,43,44,45,-1,4,46,12,-1,12,46,47,-1,12,47,48,-1,48,47,49,-1,48,49,6,-1,6,49,50,-1,6,50,7,-1,21,20,22,-1,22,20,51,-1,22,51,33,-1,52,53,54,-1,54,53,55,-1,54,55,56,-1,32,2,57,-1,57,2,1,-1,57,1,58,-1,59,60,61,-1,61,60,62,-1,61,62,63,-1,63,62,64,-1,63,64,65,-1,65,64,66,-1,65,66,67,-1,67,66,68,-1,67,68,69,-1,69,68,70,-1,69,70,71,-1,71,70,72,-1,71,72,73,-1,73,72,74,-1,73,74,75,-1,75,74,76,-1,75,76,77,-1,77,76,78,-1,77,78,79,-1,79,78,80,-1,79,80,81,-1,81,80,82,-1,81,82,83,-1,83,82,84,-1,83,84,52,-1,52,84,85,-1,52,85,53,-1,86,87,88,-1,88,87,89,-1,88,89,61,-1,61,89,90,-1,61,90,59,-1,91,92,93,-1,93,92,94,-1,93,94,95,-1,95,94,96,-1,95,96,97,-1,97,96,98,-1,97,98,99,-1,99,98,100,-1,99,100,9,-1,9,100,101,-1,9,101,10,-1,40,39,102,-1,102,39,103,-1,102,103,104,-1,104,103,105,-1,104,105,106,-1,106,105,107,-1,106,107,108,-1,108,107,109,-1,108,109,110,-1,110,109,111,-1,110,111,112,-1,112,111,113,-1,112,113,114,-1,114,113,115,-1,114,115,116,-1,116,115,117,-1,116,117,118,-1,118,117,119,-1,118,119,1,-1,1,119,120,-1,1,120,58,-1,45,44,121,-1,121,44,122,-1,121,122,123,-1,123,122,124,-1,123,124,125,-1,125,124,126,-1,125,126,127,-1,127,126,128,-1,127,128,86,-1,86,128,129,-1,86,129,87,-1,5,130,3,-1,3,130,131,-1,3,131,132,-1,132,131,133,-1,132,133,134,-1,134,133,135,-1,134,135,91,-1,91,135,136,-1,91,136,92,-1,137,138,139,-1,55,140,56,-1,56,140,137,-1,56,137,141,-1,141,137,139,-1,142,143,137,-1,137,143,144,-1,137,144,138,-1,145,146,147,-1,146,148,147,-1,147,148,149,-1,147,149,150,-1,142,137,147,-1,147,137,151,-1,147,151,145,-1,152,67,153,-1,153,67,69,-1,153,69,154,-1,154,69,71,-1,154,71,155,-1,155,71,73,-1,155,73,156,-1,152,157,67,-1,67,157,158,-1,67,158,65,-1,65,158,159,-1,65,159,63,-1,63,159,160,-1,63,160,61,-1,61,160,161,-1,61,161,88,-1,88,161,162,-1,88,162,86,-1,86,162,163,-1,164,125,163,-1,163,125,127,-1,163,127,86,-1,164,165,125,-1,125,165,166,-1,125,166,123,-1,123,166,167,-1,123,167,121,-1,121,167,168,-1,121,168,45,-1,45,168,169,-1,45,169,43,-1,43,169,170,-1,43,170,41,-1,41,170,171,-1,41,171,6,-1,6,171,172,-1,6,172,48,-1,48,172,173,-1,48,173,12,-1,12,173,174,-1,12,174,5,-1,5,174,175,-1,5,175,130,-1,130,175,176,-1,130,176,131,-1,131,176,177,-1,131,177,133,-1,136,135,178,-1,178,135,133,-1,178,133,177,-1,178,179,136,-1,136,179,180,-1,136,180,92,-1,92,180,181,-1,181,182,92,-1,92,182,183,-1,92,183,94,-1,94,183,184,-1,94,184,96,-1,96,184,185,-1,96,185,98,-1,98,185,186,-1,98,186,100,-1,100,186,187,-1,100,187,101,-1,101,187,188,-1,101,188,10,-1,10,188,189,-1,10,189,11,-1,11,189,190,-1,11,190,0,-1,0,190,191,-1,0,191,1,-1,1,191,192,-1,1,192,118,-1,118,192,193,-1,118,193,116,-1,193,194,116,-1,116,194,195,-1,116,195,114,-1,114,195,196,-1,114,196,112,-1,112,196,197,-1,112,197,110,-1,110,197,198,-1,110,198,108,-1,198,199,108,-1,108,199,200,-1,108,200,106,-1,106,200,201,-1,106,201,104,-1,104,201,202,-1,104,202,102,-1,102,202,203,-1,102,203,40,-1,40,203,204,-1,40,204,38,-1,15,38,205,-1,205,38,204,-1,206,18,207,-1,207,18,15,-1,207,15,205,-1,19,18,208,-1,208,18,206,-1,209,20,210,-1,210,20,19,-1,210,19,208,-1,20,209,211,-1,20,211,51,-1,51,211,212,-1,51,212,33,-1,33,212,213,-1,33,213,34,-1,34,213,214,-1,34,214,35,-1,35,214,215,-1,35,215,23,-1,23,215,216,-1,23,216,25,-1,25,216,217,-1,25,217,27,-1,27,217,218,-1,27,218,29,-1,29,218,219,-1,29,219,2,-1,2,219,220,-1,2,220,9,-1,9,220,221,-1,9,221,99,-1,99,221,222,-1,99,222,97,-1,97,222,223,-1,97,223,95,-1,95,223,224,-1,95,224,93,-1,224,225,93,-1,93,225,91,-1,225,226,91,-1,91,226,227,-1,91,227,134,-1,134,227,228,-1,134,228,132,-1,228,229,132,-1,132,229,230,-1,132,230,3,-1,3,230,231,-1,3,231,4,-1,4,231,232,-1,4,232,46,-1,46,232,233,-1,46,233,47,-1,47,233,234,-1,47,234,49,-1,49,234,235,-1,49,235,50,-1,50,235,236,-1,50,236,7,-1,7,236,237,-1,7,237,8,-1,8,237,238,-1,8,238,42,-1,42,238,239,-1,42,239,44,-1,44,239,240,-1,44,240,122,-1,122,240,241,-1,122,241,124,-1,124,241,242,-1,124,242,126,-1,126,242,243,-1,126,243,128,-1,244,59,245,-1,245,59,90,-1,245,90,246,-1,246,90,89,-1,246,89,247,-1,247,89,87,-1,247,87,248,-1,248,87,129,-1,248,129,249,-1,249,129,128,-1,249,128,250,-1,250,128,243,-1,60,59,251,-1,251,59,244,-1,60,251,252,-1,60,252,62,-1,62,252,253,-1,62,253,64,-1,64,253,254,-1,64,254,66,-1,66,254,255,-1,66,255,68,-1,68,255,256,-1,68,256,70,-1,256,257,70,-1,70,257,258,-1,70,258,72,-1,72,258,259,-1,72,259,74,-1,74,259,260,-1,74,260,76,-1,76,260,261,-1,76,261,78,-1,78,261,262,-1,78,262,80,-1,80,262,263,-1,80,263,82,-1,82,263,264,-1,82,264,84,-1,84,264,265,-1,84,265,85,-1,85,265,266,-1,85,266,53,-1,55,53,267,-1,267,53,266,-1,55,267,268,-1,55,268,140,-1,140,268,269,-1,140,269,137,-1,137,269,270,-1,137,270,151,-1,151,270,271,-1,151,271,145,-1,145,271,272,-1,145,272,146,-1,146,272,273,-1,146,273,148,-1,148,273,274,-1,148,274,149,-1,149,274,275,-1,149,275,150,-1,150,275,276,-1,150,276,147,-1,147,276,277,-1,147,277,142,-1,142,277,278,-1,142,278,143,-1,143,278,279,-1,143,279,144,-1,144,279,280,-1,144,280,138,-1,138,280,281,-1,138,281,139,-1,139,281,282,-1,139,282,141,-1,141,282,283,-1,141,283,56,-1,56,283,284,-1,56,284,54,-1,52,54,285,-1,285,54,284,-1,52,285,286,-1,52,286,83,-1,83,286,287,-1,83,287,81,-1,81,287,288,-1,81,288,79,-1,79,288,289,-1,79,289,77,-1,77,289,290,-1,77,290,75,-1,75,290,156,-1,75,156,73,-1,21,291,292,-1,21,292,13,-1,13,292,293,-1,13,293,14,-1,14,293,294,-1,14,294,16,-1,16,294,295,-1,16,295,17,-1,17,295,296,-1,17,296,36,-1,36,296,297,-1,36,297,37,-1,37,297,298,-1,37,298,39,-1,39,298,299,-1,39,299,103,-1,103,299,300,-1,103,300,105,-1,105,300,301,-1,105,301,107,-1,107,301,302,-1,107,302,109,-1,109,302,303,-1,109,303,111,-1,111,303,304,-1,111,304,113,-1,113,304,305,-1,113,305,115,-1,115,305,306,-1,115,306,117,-1,117,306,307,-1,117,307,119,-1,119,307,308,-1,119,308,120,-1,120,308,309,-1,120,309,58,-1,58,309,310,-1,58,310,57,-1,57,310,311,-1,57,311,32,-1,32,311,312,-1,32,312,31,-1,31,312,313,-1,31,313,30,-1,30,313,314,-1,30,314,28,-1,28,314,315,-1,28,315,26,-1,26,315,316,-1,26,316,24,-1,24,316,317,-1,24,317,22,-1,22,317,291,-1,22,291,21,-1,
        ]
    }
}
Shape{
    appearance Appearance {
        material  Material {
            diffuseColor 0.20784313725490197 0.20784313725490197 0.20784313725490197
            specularColor 0.01568627450980392 0.01568627450980392 0.01568627450980392
            ambientIntensity 0.298
            transparency 0.0
            shininess 0.5
        }
    }
    geometry IndexedFaceSet {
        ccw TRUE
        solid FALSE
        coord DEF co Coordinate {
            point [
                -0.1611 -0.0498 0.3937, -0.1695 -0.0269 0.3937, -0.1708 -0.0283 0.3937, -0.1572 -0.0494 0.3937, -0.1542 -0.0483 0.3937, -0.1577 -0.0237 0.3937, -0.1606 -0.0234 0.3937, -0.1639 -0.0239 0.3937, -0.1668 -0.025 0.3937, -0.1731 -0.0408 0.3937, -0.1718 -0.0436 0.3937, -0.1698 -0.046 0.3937, -0.1606 -0.0499 0.3937, -0.1726 -0.0311 0.3937, -0.1736 -0.0343 0.3937, -0.1737 -0.0376 0.3937, -0.1672 -0.048 0.3937, -0.1642 -0.0494 0.3937, -0.1517 -0.0464 0.3937, -0.1498 -0.0443 0.3937, -0.1482 -0.0414 0.3937, -0.1474 -0.0382 0.3937, -0.1474 -0.0351 0.3937, -0.1482 -0.0319 0.3937, -0.1497 -0.0291 0.3937, -0.1519 -0.0267 0.3937, -0.1546 -0.0249 0.3937
            ]
        }
        coordIndex [
            0,1,2,-1,3,4,5,-1,6,7,0,-1,0,7,8,-1,0,8,1,-1,9,10,2,-1,2,10,11,-1,6,0,5,-1,5,0,12,-1,5,12,3,-1,13,14,2,-1,2,14,15,-1,2,15,9,-1,11,16,2,-1,2,16,17,-1,2,17,0,-1,4,18,5,-1,5,18,19,-1,5,19,20,-1,20,21,5,-1,5,21,22,-1,5,22,23,-1,23,24,5,-1,5,24,25,-1,5,25,26,-1,
        ]
    }
}
Shape{
    appearance Appearance {
        material  Material {
            diffuseColor 1.0 1.0 1.0
            specularColor 0.5019607843137255 0.5019607843137255 0.5019607843137255
            ambientIntensity 1.0
            transparency 0.0
            shininess 0.5
        }
    }
    geometry IndexedFaceSet {
        ccw TRUE
        solid FALSE
        coord DEF co Coordinate {
            point [
                0.1571 0.0641 0.3976, 0.1622 0.0672 0.3976, 0.1555 0.0656 0.3976, 0.16 0.0693 0.3976, 0.1519 0.0681 0.3976, 0.1556 0.0724 0.3976, 0.1477 0.0695 0.3976, 0.1499 0.0747 0.3976, 0.1418 0.0701 0.3976, 0.142 0.0756 0.3976, 0.1346 0.0701 0.3976, 0.1284 0.0756 0.3976, 0.1346 0.0334 0.3976, 0.1284 0.0279 0.3976, 0.1415 0.0334 0.3976, 0.1415 0.0279 0.3976, 0.1474 0.034 0.3976, 0.1495 0.0289 0.3976, 0.1515 0.0354 0.3976, 0.155 0.031 0.3976, 0.1547 0.0375 0.3976, 0.1596 0.0342 0.3976, 0.1557 0.0384 0.3976, 0.16 0.0346 0.3976, 0.1582 0.0415 0.3976, 0.1634 0.0386 0.3976, 0.1598 0.0451 0.3976, 0.1658 0.0435 0.3976, 0.1606 0.0495 0.3976, 0.1671 0.049 0.3976, 0.1608 0.0522 0.3976, 0.1672 0.0524 0.3976, 0.1602 0.0578 0.3976, 0.1666 0.0582 0.3976, 0.1589 0.0614 0.3976, 0.165 0.0629 0.3976, 0.16 0.0346 0.3937, 0.1634 0.0386 0.3937, 0.1658 0.0435 0.3937, 0.1671 0.049 0.3937, 0.1672 0.0524 0.3937, 0.1666 0.0582 0.3937, 0.165 0.0629 0.3937, 0.1622 0.0672 0.3937, 0.16 0.0693 0.3937, 0.142 0.0756 0.3937, 0.1556 0.0724 0.3937, 0.1503 0.0745 0.3937, 0.1499 0.0747 0.3937, 0.1284 0.0756 0.3937, 0.1284 0.0279 0.3937, 0.1415 0.0279 0.3937, 0.1495 0.0289 0.3937, 0.1503 0.0292 0.3937, 0.155 0.031 0.3937, 0.1596 0.0342 0.3937, 0.1555 0.0656 0.3937, 0.1571 0.0641 0.3937, 0.1589 0.0614 0.3937, 0.1602 0.0578 0.3937, 0.1608 0.0522 0.3937, 0.1418 0.0701 0.3937, 0.1477 0.0695 0.3937, 0.1519 0.0681 0.3937, 0.1346 0.0701 0.3937, 0.1346 0.0334 0.3937, 0.1415 0.0334 0.3937, 0.1557 0.0384 0.3937, 0.1547 0.0375 0.3937, 0.1515 0.0354 0.3937, 0.1474 0.034 0.3937, 0.1606 0.0495 0.3937, 0.1598 0.0451 0.3937, 0.1582 0.0415 0.3937
            ]
        }
        coordIndex [
            0,1,2,-1,2,1,3,-1,2,3,4,-1,4,3,5,-1,4,5,6,-1,6,5,7,-1,6,7,8,-1,8,7,9,-1,8,9,10,-1,10,9,11,-1,10,11,12,-1,12,11,13,-1,12,13,14,-1,14,13,15,-1,14,15,16,-1,16,15,17,-1,16,17,18,-1,18,17,19,-1,18,19,20,-1,20,19,21,-1,20,21,22,-1,22,21,23,-1,22,23,24,-1,24,23,25,-1,24,25,26,-1,26,25,27,-1,26,27,28,-1,28,27,29,-1,28,29,30,-1,30,29,31,-1,30,31,32,-1,32,31,33,-1,32,33,34,-1,34,33,35,-1,34,35,0,-1,0,35,1,-1,23,36,37,-1,23,37,25,-1,25,37,38,-1,25,38,27,-1,27,38,39,-1,27,39,29,-1,29,39,40,-1,29,40,31,-1,31,40,41,-1,31,41,33,-1,33,41,42,-1,33,42,35,-1,35,42,43,-1,35,43,1,-1,1,43,44,-1,1,44,3,-1,45,9,7,-1,3,44,46,-1,3,46,5,-1,5,46,47,-1,5,47,7,-1,7,47,48,-1,7,48,45,-1,11,9,49,-1,49,9,45,-1,13,11,50,-1,50,11,49,-1,15,13,51,-1,51,13,50,-1,15,51,52,-1,15,52,17,-1,17,52,53,-1,17,53,19,-1,53,54,19,-1,19,54,55,-1,19,55,21,-1,21,55,36,-1,21,36,23,-1,2,56,57,-1,2,57,0,-1,0,57,58,-1,0,58,34,-1,34,58,59,-1,34,59,32,-1,32,59,60,-1,32,60,30,-1,8,61,62,-1,8,62,6,-1,6,62,63,-1,6,63,4,-1,4,63,56,-1,4,56,2,-1,8,10,61,-1,61,10,64,-1,10,12,64,-1,64,12,65,-1,12,14,65,-1,65,14,66,-1,22,67,68,-1,22,68,20,-1,20,68,69,-1,20,69,18,-1,18,69,70,-1,18,70,16,-1,16,70,66,-1,16,66,14,-1,30,60,71,-1,30,71,28,-1,28,71,72,-1,28,72,26,-1,26,72,73,-1,26,73,24,-1,24,73,67,-1,24,67,22,-1,
        ]
    }
}
Shape{
    appearance Appearance {
        material  Material {
            diffuseColor 0.20784313725490197 0.20784313725490197 0.20784313725490197
            specularColor 0.01568627450980392 0.01568627450980392 0.01568627450980392
            ambientIntensity 0.298
            transparency 0.0
            shininess 0.5
        }
    }
    geometry IndexedFaceSet {
        ccw TRUE
        solid FALSE
        coord DEF co Coordinate {
            point [
                0.1346 0.0701 0.3937, 0.1346 0.0334 0.3937, 0.1418 0.0701 0.3937, 0.1415 0.0334 0.3937, 0.1474 0.034 0.3937, 0.1515 0.0354 0.3937, 0.1547 0.0375 0.3937, 0.1557 0.0384 0.3937, 0.1582 0.0415 0.3937, 0.1598 0.0451 0.3937, 0.1606 0.0495 0.3937, 0.1608 0.0522 0.3937, 0.1602 0.0578 0.3937, 0.1589 0.0614 0.3937, 0.1571 0.0641 0.3937, 0.1555 0.0656 0.3937, 0.1477 0.0695 0.3937, 0.1519 0.0681 0.3937
            ]
        }
        coordIndex [
            0,1,2,-1,2,1,3,-1,2,3,4,-1,4,5,2,-1,2,5,6,-1,2,6,7,-1,7,8,2,-1,2,8,9,-1,2,9,10,-1,10,11,2,-1,2,11,12,-1,2,12,13,-1,13,14,2,-1,2,14,15,-1,2,15,16,-1,16,15,17,-1,
        ]
    }
}
Shape{
    appearance Appearance {
        material  Material {
            diffuseColor 1.0 1.0 1.0
            specularColor 0.5019607843137255 0.5019607843137255 0.5019607843137255
            ambientIntensity 1.0
            transparency 0.0
            shininess 0.5
        }
    }
    geometry IndexedFaceSet {
        ccw TRUE
        solid FALSE
        coord DEF co Coordinate {
            point [
                0.0719 0.0326 0.3976, 0.0719 0.0326 0.3937, 0.0671 0.0332 0.3937, 0.0671 0.0332 0.3976, 0.0637 0.0346 0.3937, 0.0637 0.0346 0.3976, 0.0606 0.0368 0.3937, 0.0606 0.0368 0.3976, 0.0597 0.0376 0.3937, 0.0597 0.0376 0.3976, 0.0573 0.0411 0.3937, 0.0573 0.0411 0.3976, 0.0558 0.0449 0.3937, 0.0558 0.0449 0.3976, 0.055 0.0508 0.3937, 0.055 0.0508 0.3976, 0.055 0.0512 0.3937, 0.055 0.0512 0.3976, 0.0556 0.0571 0.3937, 0.0556 0.0571 0.3976, 0.0571 0.0614 0.3937, 0.0571 0.0614 0.3976, 0.0593 0.0648 0.3937, 0.0593 0.0648 0.3976, 0.06 0.0656 0.3937, 0.06 0.0656 0.3976, 0.0631 0.0681 0.3937, 0.0631 0.0681 0.3976, 0.0668 0.0699 0.3937, 0.0668 0.0699 0.3976, 0.0709 0.0708 0.3937, 0.0709 0.0708 0.3976, 0.073 0.0709 0.3937, 0.073 0.0709 0.3976, 0.0785 0.0703 0.3937, 0.0785 0.0703 0.3976, 0.0834 0.0685 0.3937, 0.0834 0.0685 0.3976, 0.0842 0.068 0.3937, 0.0842 0.068 0.3976, 0.0842 0.0745 0.3976, 0.0842 0.0745 0.3937, 0.0796 0.0759 0.3937, 0.0796 0.0759 0.3976, 0.0734 0.0764 0.3937, 0.0734 0.0764 0.3976, 0.073 0.0764 0.3937, 0.073 0.0764 0.3976, 0.067 0.0758 0.3937, 0.067 0.0758 0.3976, 0.0619 0.0741 0.3937, 0.0619 0.0741 0.3976, 0.0571 0.071 0.3937, 0.0571 0.071 0.3976, 0.0554 0.0694 0.3937, 0.0554 0.0694 0.3976, 0.0522 0.0652 0.3937, 0.0522 0.0652 0.3976, 0.0507 0.0619 0.3937, 0.0498 0.06 0.3976, 0.0498 0.06 0.3937, 0.0487 0.0539 0.3937, 0.0487 0.0539 0.3976, 0.0486 0.0509 0.3937, 0.0486 0.0509 0.3976, 0.0495 0.0432 0.3937, 0.0495 0.0432 0.3976, 0.0507 0.0401 0.3937, 0.0514 0.0382 0.3976, 0.0514 0.0382 0.3937, 0.0542 0.0342 0.3937, 0.0542 0.0342 0.3976, 0.0547 0.0337 0.3937, 0.0547 0.0337 0.3976, 0.0711 0.0271 0.3937, 0.0711 0.0271 0.3976, 0.0681 0.0273 0.3976, 0.0585 0.0305 0.3937, 0.0585 0.0305 0.3976, 0.063 0.0284 0.3937, 0.063 0.0284 0.3976, 0.0669 0.0275 0.3937, 0.0681 0.0273 0.3937, 0.0783 0.0278 0.3976, 0.0753 0.0275 0.3937, 0.0783 0.0278 0.3937, 0.0834 0.0295 0.3937, 0.0834 0.0295 0.3976, 0.0842 0.0299 0.3937, 0.0842 0.0299 0.3976, 0.0842 0.0358 0.3976, 0.0842 0.0358 0.3937, 0.0797 0.0338 0.3937, 0.0797 0.0338 0.3976, 0.0744 0.0327 0.3937, 0.0744 0.0327 0.3976, 0.2429 -0.0292 0.3976, 0.2409 -0.0346 0.3976, 0.2589 -0.0292 0.3976, 0.2608 -0.0346 0.3976, 0.25 -0.0094 0.3976, 0.2477 0.0 0.3976, 0.2296 -0.0477 0.3976, 0.2364 -0.0477 0.3976, 0.2504 -0.008 0.3976, 0.2508 -0.0061 0.3976, 0.2543 0.0 0.3976, 0.2509 -0.0061 0.3976, 0.2513 -0.0081 0.3976, 0.2517 -0.0094 0.3976, 0.2725 -0.0477 0.3976, 0.2657 -0.0477 0.3976, 0.2477 0.0 0.3937, 0.2543 0.0 0.3937, 0.2296 -0.0477 0.3937, 0.2364 -0.0477 0.3937, 0.2409 -0.0346 0.3937, 0.2608 -0.0346 0.3937, 0.2657 -0.0477 0.3937, 0.2725 -0.0477 0.3937, 0.25 -0.0094 0.3937, 0.2504 -0.008 0.3937, 0.2508 -0.0061 0.3937, 0.2429 -0.0292 0.3937, 0.2589 -0.0292 0.3937, 0.2517 -0.0094 0.3937, 0.2509 -0.0061 0.3937, 0.2513 -0.0081 0.3937
            ]
        }
        coordIndex [
            0,1,2,-1,0,2,3,-1,3,2,4,-1,3,4,5,-1,5,4,6,-1,5,6,7,-1,7,6,8,-1,7,8,9,-1,9,8,10,-1,9,10,11,-1,11,10,12,-1,11,12,13,-1,13,12,14,-1,13,14,15,-1,15,14,16,-1,15,16,17,-1,17,16,18,-1,17,18,19,-1,19,18,20,-1,19,20,21,-1,21,20,22,-1,21,22,23,-1,23,22,24,-1,23,24,25,-1,25,24,26,-1,25,26,27,-1,27,26,28,-1,27,28,29,-1,29,28,30,-1,29,30,31,-1,31,30,32,-1,31,32,33,-1,33,32,34,-1,33,34,35,-1,35,34,36,-1,35,36,37,-1,37,36,38,-1,37,38,39,-1,40,39,41,-1,41,39,38,-1,40,41,42,-1,40,42,43,-1,43,42,44,-1,43,44,45,-1,45,44,46,-1,45,46,47,-1,47,46,48,-1,47,48,49,-1,49,48,50,-1,49,50,51,-1,51,50,52,-1,51,52,53,-1,53,52,54,-1,53,54,55,-1,55,54,56,-1,55,56,57,-1,57,56,58,-1,57,58,59,-1,58,60,59,-1,59,60,61,-1,59,61,62,-1,62,61,63,-1,62,63,64,-1,64,63,65,-1,64,65,66,-1,66,65,67,-1,66,67,68,-1,67,69,68,-1,68,69,70,-1,68,70,71,-1,71,70,72,-1,71,72,73,-1,74,75,76,-1,73,72,77,-1,73,77,78,-1,78,77,79,-1,78,79,80,-1,80,79,81,-1,80,81,76,-1,76,81,82,-1,76,82,74,-1,75,74,83,-1,83,74,84,-1,84,85,83,-1,83,85,86,-1,83,86,87,-1,87,86,88,-1,87,88,89,-1,90,89,91,-1,91,89,88,-1,90,91,92,-1,90,92,93,-1,93,92,94,-1,93,94,95,-1,95,94,1,-1,95,1,0,-1,37,39,40,-1,19,21,57,-1,89,90,87,-1,87,90,93,-1,87,93,83,-1,83,93,95,-1,83,95,75,-1,75,95,0,-1,75,0,76,-1,76,0,3,-1,76,3,80,-1,80,3,5,-1,80,5,78,-1,78,5,7,-1,78,7,73,-1,73,7,9,-1,73,9,71,-1,71,9,11,-1,71,11,68,-1,68,11,66,-1,66,11,13,-1,66,13,64,-1,57,21,55,-1,37,40,35,-1,35,40,43,-1,35,43,33,-1,33,43,45,-1,33,45,31,-1,31,45,47,-1,31,47,29,-1,29,47,49,-1,29,49,27,-1,49,51,27,-1,27,51,53,-1,27,53,25,-1,25,53,55,-1,25,55,23,-1,23,55,21,-1,13,15,64,-1,64,15,17,-1,64,17,62,-1,62,17,19,-1,62,19,59,-1,59,19,57,-1,96,97,98,-1,98,97,99,-1,100,101,96,-1,96,101,102,-1,96,102,97,-1,97,102,103,-1,100,104,101,-1,101,104,105,-1,101,105,106,-1,106,105,107,-1,106,107,108,-1,108,109,106,-1,106,109,98,-1,106,98,110,-1,110,98,99,-1,110,99,111,-1,101,106,112,-1,112,106,113,-1,102,101,114,-1,114,101,112,-1,103,102,115,-1,115,102,114,-1,97,103,116,-1,116,103,115,-1,99,97,117,-1,117,97,116,-1,111,99,118,-1,118,99,117,-1,110,111,119,-1,119,111,118,-1,106,110,113,-1,113,110,119,-1,100,120,121,-1,100,121,104,-1,104,121,122,-1,104,122,105,-1,100,96,120,-1,120,96,123,-1,96,98,123,-1,123,98,124,-1,98,109,124,-1,124,109,125,-1,107,126,127,-1,107,127,108,-1,108,127,125,-1,108,125,109,-1,107,105,126,-1,126,105,122,-1,
        ]
    }
}
Shape{
    appearance Appearance {
        material  Material {
            diffuseColor 0.20784313725490197 0.20784313725490197 0.20784313725490197
            specularColor 0.01568627450980392 0.01568627450980392 0.01568627450980392
            ambientIntensity 0.298
            transparency 0.0
            shininess 0.5
        }
    }
    geometry IndexedFaceSet {
        ccw TRUE
        solid FALSE
        coord DEF co Coordinate {
            point [
                0.2509 -0.0061 0.3937, 0.2508 -0.0061 0.3937, 0.2513 -0.0081 0.3937, 0.2504 -0.008 0.3937, 0.2517 -0.0094 0.3937, 0.25 -0.0094 0.3937, 0.2589 -0.0292 0.3937, 0.2429 -0.0292 0.3937
            ]
        }
        coordIndex [
            0,1,2,-1,2,1,3,-1,2,3,4,-1,4,3,5,-1,4,5,6,-1,6,5,7,-1,
        ]
    }
}
Shape{
    appearance Appearance {
        material  Material {
            diffuseColor 1.0 1.0 1.0
            specularColor 0.5019607843137255 0.5019607843137255 0.5019607843137255
            ambientIntensity 1.0
            transparency 0.0
            shininess 0.5
        }
    }
    geometry IndexedFaceSet {
        ccw TRUE
        solid FALSE
        coord DEF co Coordinate {
            point [
                0.1791 -0.0422 0.3976, 0.1791 -0.0422 0.3937, 0.1706 -0.0422 0.3937, 0.1596 -0.0422 0.3976, 0.1686 -0.0422 0.3937, 0.1596 -0.0422 0.3937, 0.1596 -0.0262 0.3976, 0.1596 -0.0262 0.3937, 0.1767 -0.0262 0.3976, 0.1686 -0.0262 0.3937, 0.1706 -0.0262 0.3937, 0.1767 -0.0262 0.3937, 0.1767 -0.0207 0.3976, 0.1767 -0.0207 0.3937, 0.1596 -0.0207 0.3937, 0.1596 -0.0207 0.3976, 0.1686 -0.0207 0.3937, 0.1706 -0.0207 0.3937, 0.1596 -0.0055 0.3976, 0.1596 -0.0055 0.3937, 0.1686 -0.0055 0.3937, 0.178 -0.0055 0.3976, 0.1706 -0.0055 0.3937, 0.178 -0.0055 0.3937, 0.178 0.0 0.3976, 0.178 0.0 0.3937, 0.1535 0.0 0.3937, 0.1535 0.0 0.3976, 0.1686 0.0 0.3937, 0.1706 0.0 0.3937, 0.1535 -0.0477 0.3976, 0.1535 -0.0477 0.3937, 0.1791 -0.0477 0.3976, 0.1686 -0.0477 0.3937, 0.1706 -0.0477 0.3937, 0.1791 -0.0477 0.3937, 0.0276 -0.0422 0.3937, 0.0276 -0.0422 0.3976, 0.0469 -0.0422 0.3937, 0.0471 -0.0422 0.3976, 0.0471 -0.0422 0.3937, 0.0276 -0.0262 0.3976, 0.0276 -0.0262 0.3937, 0.0447 -0.0262 0.3976, 0.0447 -0.0262 0.3937, 0.0447 -0.0207 0.3976, 0.0447 -0.0207 0.3937, 0.0276 -0.0207 0.3976, 0.0276 -0.0207 0.3937, 0.0276 -0.0055 0.3976, 0.0276 -0.0055 0.3937, 0.046 -0.0055 0.3976, 0.046 -0.0055 0.3937, 0.046 0.0 0.3976, 0.046 0.0 0.3937, 0.0215 0.0 0.3976, 0.0215 0.0 0.3937, 0.0215 -0.0477 0.3976, 0.0215 -0.0477 0.3937, 0.0471 -0.0477 0.3937, 0.0471 -0.0477 0.3976, 0.0469 -0.0477 0.3937, 0.1832 0.0464 0.3976, 0.1813 0.041 0.3976, 0.1992 0.0464 0.3976, 0.2011 0.041 0.3976, 0.1903 0.0662 0.3976, 0.188 0.0756 0.3976, 0.1699 0.0279 0.3976, 0.1767 0.0279 0.3976, 0.1907 0.0676 0.3976, 0.1911 0.0695 0.3976, 0.1946 0.0756 0.3976, 0.1913 0.0695 0.3976, 0.1916 0.0675 0.3976, 0.192 0.0662 0.3976, 0.2128 0.0279 0.3976, 0.206 0.0279 0.3976, 0.188 0.0756 0.3937, 0.1946 0.0756 0.3937, 0.1706 0.0298 0.3937, 0.1699 0.0279 0.3937, 0.1836 0.064 0.3937, 0.1767 0.0279 0.3937, 0.1706 0.0279 0.3937, 0.1813 0.041 0.3937, 0.2011 0.041 0.3937, 0.1836 0.041 0.3937, 0.206 0.0279 0.3937, 0.2128 0.0279 0.3937, 0.1903 0.0662 0.3937, 0.1907 0.0676 0.3937, 0.1911 0.0695 0.3937, 0.1832 0.0464 0.3937, 0.1992 0.0464 0.3937, 0.192 0.0662 0.3937, 0.1913 0.0695 0.3937, 0.1916 0.0675 0.3937
            ]
        }
        coordIndex [
            0,1,2,-1,0,2,3,-1,3,2,4,-1,3,4,5,-1,6,3,7,-1,7,3,5,-1,8,6,7,-1,7,9,8,-1,8,9,10,-1,8,10,11,-1,12,8,13,-1,13,8,11,-1,14,15,16,-1,16,15,12,-1,16,12,17,-1,17,12,13,-1,18,15,19,-1,19,15,14,-1,18,19,20,-1,18,20,21,-1,21,20,22,-1,21,22,23,-1,24,21,25,-1,25,21,23,-1,26,27,28,-1,28,27,24,-1,28,24,29,-1,29,24,25,-1,30,27,31,-1,31,27,26,-1,32,30,31,-1,31,33,32,-1,32,33,34,-1,32,34,35,-1,0,32,1,-1,1,32,35,-1,30,32,0,-1,0,3,30,-1,30,3,6,-1,30,6,27,-1,21,24,18,-1,18,24,27,-1,18,27,15,-1,15,27,6,-1,15,6,12,-1,12,6,8,-1,36,37,38,-1,38,37,39,-1,38,39,40,-1,41,37,42,-1,42,37,36,-1,43,41,44,-1,44,41,42,-1,45,43,46,-1,46,43,44,-1,47,45,48,-1,48,45,46,-1,49,47,50,-1,50,47,48,-1,51,49,52,-1,52,49,50,-1,53,51,54,-1,54,51,52,-1,55,53,56,-1,56,53,54,-1,57,55,58,-1,58,55,56,-1,59,60,61,-1,61,60,57,-1,61,57,58,-1,39,60,40,-1,40,60,59,-1,57,60,39,-1,39,37,57,-1,57,37,41,-1,57,41,55,-1,51,53,49,-1,49,53,55,-1,49,55,47,-1,47,55,41,-1,47,41,45,-1,45,41,43,-1,62,63,64,-1,64,63,65,-1,66,67,62,-1,62,67,68,-1,62,68,63,-1,63,68,69,-1,66,70,67,-1,67,70,71,-1,67,71,72,-1,72,71,73,-1,72,73,74,-1,74,75,72,-1,72,75,64,-1,72,64,76,-1,76,64,65,-1,76,65,77,-1,67,72,78,-1,78,72,79,-1,80,81,68,-1,80,68,82,-1,82,68,67,-1,82,67,78,-1,83,69,84,-1,84,69,68,-1,84,68,81,-1,63,69,85,-1,85,69,83,-1,86,65,87,-1,87,65,63,-1,87,63,85,-1,77,65,88,-1,88,65,86,-1,76,77,89,-1,89,77,88,-1,72,76,79,-1,79,76,89,-1,66,90,91,-1,66,91,70,-1,70,91,92,-1,70,92,71,-1,66,62,90,-1,90,62,93,-1,62,64,93,-1,93,64,94,-1,64,75,94,-1,94,75,95,-1,73,96,97,-1,73,97,74,-1,74,97,95,-1,74,95,75,-1,73,71,96,-1,96,71,92,-1,
        ]
    }
}
Shape{
    appearance Appearance {
        material  Material {
            diffuseColor 0.20784313725490197 0.20784313725490197 0.20784313725490197
            specularColor 0.01568627450980392 0.01568627450980392 0.01568627450980392
            ambientIntensity 0.298
            transparency 0.0
            shininess 0.5
        }
    }
    geometry IndexedFaceSet {
        ccw TRUE
        solid FALSE
        coord DEF co Coordinate {
            point [
                0.1913 0.0695 0.3937, 0.1911 0.0695 0.3937, 0.1916 0.0675 0.3937, 0.1907 0.0676 0.3937, 0.192 0.0662 0.3937, 0.1903 0.0662 0.3937, 0.1992 0.0464 0.3937, 0.1832 0.0464 0.3937
            ]
        }
        coordIndex [
            0,1,2,-1,2,1,3,-1,2,3,4,-1,4,3,5,-1,4,5,6,-1,6,5,7,-1,
        ]
    }
}
Shape{
    appearance Appearance {
        material  Material {
            diffuseColor 1.0 1.0 1.0
            specularColor 0.5019607843137255 0.5019607843137255 0.5019607843137255
            ambientIntensity 1.0
            transparency 0.0
            shininess 0.5
        }
    }
    geometry IndexedFaceSet {
        ccw TRUE
        solid FALSE
        coord DEF co Coordinate {
            point [
                0.0999 0.0334 0.3937, 0.0999 0.0334 0.3976, 0.1128 0.0334 0.3937, 0.1194 0.0334 0.3976, 0.1194 0.0334 0.3937, 0.0999 0.0494 0.3976, 0.0999 0.0494 0.3937, 0.117 0.0494 0.3976, 0.1128 0.0494 0.3937, 0.117 0.0494 0.3937, 0.117 0.0549 0.3976, 0.117 0.0549 0.3937, 0.0999 0.0549 0.3937, 0.0999 0.0549 0.3976, 0.1128 0.0549 0.3937, 0.0999 0.0701 0.3976, 0.0999 0.0701 0.3937, 0.1183 0.0701 0.3976, 0.1128 0.0701 0.3937, 0.1183 0.0701 0.3937, 0.1183 0.0756 0.3976, 0.1183 0.0756 0.3937, 0.0938 0.0756 0.3937, 0.0938 0.0756 0.3976, 0.1128 0.0756 0.3937, 0.0938 0.0279 0.3976, 0.0938 0.0279 0.3937, 0.1194 0.0279 0.3976, 0.1128 0.0279 0.3937, 0.1194 0.0279 0.3937, 0.0276 0.0334 0.3976, 0.0466 0.0334 0.3976, 0.0276 0.0334 0.3937, 0.0466 0.0334 0.3937, 0.0276 0.0756 0.3976, 0.0276 0.0756 0.3937, 0.0215 0.0756 0.3976, 0.0215 0.0756 0.3937, 0.0215 0.0279 0.3976, 0.0215 0.0279 0.3937, 0.0466 0.0279 0.3976, 0.0466 0.0279 0.3937
            ]
        }
        coordIndex [
            0,1,2,-1,2,1,3,-1,2,3,4,-1,5,1,6,-1,6,1,0,-1,5,6,7,-1,7,6,8,-1,7,8,9,-1,10,7,11,-1,11,7,9,-1,12,13,14,-1,14,13,10,-1,14,10,11,-1,15,13,16,-1,16,13,12,-1,15,16,17,-1,17,16,18,-1,17,18,19,-1,20,17,21,-1,21,17,19,-1,22,23,24,-1,24,23,20,-1,24,20,21,-1,25,23,26,-1,26,23,22,-1,25,26,27,-1,27,26,28,-1,27,28,29,-1,3,27,4,-1,4,27,29,-1,25,27,3,-1,3,1,25,-1,25,1,5,-1,25,5,23,-1,17,20,15,-1,15,20,23,-1,15,23,13,-1,13,23,5,-1,13,5,10,-1,10,5,7,-1,30,31,32,-1,32,31,33,-1,34,30,35,-1,35,30,32,-1,36,34,37,-1,37,34,35,-1,38,36,39,-1,39,36,37,-1,40,38,41,-1,41,38,39,-1,31,40,33,-1,33,40,41,-1,34,36,30,-1,30,36,38,-1,30,38,31,-1,31,38,40,-1,
        ]
    }
}